Сборка начата 30.08.2026 3:03:23.
Уровень детализации журнала: Normal.
     1>Проект "D:\STSoC-3.0\STSoC-Engine.sln" в узле 1 (целевые объекты Rebuild).
     1>ValidateSolutionConfiguration:
         Создание конфигурации решения "Release|x64".
     1>Проект "D:\STSoC-3.0\STSoC-Engine.sln" (1) выполняет сборку "D:\STSoC-3.0\3rd_party\Src\Xiph\libvorbis\win32\VS2010\libvorbis\libvorbis_static.vcxproj" (9) в узле 4 (целевые объекты Rebuild).
     9>_PrepareForClean:
         Файл "D:\STSoC-3.0\\3rd_party\_TEMP\Release\x64\libvorbis_static\libvorbis_static.tlog\libvorbis_static.lastbuildstate" удаляется.
     1>Проект "D:\STSoC-3.0\STSoC-Engine.sln" (1) выполняет сборку "D:\STSoC-3.0\3rd_party\Src\Xiph\libvorbis\win32\VS2010\libvorbisfile\libvorbisfile_static.vcxproj" (8) в узле 2 (целевые объекты Rebuild).
     8>_PrepareForClean:
         Файл "D:\STSoC-3.0\\3rd_party\_TEMP\Release\x64\libvorbisfile_static\libvorbi.CEBDE98B.tlog\libvorbisfile_static.lastbuildstate" удаляется.
     1>Проект "D:\STSoC-3.0\STSoC-Engine.sln" (1) выполняет сборку "D:\STSoC-3.0\3rd_party\Src\Xiph\libtheora\win32\VS2010\libtheora_static.vcxproj" (10) в узле 3 (целевые объекты Rebuild).
    10>_PrepareForClean:
         Файл "D:\STSoC-3.0\\3rd_party\_TEMP\Release\x64\libtheora_static\libtheora_static.tlog\libtheora_static.lastbuildstate" удаляется.
     8>PrepareForBuild:
         Структурированный вывод включен. Форматирование диагностики компилятора будет отражать иерархию ошибок. Подробнее см. https://aka.ms/cpp/structured-output.
     9>PrepareForBuild:
         Структурированный вывод включен. Форматирование диагностики компилятора будет отражать иерархию ошибок. Подробнее см. https://aka.ms/cpp/structured-output.
     8>InitializeBuildStatus:
         Создание "D:\STSoC-3.0\\3rd_party\_TEMP\Release\x64\libvorbisfile_static\libvorbi.CEBDE98B.tlog\unsuccessfulbuild", так как было задано "AlwaysCreate".
         Обращение к "D:\STSoC-3.0\\3rd_party\_TEMP\Release\x64\libvorbisfile_static\libvorbi.CEBDE98B.tlog\unsuccessfulbuild".
     9>InitializeBuildStatus:
         Создание "D:\STSoC-3.0\\3rd_party\_TEMP\Release\x64\libvorbis_static\libvorbis_static.tlog\unsuccessfulbuild", так как было задано "AlwaysCreate".
         Обращение к "D:\STSoC-3.0\\3rd_party\_TEMP\Release\x64\libvorbis_static\libvorbis_static.tlog\unsuccessfulbuild".
     8>ComputeStdModulesCompileInputs:
         Чтение файла манифеста библиотеки "C:\Program Files\Microsoft Visual Studio\18\Insiders\VC\Tools\MSVC\14.51.36231\modules\modules.json", который предоставляет данные для библиотеки "microsoft/STL".
         Добавление источника модуля "C:\Program Files\Microsoft Visual Studio\18\Insiders\VC\Tools\MSVC\14.51.36231\modules\std.ixx" из библиотеки "microsoft/STL" для сборки с этим проектом.
         Добавление источника модуля "C:\Program Files\Microsoft Visual Studio\18\Insiders\VC\Tools\MSVC\14.51.36231\modules\std.compat.ixx" из библиотеки "microsoft/STL" для сборки с этим проектом.
     9>ComputeStdModulesCompileInputs:
         Чтение файла манифеста библиотеки "C:\Program Files\Microsoft Visual Studio\18\Insiders\VC\Tools\MSVC\14.51.36231\modules\modules.json", который предоставляет данные для библиотеки "microsoft/STL".
         Добавление источника модуля "C:\Program Files\Microsoft Visual Studio\18\Insiders\VC\Tools\MSVC\14.51.36231\modules\std.ixx" из библиотеки "microsoft/STL" для сборки с этим проектом.
         Добавление источника модуля "C:\Program Files\Microsoft Visual Studio\18\Insiders\VC\Tools\MSVC\14.51.36231\modules\std.compat.ixx" из библиотеки "microsoft/STL" для сборки с этим проектом.
     8>ClCompile:
         C:\Program Files\Microsoft Visual Studio\18\Insiders\VC\Tools\MSVC\14.51.36231\bin\HostX64\x64\CL.exe /c /I..\..\..\include /I..\..\..\..\libogg\include /I"..\..\..\..\libogg-1.3.2\include" /I..\..\..\..\libogg\include /I..\..\..\..\..\..\..\core\ogg\libogg\include /Zi /nologo /W0 /WX- /diagnostics:column /MP /O2 /Oi /Ot /Oy- /GT /GL /D NDEBUG /D _WINDOWS /D _USRDLL /D LIBVORBISFILE_EXPORTS /D _UNICODE /D UNICODE /GF /Gm- /MT /GS /Gy /fp:precise /Zc:wchar_t /Zc:forScope /Zc:inline /permissive- /Fo"D:\STSoC-3.0\\3rd_party\_TEMP\Release\x64\libvorbisfile_static\\" /Fd"D:\STSoC-3.0\\3rd_party\_TEMP\Release\x64\libvorbisfile_static\libvorbisfile_static.pdb" /external:W0 /Gd /TC /wd4456 /wd4457 /wd4458 /wd4577 /FC /errorReport:queue /Zc:__cplusplus /Ob3 ..\..\..\lib\vorbisfile.c
     9>ClCompile:
         C:\Program Files\Microsoft Visual Studio\18\Insiders\VC\Tools\MSVC\14.51.36231\bin\HostX64\x64\CL.exe /c /I..\..\..\include /I..\..\..\..\libogg\include /I"..\..\..\..\libogg-1.3.2\include" /I..\..\..\..\libogg\include /I..\..\..\..\..\..\..\core\ogg\libogg\include /Zi /nologo /W0 /WX- /diagnostics:column /MP /O2 /Oi /Ot /Oy- /GT /GL /D NDEBUG /D _WINDOWS /D _USRDLL /D LIBVORBIS_EXPORTS /D _UNICODE /D UNICODE /GF /Gm- /MT /GS /Gy /fp:precise /Zc:wchar_t /Zc:forScope /Zc:inline /permissive- /Fo"D:\STSoC-3.0\\3rd_party\_TEMP\Release\x64\libvorbis_static\\" /Fd"D:\STSoC-3.0\\3rd_party\_TEMP\Release\x64\libvorbis_static\libvorbis_static.pdb" /external:W0 /Gd /TC /wd4456 /wd4457 /wd4458 /wd4577 /FC /errorReport:queue /Zc:__cplusplus /Ob3 ..\..\..\lib\analysis.c ..\..\..\lib\bitrate.c ..\..\..\lib\block.c ..\..\..\lib\codebook.c ..\..\..\lib\envelope.c ..\..\..\lib\floor0.c ..\..\..\lib\floor1.c ..\..\..\lib\info.c ..\..\..\lib\lookup.c ..\..\..\lib\lpc.c ..\..\..\lib\lsp.c ..\..\..\lib\mapping0.c ..\..\..\lib\mdct.c ..\..\..\lib\psy.c ..\..\..\lib\registry.c ..\..\..\lib\res0.c ..\..\..\lib\sharedbook.c ..\..\..\lib\smallft.c ..\..\..\lib\synthesis.c ..\..\..\lib\vorbisenc.c ..\..\..\lib\window.c
    10>PrepareForBuild:
         Структурированный вывод включен. Форматирование диагностики компилятора будет отражать иерархию ошибок. Подробнее см. https://aka.ms/cpp/structured-output.
       InitializeBuildStatus:
         Создание "D:\STSoC-3.0\\3rd_party\_TEMP\Release\x64\libtheora_static\libtheora_static.tlog\unsuccessfulbuild", так как было задано "AlwaysCreate".
         Обращение к "D:\STSoC-3.0\\3rd_party\_TEMP\Release\x64\libtheora_static\libtheora_static.tlog\unsuccessfulbuild".
       ComputeStdModulesCompileInputs:
         Чтение файла манифеста библиотеки "C:\Program Files\Microsoft Visual Studio\18\Insiders\VC\Tools\MSVC\14.51.36231\modules\modules.json", который предоставляет данные для библиотеки "microsoft/STL".
         Добавление источника модуля "C:\Program Files\Microsoft Visual Studio\18\Insiders\VC\Tools\MSVC\14.51.36231\modules\std.ixx" из библиотеки "microsoft/STL" для сборки с этим проектом.
         Добавление источника модуля "C:\Program Files\Microsoft Visual Studio\18\Insiders\VC\Tools\MSVC\14.51.36231\modules\std.compat.ixx" из библиотеки "microsoft/STL" для сборки с этим проектом.
       ClCompile:
         C:\Program Files\Microsoft Visual Studio\18\Insiders\VC\Tools\MSVC\14.51.36231\bin\HostX64\x64\CL.exe /c /I..\..\include /I..\..\..\libogg\include /Zi /nologo /W0 /WX- /diagnostics:column /MP /O2 /Oi /Ot /Oy- /GT /GL /D NDEBUG /D _WINDOWS /D _USRDLL /D LIBTHEORA_EXPORTS /D _UNICODE /D UNICODE /GF /Gm- /MT /GS /Gy /fp:precise /Zc:wchar_t /Zc:forScope /Zc:inline /permissive- /Fo"D:\STSoC-3.0\\3rd_party\_TEMP\Release\x64\libtheora_static\\" /Fd"D:\STSoC-3.0\\3rd_party\_TEMP\Release\x64\libtheora_static\libtheora_static.pdb" /external:W0 /Gd /TC /wd4456 /wd4457 /wd4458 /wd4577 /FC /errorReport:queue /Zc:__cplusplus /Ob3 ..\..\lib\analyze.c ..\..\lib\apiwrapper.c ..\..\lib\bitpack.c ..\..\lib\decapiwrapper.c ..\..\lib\decinfo.c ..\..\lib\decode.c ..\..\lib\dequant.c ..\..\lib\encapiwrapper.c ..\..\lib\encfrag.c ..\..\lib\encinfo.c ..\..\lib\encode.c ..\..\lib\enquant.c ..\..\lib\fdct.c ..\..\lib\fragment.c ..\..\lib\huffdec.c ..\..\lib\huffenc.c ..\..\lib\idct.c ..\..\lib\info.c ..\..\lib\internal.c ..\..\lib\mathops.c ..\..\lib\mcenc.c ..\..\lib\quant.c ..\..\lib\rate.c ..\..\lib\state.c ..\..\lib\tokenize.c ..\..\lib\x86_vc\mmxencfrag.c ..\..\lib\x86_vc\mmxfrag.c ..\..\lib\x86_vc\mmxidct.c ..\..\lib\x86_vc\mmxstate.c ..\..\lib\x86_vc\x86enc.c ..\..\lib\x86_vc\x86state.c
     1>Проект "D:\STSoC-3.0\STSoC-Engine.sln" (1) выполняет сборку "D:\STSoC-3.0\ogsr_engine\xr_3da\XR_3DA.vcxproj.metaproj" (6) в узле 1 (целевые объекты Rebuild).
     6>Проект "D:\STSoC-3.0\ogsr_engine\xr_3da\XR_3DA.vcxproj.metaproj" (6) выполняет сборку "D:\STSoC-3.0\3rd_party\Src\DiscordRPC\DiscordRPC.vcxproj" (11) в узле 2 (целевые объекты Rebuild).
    11>_PrepareForClean:
         Файл "D:\STSoC-3.0\\3rd_party\_TEMP\Release\x64\DiscordRPC\DiscordRPC.tlog\DiscordRPC.lastbuildstate" удаляется.
       PrepareForBuild:
         Структурированный вывод включен. Форматирование диагностики компилятора будет отражать иерархию ошибок. Подробнее см. https://aka.ms/cpp/structured-output.
       InitializeBuildStatus:
         Создание "D:\STSoC-3.0\\3rd_party\_TEMP\Release\x64\DiscordRPC\DiscordRPC.tlog\unsuccessfulbuild", так как было задано "AlwaysCreate".
         Обращение к "D:\STSoC-3.0\\3rd_party\_TEMP\Release\x64\DiscordRPC\DiscordRPC.tlog\unsuccessfulbuild".
       ComputeStdModulesCompileInputs:
         Чтение файла манифеста библиотеки "C:\Program Files\Microsoft Visual Studio\18\Insiders\VC\Tools\MSVC\14.51.36231\modules\modules.json", который предоставляет данные для библиотеки "microsoft/STL".
         Добавление источника модуля "C:\Program Files\Microsoft Visual Studio\18\Insiders\VC\Tools\MSVC\14.51.36231\modules\std.ixx" из библиотеки "microsoft/STL" для сборки с этим проектом.
         Добавление источника модуля "C:\Program Files\Microsoft Visual Studio\18\Insiders\VC\Tools\MSVC\14.51.36231\modules\std.compat.ixx" из библиотеки "microsoft/STL" для сборки с этим проектом.
       ClCompile:
         C:\Program Files\Microsoft Visual Studio\18\Insiders\VC\Tools\MSVC\14.51.36231\bin\HostX64\x64\CL.exe /c /IDiscordRPC\include /I"DiscordRPC\thirdparty\rapidjson-1.1.0\include" /Zi /nologo /W4 /WX- /diagnostics:column /MP /O2 /Oi /Ot /Oy- /GT /GL /D NDEBUG /D _SILENCE_CXX17_ITERATOR_BASE_CLASS_DEPRECATION_WARNING /D _MBCS /GF /Gm- /EHsc /MT /GS /Gy /fp:fast /Zc:wchar_t /Zc:forScope /Zc:inline /std:c++23preview /permissive- /Fo"D:\STSoC-3.0\\3rd_party\_TEMP\Release\x64\DiscordRPC\\" /Fd"D:\STSoC-3.0\\3rd_party\_TEMP\Release\x64\DiscordRPC\DiscordRPC.pdb" /external:W4 /Gd /TP /analyze /FC /errorReport:queue /Zc:__cplusplus /Ob3 DiscordRPC\src\discord_rpc.cpp DiscordRPC\src\rpc_connection.cpp DiscordRPC\src\serialization.cpp DiscordRPC\src\connection_win.cpp DiscordRPC\src\discord_register_win.cpp
    10>ClCompile:
         analyze.c
         apiwrapper.c
         bitpack.c
         decapiwrapper.c
     8>ClCompile:
         vorbisfile.c
    11>ClCompile:
         discord_rpc.cpp
         rpc_connection.cpp
         serialization.cpp
         connection_win.cpp
     6>Проект "D:\STSoC-3.0\ogsr_engine\xr_3da\XR_3DA.vcxproj.metaproj" (6) выполняет сборку "D:\STSoC-3.0\ogsr_engine\Layers\xrRenderPC_R4\xrRender_R4.vcxproj" (12) в узле 4 (целевые объекты Rebuild).
    12>_PrepareForClean:
         Файл "D:\STSoC-3.0\\ogsr_engine\_TEMP\Engine\Release\x64\xrRender_R4\xrRender_R4.tlog\xrRender_R4.lastbuildstate" удаляется.
     9>ClCompile:
         analysis.c
         bitrate.c
         block.c
         codebook.c
    12>Проект "D:\STSoC-3.0\ogsr_engine\Layers\xrRenderPC_R4\xrRender_R4.vcxproj" (12) выполняет сборку "D:\STSoC-3.0\ogsr_engine\xrCDB\xrCDB.vcxproj" (13) в узле 3 (целевые объекты Clean).
    13>_PrepareForClean:
         Файл "D:\STSoC-3.0\\ogsr_engine\_TEMP\Engine\Release\x64\xrCDB\xrCDB.tlog\xrCDB.lastbuildstate" удаляется.
    13>Проект "D:\STSoC-3.0\ogsr_engine\xrCDB\xrCDB.vcxproj" (13) выполняет сборку "D:\STSoC-3.0\ogsr_engine\xrCore\xrCore.vcxproj" (14) в узле 4 (целевые объекты Clean).
    14>_PrepareForClean:
         Файл "D:\STSoC-3.0\\ogsr_engine\_TEMP\Engine\Release\x64\xrCore\xrCore.tlog\xrCore.lastbuildstate" удаляется.
    14>Проект "D:\STSoC-3.0\ogsr_engine\xrCore\xrCore.vcxproj" (14) выполняет сборку "D:\STSoC-3.0\3rd_party\Src\lzo\lzo.vcxproj" (15) в узле 2 (целевые объекты Clean).
    15>_PrepareForClean:
         Файл "D:\STSoC-3.0\\3rd_party\_TEMP\Release\x64\lzo\lzo.tlog\lzo.lastbuildstate" удаляется.
    15>Сборка проекта "D:\STSoC-3.0\3rd_party\Src\lzo\lzo.vcxproj" завершена (целевые объекты Clean).
    14>Проект "D:\STSoC-3.0\ogsr_engine\xrCore\xrCore.vcxproj" (14) выполняет сборку "D:\STSoC-3.0\3rd_party\Src\mimalloc\mimalloc-lib.vcxproj" (16) в узле 3 (целевые объекты Clean).
    16>_PrepareForClean:
         Файл "D:\STSoC-3.0\\3rd_party\_TEMP\Release\x64\mimalloc-lib\mimalloc-lib.tlog\mimalloc-lib.lastbuildstate" удаляется.
     6>Проект "D:\STSoC-3.0\ogsr_engine\xr_3da\XR_3DA.vcxproj.metaproj" (6) выполняет сборку "D:\STSoC-3.0\ogsr_engine\xrGame\xrGame.vcxproj.metaproj" (7) в узле 1 (целевые объекты Rebuild).
     7>Проект "D:\STSoC-3.0\ogsr_engine\xrGame\xrGame.vcxproj.metaproj" (7) выполняет сборку "D:\STSoC-3.0\3rd_party\Src\ode\contrib\msvc7\ode_default\default.vcxproj" (17) в узле 1 (целевые объекты Rebuild).
    17>_PrepareForClean:
         Файл "D:\STSoC-3.0\\3rd_party\_TEMP\Release\x64\ode\ode.tlog\ode.lastbuildstate" удаляется.
    10>ClCompile:
         decinfo.c
     9>ClCompile:
         envelope.c
    16>Сборка проекта "D:\STSoC-3.0\3rd_party\Src\mimalloc\mimalloc-lib.vcxproj" завершена (целевые объекты Clean).
    10>ClCompile:
         decode.c
    14>Проект "D:\STSoC-3.0\ogsr_engine\xrCore\xrCore.vcxproj" (14) выполняет сборку "D:\STSoC-3.0\3rd_party\Src\libsquashfs\libsquashfs.vcxproj" (18) в узле 4 (целевые объекты Clean).
    18>_PrepareForClean:
         Файл "D:\STSoC-3.0\\3rd_party\_TEMP\Release\x64\libsquashfs\libsquashfs.tlog\libsquashfs.lastbuildstate" удаляется.
    18>Проект "D:\STSoC-3.0\3rd_party\Src\libsquashfs\libsquashfs.vcxproj" (18) выполняет сборку "D:\STSoC-3.0\3rd_party\Src\zstd\libzstd.vcxproj" (19) в узле 2 (целевые объекты Clean).
    19>_PrepareForClean:
         Файл "D:\STSoC-3.0\\3rd_party\_TEMP\Release\x64\libzstd\libzstd.tlog\libzstd.lastbuildstate" удаляется.
     9>ClCompile:
         floor0.c
         floor1.c
         info.c
    10>ClCompile:
         dequant.c
     9>ClCompile:
         lookup.c
         lpc.c
    10>ClCompile:
         encapiwrapper.c
     9>ClCompile:
         lsp.c
         mapping0.c
    10>ClCompile:
         encfrag.c
         encinfo.c
    18>Проект "D:\STSoC-3.0\3rd_party\Src\libsquashfs\libsquashfs.vcxproj" (18) выполняет сборку "D:\STSoC-3.0\3rd_party\Src\lz4\liblz4.vcxproj" (20) в узле 3 (целевые объекты Clean).
    20>_PrepareForClean:
         Файл "D:\STSoC-3.0\\3rd_party\_TEMP\Release\x64\liblz4\liblz4.tlog\liblz4.lastbuildstate" удаляется.
     9>ClCompile:
         mdct.c
         psy.c
    10>ClCompile:
         encode.c
     9>ClCompile:
         registry.c
    10>ClCompile:
         enquant.c
         fdct.c
         fragment.c
    20>Сборка проекта "D:\STSoC-3.0\3rd_party\Src\lz4\liblz4.vcxproj" завершена (целевые объекты Clean).
     9>ClCompile:
         res0.c
    19>Сборка проекта "D:\STSoC-3.0\3rd_party\Src\zstd\libzstd.vcxproj" завершена (целевые объекты Clean).
     9>ClCompile:
         sharedbook.c
         smallft.c
    12>Проект "D:\STSoC-3.0\ogsr_engine\Layers\xrRenderPC_R4\xrRender_R4.vcxproj" (12) выполняет сборку "D:\STSoC-3.0\ogsr_engine\xrParticles\xrParticles.vcxproj" (21) в узле 4 (целевые объекты Clean).
    21>_PrepareForClean:
         Файл "D:\STSoC-3.0\\ogsr_engine\_TEMP\Engine\Release\x64\xrParticles\xrParticles.tlog\xrParticles.lastbuildstate" удаляется.
    10>ClCompile:
         huffdec.c
    17>PrepareForBuild:
         Структурированный вывод включен. Форматирование диагностики компилятора будет отражать иерархию ошибок. Подробнее см. https://aka.ms/cpp/structured-output.
     9>ClCompile:
         synthesis.c
    10>ClCompile:
         huffenc.c
         idct.c
     9>ClCompile:
         vorbisenc.c
    17>InitializeBuildStatus:
         Создание "D:\STSoC-3.0\\3rd_party\_TEMP\Release\x64\ode\ode.tlog\unsuccessfulbuild", так как было задано "AlwaysCreate".
         Обращение к "D:\STSoC-3.0\\3rd_party\_TEMP\Release\x64\ode\ode.tlog\unsuccessfulbuild".
     9>ClCompile:
         window.c
     8>Lib:
         C:\Program Files\Microsoft Visual Studio\18\Insiders\VC\Tools\MSVC\14.51.36231\bin\HostX64\x64\Lib.exe /OUT:"D:\STSoC-3.0\\3rd_party\_LIB\Release\x64\libvorbisfile_static.lib" /NOLOGO /MACHINE:X64 /LTCG "D:\STSoC-3.0\\3rd_party\_TEMP\Release\x64\libvorbisfile_static\vorbisfile.obj"
    10>ClCompile:
         info.c
         internal.c
         mathops.c
         mcenc.c
         quant.c
         rate.c
         state.c
         tokenize.c
         mmxencfrag.c
         mmxfrag.c
         mmxidct.c
         mmxstate.c
    18>Сборка проекта "D:\STSoC-3.0\3rd_party\Src\libsquashfs\libsquashfs.vcxproj" завершена (целевые объекты Clean).
    10>ClCompile:
         x86enc.c
         x86state.c
       Lib:
         C:\Program Files\Microsoft Visual Studio\18\Insiders\VC\Tools\MSVC\14.51.36231\bin\HostX64\x64\Lib.exe /OUT:"D:\STSoC-3.0\\3rd_party\_LIB\Release\x64\libtheora_static.lib" /NOLOGO /MACHINE:X64 /LTCG "D:\STSoC-3.0\\3rd_party\_TEMP\Release\x64\libtheora_static\analyze.obj"
         "D:\STSoC-3.0\\3rd_party\_TEMP\Release\x64\libtheora_static\apiwrapper.obj"
         "D:\STSoC-3.0\\3rd_party\_TEMP\Release\x64\libtheora_static\bitpack.obj"
         "D:\STSoC-3.0\\3rd_party\_TEMP\Release\x64\libtheora_static\decapiwrapper.obj"
         "D:\STSoC-3.0\\3rd_party\_TEMP\Release\x64\libtheora_static\decinfo.obj"
         "D:\STSoC-3.0\\3rd_party\_TEMP\Release\x64\libtheora_static\decode.obj"
         "D:\STSoC-3.0\\3rd_party\_TEMP\Release\x64\libtheora_static\dequant.obj"
         "D:\STSoC-3.0\\3rd_party\_TEMP\Release\x64\libtheora_static\encapiwrapper.obj"
         "D:\STSoC-3.0\\3rd_party\_TEMP\Release\x64\libtheora_static\encfrag.obj"
         "D:\STSoC-3.0\\3rd_party\_TEMP\Release\x64\libtheora_static\encinfo.obj"
         "D:\STSoC-3.0\\3rd_party\_TEMP\Release\x64\libtheora_static\encode.obj"
         "D:\STSoC-3.0\\3rd_party\_TEMP\Release\x64\libtheora_static\enquant.obj"
         "D:\STSoC-3.0\\3rd_party\_TEMP\Release\x64\libtheora_static\fdct.obj"
         "D:\STSoC-3.0\\3rd_party\_TEMP\Release\x64\libtheora_static\fragment.obj"
         "D:\STSoC-3.0\\3rd_party\_TEMP\Release\x64\libtheora_static\huffdec.obj"
         "D:\STSoC-3.0\\3rd_party\_TEMP\Release\x64\libtheora_static\huffenc.obj"
         "D:\STSoC-3.0\\3rd_party\_TEMP\Release\x64\libtheora_static\idct.obj"
         "D:\STSoC-3.0\\3rd_party\_TEMP\Release\x64\libtheora_static\info.obj"
         "D:\STSoC-3.0\\3rd_party\_TEMP\Release\x64\libtheora_static\internal.obj"
         "D:\STSoC-3.0\\3rd_party\_TEMP\Release\x64\libtheora_static\mathops.obj"
         "D:\STSoC-3.0\\3rd_party\_TEMP\Release\x64\libtheora_static\mcenc.obj"
         "D:\STSoC-3.0\\3rd_party\_TEMP\Release\x64\libtheora_static\quant.obj"
         "D:\STSoC-3.0\\3rd_party\_TEMP\Release\x64\libtheora_static\rate.obj"
         "D:\STSoC-3.0\\3rd_party\_TEMP\Release\x64\libtheora_static\state.obj"
         "D:\STSoC-3.0\\3rd_party\_TEMP\Release\x64\libtheora_static\tokenize.obj"
         "D:\STSoC-3.0\\3rd_party\_TEMP\Release\x64\libtheora_static\mmxencfrag.obj"
         "D:\STSoC-3.0\\3rd_party\_TEMP\Release\x64\libtheora_static\mmxfrag.obj"
         "D:\STSoC-3.0\\3rd_party\_TEMP\Release\x64\libtheora_static\mmxidct.obj"
         "D:\STSoC-3.0\\3rd_party\_TEMP\Release\x64\libtheora_static\mmxstate.obj"
         "D:\STSoC-3.0\\3rd_party\_TEMP\Release\x64\libtheora_static\x86enc.obj"
         "D:\STSoC-3.0\\3rd_party\_TEMP\Release\x64\libtheora_static\x86state.obj"
    17>ComputeStdModulesCompileInputs:
         Чтение файла манифеста библиотеки "C:\Program Files\Microsoft Visual Studio\18\Insiders\VC\Tools\MSVC\14.51.36231\modules\modules.json", который предоставляет данные для библиотеки "microsoft/STL".
         Добавление источника модуля "C:\Program Files\Microsoft Visual Studio\18\Insiders\VC\Tools\MSVC\14.51.36231\modules\std.ixx" из библиотеки "microsoft/STL" для сборки с этим проектом.
         Добавление источника модуля "C:\Program Files\Microsoft Visual Studio\18\Insiders\VC\Tools\MSVC\14.51.36231\modules\std.compat.ixx" из библиотеки "microsoft/STL" для сборки с этим проектом.
    14>Сборка проекта "D:\STSoC-3.0\ogsr_engine\xrCore\xrCore.vcxproj" завершена (целевые объекты Clean).
    17>ClCompile:
         C:\Program Files\Microsoft Visual Studio\18\Insiders\VC\Tools\MSVC\14.51.36231\bin\HostX64\x64\CL.exe /c /I../../../include /Zi /nologo /W3 /WX- /diagnostics:column /MP /O2 /Oi /Ot /Oy- /GT /GL /D WIN32 /D _WINDOWS /D NDEBUG /D _USRDLL /D dSINGLE /D MSVC /D dNODEBUG /D _MBCS /GF /Gm- /MT /GS /Gy /fp:fast /Zc:wchar_t /Zc:forScope /Zc:inline /std:c++23preview /permissive- /Fo"D:\STSoC-3.0\\3rd_party\_TEMP\Release\x64\ode\\" /Fd"D:\STSoC-3.0\\3rd_party\_TEMP\Release\x64\ode\ode.pdb" /external:W3 /Gd /TP /wd4456 /wd4457 /wd4458 /wd4577 /FC /errorReport:queue /Zc:__cplusplus /Ob3 ..\..\..\ode\src\array.cpp ..\..\..\ode\src\Bounder33.cpp ..\..\..\ode\src\collision_kernel.cpp ..\..\..\ode\src\collision_space.cpp ..\..\..\ode\src\collision_transform.cpp ..\..\..\ode\src\collision_util.cpp de_padf_integration.cpp ..\..\..\ode\src\error.cpp "..\..\..\ode\src\export-dif.cpp" ..\..\..\ode\src\joint.cpp ..\..\..\ode\src\lcp.cpp ..\..\..\ode\src\mass.cpp ..\..\..\ode\src\mat.cpp ..\..\..\ode\src\matrix.cpp ..\..\..\ode\src\memory.cpp ..\..\..\ode\src\misc.cpp ..\..\..\ode\src\obstack.cpp ..\..\..\ode\src\ode.cpp ..\..\..\ode\src\odemath.cpp ..\..\..\ode\src\quickstep.cpp ..\..\..\ode\src\rotation.cpp ..\..\..\ode\src\step.cpp ..\..\..\ode\src\stepfast.cpp ..\..\..\ode\src\StepJointInternal.cpp ..\..\..\ode\src\testing.cpp ..\..\..\ode\src\timer.cpp ..\..\..\ode\src\util.cpp
         array.cpp
         Bounder33.cpp
         collision_kernel.cpp
         collision_space.cpp
    21>Сборка проекта "D:\STSoC-3.0\ogsr_engine\xrParticles\xrParticles.vcxproj" завершена (целевые объекты Clean).
    17>ClCompile:
         collision_transform.cpp
         collision_util.cpp
    12>Проект "D:\STSoC-3.0\ogsr_engine\Layers\xrRenderPC_R4\xrRender_R4.vcxproj" (12) выполняет сборку "D:\STSoC-3.0\3rd_party\Src\imgui\imgui.vcxproj" (22) в узле 1 (целевые объекты Clean).
    22>_PrepareForClean:
         Файл "D:\STSoC-3.0\\3rd_party\_TEMP\Release\x64\imgui\imgui.tlog\imgui.lastbuildstate" удаляется.
    17>ClCompile:
         de_padf_integration.cpp
         error.cpp
    22>Сборка проекта "D:\STSoC-3.0\3rd_party\Src\imgui\imgui.vcxproj" завершена (целевые объекты Clean).
    17>ClCompile:
         export-dif.cpp
         joint.cpp
         lcp.cpp
    12>Проект "D:\STSoC-3.0\ogsr_engine\Layers\xrRenderPC_R4\xrRender_R4.vcxproj" (12) выполняет сборку "D:\STSoC-3.0\3rd_party\Src\DirectXTex\DirectXTex.vcxproj" (23) в узле 1 (целевые объекты Clean).
    23>_PrepareForClean:
         Файл "D:\STSoC-3.0\\3rd_party\_TEMP\Release\x64\DirectXTex\DirectXTex.tlog\DirectXTex.lastbuildstate" удаляется.
    17>ClCompile:
         mass.cpp
         mat.cpp
     8>Lib:
         Копирование файла из "D:\STSoC-3.0\3rd_party\_TEMP\Release\x64\libvorbisfile_static\libvorbisfile_static.pdb" в "D:\STSoC-3.0\3rd_party\_LIB\Release\x64\libvorbisfile_static.pdb".
         libvorbisfile_static.vcxproj -> D:\STSoC-3.0\3rd_party\_LIB\Release\x64\libvorbisfile_static.lib
       FinalizeBuildStatus:
         Файл "D:\STSoC-3.0\\3rd_party\_TEMP\Release\x64\libvorbisfile_static\libvorbi.CEBDE98B.tlog\unsuccessfulbuild" удаляется.
         Обращение к "D:\STSoC-3.0\\3rd_party\_TEMP\Release\x64\libvorbisfile_static\libvorbi.CEBDE98B.tlog\libvorbisfile_static.lastbuildstate".
     8>Сборка проекта "D:\STSoC-3.0\3rd_party\Src\Xiph\libvorbis\win32\VS2010\libvorbisfile\libvorbisfile_static.vcxproj" завершена (целевые объекты Rebuild).
    10>Lib:
         Копирование файла из "D:\STSoC-3.0\3rd_party\_TEMP\Release\x64\libtheora_static\libtheora_static.pdb" в "D:\STSoC-3.0\3rd_party\_LIB\Release\x64\libtheora_static.pdb".
         libtheora_static.vcxproj -> D:\STSoC-3.0\3rd_party\_LIB\Release\x64\libtheora_static.lib
    17>ClCompile:
         matrix.cpp
         memory.cpp
         misc.cpp
    11>D:\STSoC-3.0\3rd_party\Src\DiscordRPC\DiscordRPC\thirdparty\rapidjson-1.1.0\include\rapidjson\document.h(1825,31): warning C5054: оператор '|': устарел при перечислении различных типов [D:\STSoC-3.0\3rd_party\Src\DiscordRPC\DiscordRPC.vcxproj]
         (компиляция исходного файла "3rd_party/Src/DiscordRPC/DiscordRPC/src/serialization.cpp")
             D:\STSoC-3.0\3rd_party\Src\DiscordRPC\DiscordRPC\thirdparty\rapidjson-1.1.0\include\rapidjson\document.h(1825,31):
             контекст создания экземпляра шаблона (сначала самый старый)
                 D:\STSoC-3.0\3rd_party\Src\DiscordRPC\DiscordRPC\src\serialization.h(160,29):
                 выполняется компиляция ссылки на экземпляр класс шаблон функции "rapidjson::GenericDocument<UTF8,PoolAllocator,StackAllocator>"
                 D:\STSoC-3.0\3rd_party\Src\DiscordRPC\DiscordRPC\thirdparty\rapidjson-1.1.0\include\rapidjson\document.h(2024,32):
                 выполняется компиляция ссылки на экземпляр класс шаблон функции "rapidjson::GenericValue<rapidjson::UTF8<char>,rapidjson::MemoryPoolAllocator<rapidjson::CrtAllocator>>"
         
    11>D:\STSoC-3.0\3rd_party\Src\DiscordRPC\DiscordRPC\thirdparty\rapidjson-1.1.0\include\rapidjson\document.h(1826,33): warning C5054: оператор '|': устарел при перечислении различных типов [D:\STSoC-3.0\3rd_party\Src\DiscordRPC\DiscordRPC.vcxproj]
         (компиляция исходного файла "3rd_party/Src/DiscordRPC/DiscordRPC/src/serialization.cpp")
         
    11>D:\STSoC-3.0\3rd_party\Src\DiscordRPC\DiscordRPC\thirdparty\rapidjson-1.1.0\include\rapidjson\document.h(1827,38): warning C5054: оператор '|': устарел при перечислении различных типов [D:\STSoC-3.0\3rd_party\Src\DiscordRPC\DiscordRPC.vcxproj]
         (компиляция исходного файла "3rd_party/Src/DiscordRPC/DiscordRPC/src/serialization.cpp")
         
    11>D:\STSoC-3.0\3rd_party\Src\DiscordRPC\DiscordRPC\thirdparty\rapidjson-1.1.0\include\rapidjson\document.h(1828,39): warning C5054: оператор '|': устарел при перечислении различных типов [D:\STSoC-3.0\3rd_party\Src\DiscordRPC\DiscordRPC.vcxproj]
         (компиляция исходного файла "3rd_party/Src/DiscordRPC/DiscordRPC/src/serialization.cpp")
         
    11>D:\STSoC-3.0\3rd_party\Src\DiscordRPC\DiscordRPC\thirdparty\rapidjson-1.1.0\include\rapidjson\document.h(1829,40): warning C5054: оператор '|': устарел при перечислении различных типов [D:\STSoC-3.0\3rd_party\Src\DiscordRPC\DiscordRPC.vcxproj]
         (компиляция исходного файла "3rd_party/Src/DiscordRPC/DiscordRPC/src/serialization.cpp")
         
    11>D:\STSoC-3.0\3rd_party\Src\DiscordRPC\DiscordRPC\thirdparty\rapidjson-1.1.0\include\rapidjson\document.h(1830,41): warning C5054: оператор '|': устарел при перечислении различных типов [D:\STSoC-3.0\3rd_party\Src\DiscordRPC\DiscordRPC.vcxproj]
         (компиляция исходного файла "3rd_party/Src/DiscordRPC/DiscordRPC/src/serialization.cpp")
         
    11>D:\STSoC-3.0\3rd_party\Src\DiscordRPC\DiscordRPC\thirdparty\rapidjson-1.1.0\include\rapidjson\document.h(1831,41): warning C5054: оператор '|': устарел при перечислении различных типов [D:\STSoC-3.0\3rd_party\Src\DiscordRPC\DiscordRPC.vcxproj]
         (компиляция исходного файла "3rd_party/Src/DiscordRPC/DiscordRPC/src/serialization.cpp")
         
    11>D:\STSoC-3.0\3rd_party\Src\DiscordRPC\DiscordRPC\thirdparty\rapidjson-1.1.0\include\rapidjson\document.h(1832,38): warning C5054: оператор '|': устарел при перечислении различных типов [D:\STSoC-3.0\3rd_party\Src\DiscordRPC\DiscordRPC.vcxproj]
         (компиляция исходного файла "3rd_party/Src/DiscordRPC/DiscordRPC/src/serialization.cpp")
         
    11>D:\STSoC-3.0\3rd_party\Src\DiscordRPC\DiscordRPC\thirdparty\rapidjson-1.1.0\include\rapidjson\document.h(1833,40): warning C5054: оператор '|': устарел при перечислении различных типов [D:\STSoC-3.0\3rd_party\Src\DiscordRPC\DiscordRPC.vcxproj]
         (компиляция исходного файла "3rd_party/Src/DiscordRPC/DiscordRPC/src/serialization.cpp")
         
    11>D:\STSoC-3.0\3rd_party\Src\DiscordRPC\DiscordRPC\thirdparty\rapidjson-1.1.0\include\rapidjson\document.h(1834,39): warning C5054: оператор '|': устарел при перечислении различных типов [D:\STSoC-3.0\3rd_party\Src\DiscordRPC\DiscordRPC.vcxproj]
         (компиляция исходного файла "3rd_party/Src/DiscordRPC/DiscordRPC/src/serialization.cpp")
         
    11>D:\STSoC-3.0\3rd_party\Src\DiscordRPC\DiscordRPC\thirdparty\rapidjson-1.1.0\include\rapidjson\document.h(1835,40): warning C5054: оператор '|': устарел при перечислении различных типов [D:\STSoC-3.0\3rd_party\Src\DiscordRPC\DiscordRPC.vcxproj]
         (компиляция исходного файла "3rd_party/Src/DiscordRPC/DiscordRPC/src/serialization.cpp")
         
    11>D:\STSoC-3.0\3rd_party\Src\DiscordRPC\DiscordRPC\thirdparty\rapidjson-1.1.0\include\rapidjson\document.h(1825,31): warning C5054: оператор '|': устарел при перечислении различных типов [D:\STSoC-3.0\3rd_party\Src\DiscordRPC\DiscordRPC.vcxproj]
         (компиляция исходного файла "3rd_party/Src/DiscordRPC/DiscordRPC/src/rpc_connection.cpp")
             D:\STSoC-3.0\3rd_party\Src\DiscordRPC\DiscordRPC\thirdparty\rapidjson-1.1.0\include\rapidjson\document.h(1825,31):
             контекст создания экземпляра шаблона (сначала самый старый)
                 D:\STSoC-3.0\3rd_party\Src\DiscordRPC\DiscordRPC\src\serialization.h(160,29):
                 выполняется компиляция ссылки на экземпляр класс шаблон функции "rapidjson::GenericDocument<UTF8,PoolAllocator,StackAllocator>"
                 D:\STSoC-3.0\3rd_party\Src\DiscordRPC\DiscordRPC\thirdparty\rapidjson-1.1.0\include\rapidjson\document.h(2024,32):
                 выполняется компиляция ссылки на экземпляр класс шаблон функции "rapidjson::GenericValue<rapidjson::UTF8<char>,rapidjson::MemoryPoolAllocator<rapidjson::CrtAllocator>>"
         
    11>D:\STSoC-3.0\3rd_party\Src\DiscordRPC\DiscordRPC\thirdparty\rapidjson-1.1.0\include\rapidjson\document.h(1826,33): warning C5054: оператор '|': устарел при перечислении различных типов [D:\STSoC-3.0\3rd_party\Src\DiscordRPC\DiscordRPC.vcxproj]
         (компиляция исходного файла "3rd_party/Src/DiscordRPC/DiscordRPC/src/rpc_connection.cpp")
         
    11>D:\STSoC-3.0\3rd_party\Src\DiscordRPC\DiscordRPC\thirdparty\rapidjson-1.1.0\include\rapidjson\document.h(1827,38): warning C5054: оператор '|': устарел при перечислении различных типов [D:\STSoC-3.0\3rd_party\Src\DiscordRPC\DiscordRPC.vcxproj]
         (компиляция исходного файла "3rd_party/Src/DiscordRPC/DiscordRPC/src/rpc_connection.cpp")
         
    11>D:\STSoC-3.0\3rd_party\Src\DiscordRPC\DiscordRPC\thirdparty\rapidjson-1.1.0\include\rapidjson\document.h(1828,39): warning C5054: оператор '|': устарел при перечислении различных типов [D:\STSoC-3.0\3rd_party\Src\DiscordRPC\DiscordRPC.vcxproj]
         (компиляция исходного файла "3rd_party/Src/DiscordRPC/DiscordRPC/src/rpc_connection.cpp")
         
    11>D:\STSoC-3.0\3rd_party\Src\DiscordRPC\DiscordRPC\thirdparty\rapidjson-1.1.0\include\rapidjson\document.h(1829,40): warning C5054: оператор '|': устарел при перечислении различных типов [D:\STSoC-3.0\3rd_party\Src\DiscordRPC\DiscordRPC.vcxproj]
         (компиляция исходного файла "3rd_party/Src/DiscordRPC/DiscordRPC/src/rpc_connection.cpp")
         
    11>D:\STSoC-3.0\3rd_party\Src\DiscordRPC\DiscordRPC\thirdparty\rapidjson-1.1.0\include\rapidjson\document.h(1830,41): warning C5054: оператор '|': устарел при перечислении различных типов [D:\STSoC-3.0\3rd_party\Src\DiscordRPC\DiscordRPC.vcxproj]
    10>FinalizeBuildStatus:
         Файл "D:\STSoC-3.0\\3rd_party\_TEMP\Release\x64\libtheora_static\libtheora_static.tlog\unsuccessfulbuild" удаляется.
    11>ClCompile:
         (компиляция исходного файла "3rd_party/Src/DiscordRPC/DiscordRPC/src/rpc_connection.cpp")
         
    11>D:\STSoC-3.0\3rd_party\Src\DiscordRPC\DiscordRPC\thirdparty\rapidjson-1.1.0\include\rapidjson\document.h(1831,41): warning C5054: оператор '|': устарел при перечислении различных типов [D:\STSoC-3.0\3rd_party\Src\DiscordRPC\DiscordRPC.vcxproj]
         (компиляция исходного файла "3rd_party/Src/DiscordRPC/DiscordRPC/src/rpc_connection.cpp")
         
    10>FinalizeBuildStatus:
         Обращение к "D:\STSoC-3.0\\3rd_party\_TEMP\Release\x64\libtheora_static\libtheora_static.tlog\libtheora_static.lastbuildstate".
    11>D:\STSoC-3.0\3rd_party\Src\DiscordRPC\DiscordRPC\thirdparty\rapidjson-1.1.0\include\rapidjson\document.h(1832,38): warning C5054: оператор '|': устарел при перечислении различных типов [D:\STSoC-3.0\3rd_party\Src\DiscordRPC\DiscordRPC.vcxproj]
         (компиляция исходного файла "3rd_party/Src/DiscordRPC/DiscordRPC/src/rpc_connection.cpp")
         
    11>D:\STSoC-3.0\3rd_party\Src\DiscordRPC\DiscordRPC\thirdparty\rapidjson-1.1.0\include\rapidjson\document.h(1833,40): warning C5054: оператор '|': устарел при перечислении различных типов [D:\STSoC-3.0\3rd_party\Src\DiscordRPC\DiscordRPC.vcxproj]
         (компиляция исходного файла "3rd_party/Src/DiscordRPC/DiscordRPC/src/rpc_connection.cpp")
         
    11>D:\STSoC-3.0\3rd_party\Src\DiscordRPC\DiscordRPC\thirdparty\rapidjson-1.1.0\include\rapidjson\document.h(1834,39): warning C5054: оператор '|': устарел при перечислении различных типов [D:\STSoC-3.0\3rd_party\Src\DiscordRPC\DiscordRPC.vcxproj]
         (компиляция исходного файла "3rd_party/Src/DiscordRPC/DiscordRPC/src/rpc_connection.cpp")
         
    11>D:\STSoC-3.0\3rd_party\Src\DiscordRPC\DiscordRPC\thirdparty\rapidjson-1.1.0\include\rapidjson\document.h(1835,40): warning C5054: оператор '|': устарел при перечислении различных типов [D:\STSoC-3.0\3rd_party\Src\DiscordRPC\DiscordRPC.vcxproj]
         (компиляция исходного файла "3rd_party/Src/DiscordRPC/DiscordRPC/src/rpc_connection.cpp")
         
    10>Сборка проекта "D:\STSoC-3.0\3rd_party\Src\Xiph\libtheora\win32\VS2010\libtheora_static.vcxproj" завершена (целевые объекты Rebuild).
     1>Проект "D:\STSoC-3.0\STSoC-Engine.sln" (1) выполняет сборку "D:\STSoC-3.0\ogsr_engine\xrSound\xrSound.vcxproj.metaproj" (5) в узле 1 (целевые объекты Rebuild).
     5>Проект "D:\STSoC-3.0\ogsr_engine\xrSound\xrSound.vcxproj.metaproj" (5) выполняет сборку "D:\STSoC-3.0\3rd_party\Src\Xiph\libogg\win32\VS2010\libogg_static.vcxproj" (24) в узле 2 (целевые объекты Rebuild).
    24>_PrepareForClean:
         Файл "D:\STSoC-3.0\\3rd_party\_TEMP\Release\x64\libogg_static\libogg_static.tlog\libogg_static.lastbuildstate" удаляется.
       PrepareForBuild:
         Структурированный вывод включен. Форматирование диагностики компилятора будет отражать иерархию ошибок. Подробнее см. https://aka.ms/cpp/structured-output.
       InitializeBuildStatus:
         Создание "D:\STSoC-3.0\\3rd_party\_TEMP\Release\x64\libogg_static\libogg_static.tlog\unsuccessfulbuild", так как было задано "AlwaysCreate".
         Обращение к "D:\STSoC-3.0\\3rd_party\_TEMP\Release\x64\libogg_static\libogg_static.tlog\unsuccessfulbuild".
       ComputeStdModulesCompileInputs:
         Чтение файла манифеста библиотеки "C:\Program Files\Microsoft Visual Studio\18\Insiders\VC\Tools\MSVC\14.51.36231\modules\modules.json", который предоставляет данные для библиотеки "microsoft/STL".
         Добавление источника модуля "C:\Program Files\Microsoft Visual Studio\18\Insiders\VC\Tools\MSVC\14.51.36231\modules\std.ixx" из библиотеки "microsoft/STL" для сборки с этим проектом.
         Добавление источника модуля "C:\Program Files\Microsoft Visual Studio\18\Insiders\VC\Tools\MSVC\14.51.36231\modules\std.compat.ixx" из библиотеки "microsoft/STL" для сборки с этим проектом.
       ClCompile:
         C:\Program Files\Microsoft Visual Studio\18\Insiders\VC\Tools\MSVC\14.51.36231\bin\HostX64\x64\CL.exe /c /I..\..\include /Zi /nologo /W0 /WX- /diagnostics:column /MP /O2 /Oi /Ot /Oy- /GT /GL /D NDEBUG /D _WINDOWS /D _USRDLL /D LIBOGG_EXPORTS /D _UNICODE /D UNICODE /GF /Gm- /MT /GS /Gy /fp:precise /Zc:wchar_t /Zc:forScope /Zc:inline /permissive- /Fo"D:\STSoC-3.0\\3rd_party\_TEMP\Release\x64\libogg_static\\" /Fd"D:\STSoC-3.0\\3rd_party\_TEMP\Release\x64\libogg_static\libogg_static.pdb" /external:W0 /Gd /TC /wd4456 /wd4457 /wd4458 /wd4577 /FC /errorReport:queue /Zc:__cplusplus /Ob3 ..\..\src\bitwise.c ..\..\src\framing.c
         bitwise.c
         framing.c
    17>ClCompile:
         obstack.cpp
    23>ATGDeleteShaders:
         Файл ".\DirectXTex\DirectXTex\Shaders\Compiled\BC6HEncode_EncodeBlockCS.inc" удаляется.
         Файл ".\DirectXTex\DirectXTex\Shaders\Compiled\BC6HEncode_EncodeBlockCS_cs40.inc" удаляется.
         Файл ".\DirectXTex\DirectXTex\Shaders\Compiled\BC6HEncode_TryModeG10CS.inc" удаляется.
         Файл ".\DirectXTex\DirectXTex\Shaders\Compiled\BC6HEncode_TryModeG10CS_cs40.inc" удаляется.
         Файл ".\DirectXTex\DirectXTex\Shaders\Compiled\BC6HEncode_TryModeLE10CS.inc" удаляется.
         Файл ".\DirectXTex\DirectXTex\Shaders\Compiled\BC6HEncode_TryModeLE10CS_cs40.inc" удаляется.
         Файл ".\DirectXTex\DirectXTex\Shaders\Compiled\BC7Encode_EncodeBlockCS.inc" удаляется.
         Файл ".\DirectXTex\DirectXTex\Shaders\Compiled\BC7Encode_EncodeBlockCS_cs40.inc" удаляется.
         Файл ".\DirectXTex\DirectXTex\Shaders\Compiled\BC7Encode_TryMode02CS.inc" удаляется.
         Файл ".\DirectXTex\DirectXTex\Shaders\Compiled\BC7Encode_TryMode02CS_cs40.inc" удаляется.
         Файл ".\DirectXTex\DirectXTex\Shaders\Compiled\BC7Encode_TryMode137CS.inc" удаляется.
         Файл ".\DirectXTex\DirectXTex\Shaders\Compiled\BC7Encode_TryMode137CS_cs40.inc" удаляется.
         Файл ".\DirectXTex\DirectXTex\Shaders\Compiled\BC7Encode_TryMode456CS.inc" удаляется.
         Файл ".\DirectXTex\DirectXTex\Shaders\Compiled\BC7Encode_TryMode456CS_cs40.inc" удаляется.
         Файл ".\DirectXTex\DirectXTex\Shaders\Compiled\BC6HEncode_EncodeBlockCS.pdb" удаляется.
    17>ClCompile:
         ode.cpp
         odemath.cpp
    13>Сборка проекта "D:\STSoC-3.0\ogsr_engine\xrCDB\xrCDB.vcxproj" завершена (целевые объекты Clean).
    23>ATGDeleteShaders:
         Файл ".\DirectXTex\DirectXTex\Shaders\Compiled\BC6HEncode_EncodeBlockCS_cs40.pdb" удаляется.
         Файл ".\DirectXTex\DirectXTex\Shaders\Compiled\BC6HEncode_TryModeG10CS.pdb" удаляется.
         Файл ".\DirectXTex\DirectXTex\Shaders\Compiled\BC6HEncode_TryModeG10CS_cs40.pdb" удаляется.
         Файл ".\DirectXTex\DirectXTex\Shaders\Compiled\BC6HEncode_TryModeLE10CS.pdb" удаляется.
         Файл ".\DirectXTex\DirectXTex\Shaders\Compiled\BC6HEncode_TryModeLE10CS_cs40.pdb" удаляется.
         Файл ".\DirectXTex\DirectXTex\Shaders\Compiled\BC7Encode_EncodeBlockCS.pdb" удаляется.
         Файл ".\DirectXTex\DirectXTex\Shaders\Compiled\BC7Encode_EncodeBlockCS_cs40.pdb" удаляется.
         Файл ".\DirectXTex\DirectXTex\Shaders\Compiled\BC7Encode_TryMode02CS.pdb" удаляется.
         Файл ".\DirectXTex\DirectXTex\Shaders\Compiled\BC7Encode_TryMode02CS_cs40.pdb" удаляется.
         Файл ".\DirectXTex\DirectXTex\Shaders\Compiled\BC7Encode_TryMode137CS.pdb" удаляется.
         Файл ".\DirectXTex\DirectXTex\Shaders\Compiled\BC7Encode_TryMode137CS_cs40.pdb" удаляется.
         Файл ".\DirectXTex\DirectXTex\Shaders\Compiled\BC7Encode_TryMode456CS.pdb" удаляется.
         Файл ".\DirectXTex\DirectXTex\Shaders\Compiled\BC7Encode_TryMode456CS_cs40.pdb" удаляется.
    23>Сборка проекта "D:\STSoC-3.0\3rd_party\Src\DirectXTex\DirectXTex.vcxproj" завершена (целевые объекты Clean).
    17>ClCompile:
         quickstep.cpp
         rotation.cpp
     1>Проект "D:\STSoC-3.0\STSoC-Engine.sln" (1) выполняет сборку "D:\STSoC-3.0\3rd_party\Src\imgui\imgui.vcxproj" (22:2) в узле 1 (целевые объекты Rebuild).
    22>PrepareForBuild:
         Структурированный вывод включен. Форматирование диагностики компилятора будет отражать иерархию ошибок. Подробнее см. https://aka.ms/cpp/structured-output.
       InitializeBuildStatus:
         Создание "D:\STSoC-3.0\\3rd_party\_TEMP\Release\x64\imgui\imgui.tlog\unsuccessfulbuild", так как было задано "AlwaysCreate".
         Обращение к "D:\STSoC-3.0\\3rd_party\_TEMP\Release\x64\imgui\imgui.tlog\unsuccessfulbuild".
       ComputeStdModulesCompileInputs:
         Чтение файла манифеста библиотеки "C:\Program Files\Microsoft Visual Studio\18\Insiders\VC\Tools\MSVC\14.51.36231\modules\modules.json", который предоставляет данные для библиотеки "microsoft/STL".
         Добавление источника модуля "C:\Program Files\Microsoft Visual Studio\18\Insiders\VC\Tools\MSVC\14.51.36231\modules\std.ixx" из библиотеки "microsoft/STL" для сборки с этим проектом.
         Добавление источника модуля "C:\Program Files\Microsoft Visual Studio\18\Insiders\VC\Tools\MSVC\14.51.36231\modules\std.compat.ixx" из библиотеки "microsoft/STL" для сборки с этим проектом.
       ClCompile:
         C:\Program Files\Microsoft Visual Studio\18\Insiders\VC\Tools\MSVC\14.51.36231\bin\HostX64\x64\CL.exe /c /Zi /nologo /W1 /WX- /diagnostics:column /sdl /MP /O2 /Oi /Ot /Oy- /GT /GL /D WIN32 /D NDEBUG /D _WINDOWS /D _USRDLL /D IMGUI_STATIC /D _UNICODE /D UNICODE /GF /Gm- /EHsc /MT /GS /Gy /fp:precise /Zc:wchar_t /Zc:forScope /Zc:inline /std:c++23preview /permissive- /Fo"D:\STSoC-3.0\\3rd_party\_TEMP\Release\x64\imgui\\" /Fd"D:\STSoC-3.0\\3rd_party\_TEMP\Release\x64\imgui\imgui.pdb" /external:W1 /Gd /TP /FC /errorReport:queue /Zc:__cplusplus /Ob3 imgui.cpp imgui_demo.cpp imgui_draw.cpp imgui_tables.cpp imgui_widgets.cpp
    24>Lib:
         C:\Program Files\Microsoft Visual Studio\18\Insiders\VC\Tools\MSVC\14.51.36231\bin\HostX64\x64\Lib.exe /OUT:"D:\STSoC-3.0\\3rd_party\_LIB\Release\x64\libogg_static.lib" /NOLOGO /MACHINE:X64 /LTCG "D:\STSoC-3.0\\3rd_party\_TEMP\Release\x64\libogg_static\bitwise.obj"
         "D:\STSoC-3.0\\3rd_party\_TEMP\Release\x64\libogg_static\framing.obj"
    22>ClCompile:
         imgui.cpp
         imgui_demo.cpp
         imgui_draw.cpp
         imgui_tables.cpp
    17>ClCompile:
         step.cpp
         stepfast.cpp
    24>Lib:
         Копирование файла из "D:\STSoC-3.0\3rd_party\_TEMP\Release\x64\libogg_static\libogg_static.pdb" в "D:\STSoC-3.0\3rd_party\_LIB\Release\x64\libogg_static.pdb".
         libogg_static.vcxproj -> D:\STSoC-3.0\3rd_party\_LIB\Release\x64\libogg_static.lib
       FinalizeBuildStatus:
         Файл "D:\STSoC-3.0\\3rd_party\_TEMP\Release\x64\libogg_static\libogg_static.tlog\unsuccessfulbuild" удаляется.
         Обращение к "D:\STSoC-3.0\\3rd_party\_TEMP\Release\x64\libogg_static\libogg_static.tlog\libogg_static.lastbuildstate".
    24>Сборка проекта "D:\STSoC-3.0\3rd_party\Src\Xiph\libogg\win32\VS2010\libogg_static.vcxproj" завершена (целевые объекты Rebuild).
     1>Проект "D:\STSoC-3.0\STSoC-Engine.sln" (1) выполняет сборку "D:\STSoC-3.0\ogsr_engine\Luabind\luabind.vcxproj.metaproj" (4) в узле 1 (целевые объекты Rebuild).
     4>Проект "D:\STSoC-3.0\ogsr_engine\Luabind\luabind.vcxproj.metaproj" (4) выполняет сборку "D:\STSoC-3.0\ogsr_engine\LuaJIT\src\luajit.vcxproj" (25) в узле 3 (целевые объекты Rebuild).
    25>Rebuild:
         
         		RD /S/Q ..\bin
         		call msvcbuild.bat x64 static Release
         
         		if not exist "D:\STSoC-3.0\\bin_x64\*.*" (
         			md "D:\STSoC-3.0\\bin_x64\"
         		)
         
         		if not exist "D:\STSoC-3.0\\bin_x64\LuaJIT.dll" if exist "..\bin\x64\LuaJIT.dll" (
         			copy /Y "..\bin\x64\LuaJIT.dll" "D:\STSoC-3.0\\bin_x64\LuaJIT.dll"
         			copy /Y "..\bin\x64\LuaJIT.pdb" "D:\STSoC-3.0\\bin_x64\LuaJIT.pdb"
         		)
         
         		if not exist "D:\STSoC-3.0\\bin_x64\..\ogsr_engine\_LIB\Engine\Release\x64\*.*" (
         			md "D:\STSoC-3.0\\bin_x64\..\ogsr_engine\_LIB\Engine\Release\x64\"
         		)
         
         		copy /Y "..\bin\x64\LuaJIT.lib" "D:\STSoC-3.0\\bin_x64\..\ogsr_engine\_LIB\Engine\Release\x64\LuaJIT.lib"
         		if exist "..\bin\x64\LuaJIT.exp" (
         			copy /Y "..\bin\x64\LuaJIT.exp" "D:\STSoC-3.0\\bin_x64\..\ogsr_engine\_LIB\Engine\Release\x64\LuaJIT.exp"
         		)
         	
     1>Проект "D:\STSoC-3.0\STSoC-Engine.sln" (1) выполняет сборку "D:\STSoC-3.0\ogsr_engine\xrCore\xrCore.vcxproj.metaproj" (2) в узле 1 (целевые объекты Rebuild).
     2>Проект "D:\STSoC-3.0\ogsr_engine\xrCore\xrCore.vcxproj.metaproj" (2) выполняет сборку "D:\STSoC-3.0\3rd_party\Src\libsquashfs\libsquashfs.vcxproj.metaproj" (3) в узле 1 (целевые объекты Rebuild).
     3>Проект "D:\STSoC-3.0\3rd_party\Src\libsquashfs\libsquashfs.vcxproj.metaproj" (3) выполняет сборку "D:\STSoC-3.0\3rd_party\Src\zstd\libzstd.vcxproj" (19:2) в узле 2 (целевые объекты Rebuild).
    19>PrepareForBuild:
         Структурированный вывод включен. Форматирование диагностики компилятора будет отражать иерархию ошибок. Подробнее см. https://aka.ms/cpp/structured-output.
       InitializeBuildStatus:
         Создание "D:\STSoC-3.0\\3rd_party\_TEMP\Release\x64\libzstd\libzstd.tlog\unsuccessfulbuild", так как было задано "AlwaysCreate".
         Обращение к "D:\STSoC-3.0\\3rd_party\_TEMP\Release\x64\libzstd\libzstd.tlog\unsuccessfulbuild".
       ComputeStdModulesCompileInputs:
         Чтение файла манифеста библиотеки "C:\Program Files\Microsoft Visual Studio\18\Insiders\VC\Tools\MSVC\14.51.36231\modules\modules.json", который предоставляет данные для библиотеки "microsoft/STL".
         Добавление источника модуля "C:\Program Files\Microsoft Visual Studio\18\Insiders\VC\Tools\MSVC\14.51.36231\modules\std.ixx" из библиотеки "microsoft/STL" для сборки с этим проектом.
         Добавление источника модуля "C:\Program Files\Microsoft Visual Studio\18\Insiders\VC\Tools\MSVC\14.51.36231\modules\std.compat.ixx" из библиотеки "microsoft/STL" для сборки с этим проектом.
     9>Lib:
         C:\Program Files\Microsoft Visual Studio\18\Insiders\VC\Tools\MSVC\14.51.36231\bin\HostX64\x64\Lib.exe /OUT:"D:\STSoC-3.0\\3rd_party\_LIB\Release\x64\libvorbis_static.lib" /NOLOGO /MACHINE:X64 /LTCG "D:\STSoC-3.0\\3rd_party\_TEMP\Release\x64\libvorbis_static\analysis.obj"
         "D:\STSoC-3.0\\3rd_party\_TEMP\Release\x64\libvorbis_static\bitrate.obj"
         "D:\STSoC-3.0\\3rd_party\_TEMP\Release\x64\libvorbis_static\block.obj"
         "D:\STSoC-3.0\\3rd_party\_TEMP\Release\x64\libvorbis_static\codebook.obj"
         "D:\STSoC-3.0\\3rd_party\_TEMP\Release\x64\libvorbis_static\envelope.obj"
         "D:\STSoC-3.0\\3rd_party\_TEMP\Release\x64\libvorbis_static\floor0.obj"
         "D:\STSoC-3.0\\3rd_party\_TEMP\Release\x64\libvorbis_static\floor1.obj"
         "D:\STSoC-3.0\\3rd_party\_TEMP\Release\x64\libvorbis_static\info.obj"
         "D:\STSoC-3.0\\3rd_party\_TEMP\Release\x64\libvorbis_static\lookup.obj"
         "D:\STSoC-3.0\\3rd_party\_TEMP\Release\x64\libvorbis_static\lpc.obj"
         "D:\STSoC-3.0\\3rd_party\_TEMP\Release\x64\libvorbis_static\lsp.obj"
         "D:\STSoC-3.0\\3rd_party\_TEMP\Release\x64\libvorbis_static\mapping0.obj"
         "D:\STSoC-3.0\\3rd_party\_TEMP\Release\x64\libvorbis_static\mdct.obj"
         "D:\STSoC-3.0\\3rd_party\_TEMP\Release\x64\libvorbis_static\psy.obj"
         "D:\STSoC-3.0\\3rd_party\_TEMP\Release\x64\libvorbis_static\registry.obj"
         "D:\STSoC-3.0\\3rd_party\_TEMP\Release\x64\libvorbis_static\res0.obj"
         "D:\STSoC-3.0\\3rd_party\_TEMP\Release\x64\libvorbis_static\sharedbook.obj"
         "D:\STSoC-3.0\\3rd_party\_TEMP\Release\x64\libvorbis_static\smallft.obj"
         "D:\STSoC-3.0\\3rd_party\_TEMP\Release\x64\libvorbis_static\synthesis.obj"
         "D:\STSoC-3.0\\3rd_party\_TEMP\Release\x64\libvorbis_static\vorbisenc.obj"
         "D:\STSoC-3.0\\3rd_party\_TEMP\Release\x64\libvorbis_static\window.obj"
    19>ClCompile:
         C:\Program Files\Microsoft Visual Studio\18\Insiders\VC\Tools\MSVC\14.51.36231\bin\HostX64\x64\CL.exe /c /Zi /nologo /W4 /WX- /diagnostics:column /MP /O2 /Oi /Ot /Oy- /GT /GL /D ZSTD_MULTITHREAD=1 /D ZSTD_LEGACY_SUPPORT=5 /D WIN32 /D NDEBUG /D _CRT_SECURE_NO_WARNINGS /D _MBCS /GF /Gm- /EHsc /MT /GS /Gy /fp:fast /Zc:wchar_t /Zc:forScope /Zc:inline /permissive- /Fo"D:\STSoC-3.0\\3rd_party\_TEMP\Release\x64\libzstd\\" /Fd"D:\STSoC-3.0\\3rd_party\_TEMP\Release\x64\libzstd\libzstd.pdb" /external:W4 /Gd /TC /analyze /FC /errorReport:queue /Zc:__cplusplus /Ob3 zstd\lib\common\pool.c zstd\lib\common\debug.c zstd\lib\common\threading.c zstd\lib\common\entropy_common.c zstd\lib\compress\hist.c zstd\lib\common\error_private.c zstd\lib\common\xxhash.c zstd\lib\common\zstd_common.c zstd\lib\common\fse_decompress.c zstd\lib\compress\fse_compress.c zstd\lib\compress\huf_compress.c zstd\lib\compress\zstd_compress.c zstd\lib\compress\zstd_compress_literals.c zstd\lib\compress\zstd_compress_sequences.c zstd\lib\compress\zstd_compress_superblock.c zstd\lib\compress\zstd_preSplit.c zstd\lib\compress\zstd_fast.c zstd\lib\compress\zstd_double_fast.c zstd\lib\compress\zstd_lazy.c zstd\lib\compress\zstd_opt.c zstd\lib\compress\zstd_ldm.c zstd\lib\compress\zstdmt_compress.c zstd\lib\decompress\huf_decompress.c zstd\lib\decompress\zstd_decompress.c zstd\lib\decompress\zstd_decompress_block.c zstd\lib\decompress\zstd_ddict.c zstd\lib\dictBuilder\cover.c zstd\lib\dictBuilder\fastcover.c zstd\lib\dictBuilder\divsufsort.c zstd\lib\dictBuilder\zdict.c zstd\lib\legacy\zstd_v01.c zstd\lib\legacy\zstd_v02.c zstd\lib\legacy\zstd_v03.c zstd\lib\legacy\zstd_v04.c zstd\lib\legacy\zstd_v05.c zstd\lib\legacy\zstd_v06.c zstd\lib\legacy\zstd_v07.c
    17>ClCompile:
         StepJointInternal.cpp
    19>ClCompile:
         pool.c
         debug.c
    17>ClCompile:
         testing.cpp
    19>ClCompile:
         threading.c
         entropy_common.c
    17>ClCompile:
         timer.cpp
         util.cpp
    25>Rebuild:
         minilua.c
    22>ClCompile:
         imgui_widgets.cpp
    11>D:\STSoC-3.0\3rd_party\Src\DiscordRPC\DiscordRPC\thirdparty\rapidjson-1.1.0\include\rapidjson\document.h(1825,31): warning C5054: оператор '|': устарел при перечислении различных типов [D:\STSoC-3.0\3rd_party\Src\DiscordRPC\DiscordRPC.vcxproj]
         (компиляция исходного файла "../DiscordRPC/DiscordRPC/src/discord_rpc.cpp")
             D:\STSoC-3.0\3rd_party\Src\DiscordRPC\DiscordRPC\thirdparty\rapidjson-1.1.0\include\rapidjson\document.h(1825,31):
             контекст создания экземпляра шаблона (сначала самый старый)
                 D:\STSoC-3.0\3rd_party\Src\DiscordRPC\DiscordRPC\src\serialization.h(160,29):
                 выполняется компиляция ссылки на экземпляр класс шаблон функции "rapidjson::GenericDocument<UTF8,PoolAllocator,StackAllocator>"
                 D:\STSoC-3.0\3rd_party\Src\DiscordRPC\DiscordRPC\thirdparty\rapidjson-1.1.0\include\rapidjson\document.h(2024,32):
                 выполняется компиляция ссылки на экземпляр класс шаблон функции "rapidjson::GenericValue<rapidjson::UTF8<char>,rapidjson::MemoryPoolAllocator<rapidjson::CrtAllocator>>"
         
    11>D:\STSoC-3.0\3rd_party\Src\DiscordRPC\DiscordRPC\thirdparty\rapidjson-1.1.0\include\rapidjson\document.h(1826,33): warning C5054: оператор '|': устарел при перечислении различных типов [D:\STSoC-3.0\3rd_party\Src\DiscordRPC\DiscordRPC.vcxproj]
         (компиляция исходного файла "../DiscordRPC/DiscordRPC/src/discord_rpc.cpp")
         
    11>D:\STSoC-3.0\3rd_party\Src\DiscordRPC\DiscordRPC\thirdparty\rapidjson-1.1.0\include\rapidjson\document.h(1827,38): warning C5054: оператор '|': устарел при перечислении различных типов [D:\STSoC-3.0\3rd_party\Src\DiscordRPC\DiscordRPC.vcxproj]
         (компиляция исходного файла "../DiscordRPC/DiscordRPC/src/discord_rpc.cpp")
         
    11>D:\STSoC-3.0\3rd_party\Src\DiscordRPC\DiscordRPC\thirdparty\rapidjson-1.1.0\include\rapidjson\document.h(1828,39): warning C5054: оператор '|': устарел при перечислении различных типов [D:\STSoC-3.0\3rd_party\Src\DiscordRPC\DiscordRPC.vcxproj]
         (компиляция исходного файла "../DiscordRPC/DiscordRPC/src/discord_rpc.cpp")
         
    11>D:\STSoC-3.0\3rd_party\Src\DiscordRPC\DiscordRPC\thirdparty\rapidjson-1.1.0\include\rapidjson\document.h(1829,40): warning C5054: оператор '|': устарел при перечислении различных типов [D:\STSoC-3.0\3rd_party\Src\DiscordRPC\DiscordRPC.vcxproj]
         (компиляция исходного файла "../DiscordRPC/DiscordRPC/src/discord_rpc.cpp")
         
    11>D:\STSoC-3.0\3rd_party\Src\DiscordRPC\DiscordRPC\thirdparty\rapidjson-1.1.0\include\rapidjson\document.h(1830,41): warning C5054: оператор '|': устарел при перечислении различных типов [D:\STSoC-3.0\3rd_party\Src\DiscordRPC\DiscordRPC.vcxproj]
         (компиляция исходного файла "../DiscordRPC/DiscordRPC/src/discord_rpc.cpp")
         
    11>D:\STSoC-3.0\3rd_party\Src\DiscordRPC\DiscordRPC\thirdparty\rapidjson-1.1.0\include\rapidjson\document.h(1831,41): warning C5054: оператор '|': устарел при перечислении различных типов [D:\STSoC-3.0\3rd_party\Src\DiscordRPC\DiscordRPC.vcxproj]
         (компиляция исходного файла "../DiscordRPC/DiscordRPC/src/discord_rpc.cpp")
         
    11>D:\STSoC-3.0\3rd_party\Src\DiscordRPC\DiscordRPC\thirdparty\rapidjson-1.1.0\include\rapidjson\document.h(1832,38): warning C5054: оператор '|': устарел при перечислении различных типов [D:\STSoC-3.0\3rd_party\Src\DiscordRPC\DiscordRPC.vcxproj]
         (компиляция исходного файла "../DiscordRPC/DiscordRPC/src/discord_rpc.cpp")
         
    11>D:\STSoC-3.0\3rd_party\Src\DiscordRPC\DiscordRPC\thirdparty\rapidjson-1.1.0\include\rapidjson\document.h(1833,40): warning C5054: оператор '|': устарел при перечислении различных типов [D:\STSoC-3.0\3rd_party\Src\DiscordRPC\DiscordRPC.vcxproj]
         (компиляция исходного файла "../DiscordRPC/DiscordRPC/src/discord_rpc.cpp")
         
    11>D:\STSoC-3.0\3rd_party\Src\DiscordRPC\DiscordRPC\thirdparty\rapidjson-1.1.0\include\rapidjson\document.h(1834,39): warning C5054: оператор '|': устарел при перечислении различных типов [D:\STSoC-3.0\3rd_party\Src\DiscordRPC\DiscordRPC.vcxproj]
         (компиляция исходного файла "../DiscordRPC/DiscordRPC/src/discord_rpc.cpp")
         
    11>D:\STSoC-3.0\3rd_party\Src\DiscordRPC\DiscordRPC\thirdparty\rapidjson-1.1.0\include\rapidjson\document.h(1835,40): warning C5054: оператор '|': устарел при перечислении различных типов [D:\STSoC-3.0\3rd_party\Src\DiscordRPC\DiscordRPC.vcxproj]
         (компиляция исходного файла "../DiscordRPC/DiscordRPC/src/discord_rpc.cpp")
         
    19>ClCompile:
         hist.c
     9>Lib:
         Копирование файла из "D:\STSoC-3.0\3rd_party\_TEMP\Release\x64\libvorbis_static\libvorbis_static.pdb" в "D:\STSoC-3.0\3rd_party\_LIB\Release\x64\libvorbis_static.pdb".
         libvorbis_static.vcxproj -> D:\STSoC-3.0\3rd_party\_LIB\Release\x64\libvorbis_static.lib
    19>ClCompile:
         error_private.c
     9>FinalizeBuildStatus:
         Файл "D:\STSoC-3.0\\3rd_party\_TEMP\Release\x64\libvorbis_static\libvorbis_static.tlog\unsuccessfulbuild" удаляется.
         Обращение к "D:\STSoC-3.0\\3rd_party\_TEMP\Release\x64\libvorbis_static\libvorbis_static.tlog\libvorbis_static.lastbuildstate".
     9>Сборка проекта "D:\STSoC-3.0\3rd_party\Src\Xiph\libvorbis\win32\VS2010\libvorbis\libvorbis_static.vcxproj" завершена (целевые объекты Rebuild).
    12>Проект "D:\STSoC-3.0\ogsr_engine\Layers\xrRenderPC_R4\xrRender_R4.vcxproj" (12) выполняет сборку "D:\STSoC-3.0\ogsr_engine\xrCore\xrCore.vcxproj" (14:4) в узле 4 (целевые объекты по умолчанию).
  14:4>Проект "D:\STSoC-3.0\ogsr_engine\xrCore\xrCore.vcxproj" (14:4) выполняет сборку "D:\STSoC-3.0\3rd_party\Src\lzo\lzo.vcxproj" (15:2) в узле 2 (целевые объекты по умолчанию).
    15>PrepareForBuild:
         Структурированный вывод включен. Форматирование диагностики компилятора будет отражать иерархию ошибок. Подробнее см. https://aka.ms/cpp/structured-output.
       InitializeBuildStatus:
         Создание "D:\STSoC-3.0\\3rd_party\_TEMP\Release\x64\lzo\lzo.tlog\unsuccessfulbuild", так как было задано "AlwaysCreate".
         Обращение к "D:\STSoC-3.0\\3rd_party\_TEMP\Release\x64\lzo\lzo.tlog\unsuccessfulbuild".
       ComputeStdModulesCompileInputs:
         Чтение файла манифеста библиотеки "C:\Program Files\Microsoft Visual Studio\18\Insiders\VC\Tools\MSVC\14.51.36231\modules\modules.json", который предоставляет данные для библиотеки "microsoft/STL".
         Добавление источника модуля "C:\Program Files\Microsoft Visual Studio\18\Insiders\VC\Tools\MSVC\14.51.36231\modules\std.ixx" из библиотеки "microsoft/STL" для сборки с этим проектом.
         Добавление источника модуля "C:\Program Files\Microsoft Visual Studio\18\Insiders\VC\Tools\MSVC\14.51.36231\modules\std.compat.ixx" из библиотеки "microsoft/STL" для сборки с этим проектом.
    19>ClCompile:
         xxhash.c
    15>ClCompile:
         C:\Program Files\Microsoft Visual Studio\18\Insiders\VC\Tools\MSVC\14.51.36231\bin\HostX64\x64\CL.exe /c /I.\ /Zi /nologo /W3 /WX- /diagnostics:column /MP /O2 /Oi /Ot /Oy- /GT /GL /D NDEBUG /D _LIB /D _UNICODE /D UNICODE /GF /Gm- /MT /GS /Gy /fp:precise /Zc:wchar_t /Zc:forScope /Zc:inline /permissive- /Fo"D:\STSoC-3.0\\3rd_party\_TEMP\Release\x64\lzo\\" /Fd"D:\STSoC-3.0\\3rd_party\_TEMP\Release\x64\lzo\lzo.pdb" /external:W3 /Gd /TC /wd4456 /wd4457 /wd4458 /wd4577 /FC /errorReport:queue /Zc:__cplusplus /Ob3 lzo1.c lzo1a.c lzo1a_99.c lzo1b_1.c lzo1b_2.c lzo1b_3.c lzo1b_4.c lzo1b_5.c lzo1b_6.c lzo1b_7.c lzo1b_8.c lzo1b_9.c lzo1b_99.c lzo1b_9x.c lzo1b_cc.c lzo1b_d1.c lzo1b_d2.c lzo1b_rr.c lzo1b_xx.c lzo1c_1.c lzo1c_2.c lzo1c_3.c lzo1c_4.c lzo1c_5.c lzo1c_6.c lzo1c_7.c lzo1c_8.c lzo1c_9.c lzo1c_99.c lzo1c_9x.c lzo1c_cc.c lzo1c_d1.c lzo1c_d2.c lzo1c_rr.c lzo1c_xx.c lzo1f_1.c lzo1f_9x.c lzo1f_d1.c lzo1f_d2.c lzo1x_1.c lzo1x_1k.c lzo1x_1l.c lzo1x_1o.c lzo1x_9x.c lzo1x_d1.c lzo1x_d2.c lzo1x_d3.c lzo1x_o.c lzo1y_1.c lzo1y_9x.c lzo1y_d1.c lzo1y_d2.c lzo1y_d3.c lzo1y_o.c lzo1z_9x.c lzo1z_d1.c lzo1z_d2.c lzo1z_d3.c lzo1_99.c lzo2a_9x.c lzo2a_d1.c lzo2a_d2.c lzo_crc.c lzo_init.c lzo_ptr.c lzo_str.c lzo_util.c
         lzo1.c
         lzo1a.c
    11>ClCompile:
         discord_register_win.cpp
    15>ClCompile:
         lzo1a_99.c
         lzo1b_1.c
     5>Проект "D:\STSoC-3.0\ogsr_engine\xrSound\xrSound.vcxproj.metaproj" (5) выполняет сборку "D:\STSoC-3.0\ogsr_engine\xrSound\xrSound.vcxproj" (26) в узле 1 (целевые объекты Rebuild).
    26>_PrepareForClean:
         Файл "D:\STSoC-3.0\\ogsr_engine\_TEMP\Engine\Release\x64\xrSound\xrSound.tlog\xrSound.lastbuildstate" удаляется.
    22>Lib:
         C:\Program Files\Microsoft Visual Studio\18\Insiders\VC\Tools\MSVC\14.51.36231\bin\HostX64\x64\Lib.exe /OUT:"D:\STSoC-3.0\\3rd_party\_LIB\Release\x64\imgui.lib" /NOLOGO /MACHINE:X64 /LTCG "D:\STSoC-3.0\\3rd_party\_TEMP\Release\x64\imgui\imgui.obj"
         "D:\STSoC-3.0\\3rd_party\_TEMP\Release\x64\imgui\imgui_demo.obj"
         "D:\STSoC-3.0\\3rd_party\_TEMP\Release\x64\imgui\imgui_draw.obj"
         "D:\STSoC-3.0\\3rd_party\_TEMP\Release\x64\imgui\imgui_tables.obj"
         "D:\STSoC-3.0\\3rd_party\_TEMP\Release\x64\imgui\imgui_widgets.obj"
    19>ClCompile:
         zstd_common.c
         fse_decompress.c
    11>D:\STSoC-3.0\3rd_party\Src\DiscordRPC\DiscordRPC\src\rpc_connection.cpp(23): warning C6262: Функция использует байты стека "35000".  Рассмотрите возможность перемещения некоторых данных в кучу. [D:\STSoC-3.0\3rd_party\Src\DiscordRPC\DiscordRPC.vcxproj]
    11>D:\STSoC-3.0\3rd_party\Src\DiscordRPC\DiscordRPC\src\rpc_connection.cpp(81): warning C6262: Функция использует байты стека "65556".  Рассмотрите возможность перемещения некоторых данных в кучу. [D:\STSoC-3.0\3rd_party\Src\DiscordRPC\DiscordRPC.vcxproj]
       ClCompile:
         fse_compress.c
    15>ClCompile:
         lzo1b_2.c
    19>ClCompile:
         huf_compress.c
    15>ClCompile:
         lzo1b_3.c
    22>Lib:
         Копирование файла из "D:\STSoC-3.0\3rd_party\_TEMP\Release\x64\imgui\imgui.pdb" в "D:\STSoC-3.0\3rd_party\_LIB\Release\x64\imgui.pdb".
         imgui.vcxproj -> D:\STSoC-3.0\3rd_party\_LIB\Release\x64\imgui.lib
    15>ClCompile:
         lzo1b_4.c
         lzo1b_5.c
         lzo1b_6.c
         lzo1b_7.c
         lzo1b_8.c
    19>D:\STSoC-3.0\3rd_party\Src\zstd\zstd\lib\common\fse_decompress.c(201): warning C6326: Возможное сравнение константы с другой константой. [D:\STSoC-3.0\3rd_party\Src\zstd\libzstd.vcxproj]
    19>D:\STSoC-3.0\3rd_party\Src\zstd\zstd\lib\common\fse_decompress.c(206): warning C6326: Возможное сравнение константы с другой константой. [D:\STSoC-3.0\3rd_party\Src\zstd\libzstd.vcxproj]
    19>D:\STSoC-3.0\3rd_party\Src\zstd\zstd\lib\common\fse_decompress.c(211): warning C6326: Возможное сравнение константы с другой константой. [D:\STSoC-3.0\3rd_party\Src\zstd\libzstd.vcxproj]
       ClCompile:
         lzo1b_9.c
         lzo1b_99.c
         lzo1b_9x.c
         lzo1b_cc.c
    22>FinalizeBuildStatus:
         Файл "D:\STSoC-3.0\\3rd_party\_TEMP\Release\x64\imgui\imgui.tlog\unsuccessfulbuild" удаляется.
         Обращение к "D:\STSoC-3.0\\3rd_party\_TEMP\Release\x64\imgui\imgui.tlog\imgui.lastbuildstate".
    22>Сборка проекта "D:\STSoC-3.0\3rd_party\Src\imgui\imgui.vcxproj" завершена (целевые объекты Rebuild).
    15>ClCompile:
         lzo1b_d1.c
    19>ClCompile:
         zstd_compress.c
    15>ClCompile:
         lzo1b_d2.c
    19>D:\STSoC-3.0\3rd_party\Src\zstd\zstd\lib\compress\fse_compress.c(581): warning C6239: (<ненулевая константа> && <выражение>) всегда оценивает результат <выражение>: вы хотели использовать оператор побитового И ("&")? Если нет, рассмотрите возможность удаления избыточного значения "<ненулевая константа>" и "&&" оператора. [D:\STSoC-3.0\3rd_party\Src\zstd\libzstd.vcxproj]
    19>D:\STSoC-3.0\3rd_party\Src\zstd\zstd\lib\compress\fse_compress.c(581): warning C6326: Возможное сравнение константы с другой константой. [D:\STSoC-3.0\3rd_party\Src\zstd\libzstd.vcxproj]
    19>D:\STSoC-3.0\3rd_party\Src\zstd\zstd\lib\compress\fse_compress.c(592): warning C6326: Возможное сравнение константы с другой константой. [D:\STSoC-3.0\3rd_party\Src\zstd\libzstd.vcxproj]
    19>D:\STSoC-3.0\3rd_party\Src\zstd\zstd\lib\compress\fse_compress.c(597): warning C6326: Возможное сравнение константы с другой константой. [D:\STSoC-3.0\3rd_party\Src\zstd\libzstd.vcxproj]
         zstd_compress_literals.c
       ClCompile:
         lzo1b_rr.c
    19>ClCompile:
         zstd_compress_sequences.c
    15>ClCompile:
         lzo1b_xx.c
         lzo1c_1.c
         lzo1c_2.c
         lzo1c_3.c
    17>ClCompile:
         C:\Program Files\Microsoft Visual Studio\18\Insiders\VC\Tools\MSVC\14.51.36231\bin\HostX64\x64\CL.exe /c /I../../../include /Zi /nologo /W3 /WX- /diagnostics:column /MP /O2 /Oi /Ot /Oy- /GT /GL /D WIN32 /D _WINDOWS /D NDEBUG /D _USRDLL /D dSINGLE /D MSVC /D dNODEBUG /D _MBCS /GF /Gm- /MT /GS /Gy /fp:fast /Zc:wchar_t /Zc:forScope /Zc:inline /std:c++23preview /permissive- /Fo"D:\STSoC-3.0\\3rd_party\_TEMP\Release\x64\ode\\" /Fd"D:\STSoC-3.0\\3rd_party\_TEMP\Release\x64\ode\ode.pdb" /external:W3 /Gd /TP /wd4244 /wd4456 /wd4457 /wd4458 /wd4577 /FC /errorReport:queue /Zc:__cplusplus /Ob3 ..\..\..\ode\src\collision_quadtreespace.cpp ..\..\..\ode\src\collision_std.cpp
     1>Проект "D:\STSoC-3.0\STSoC-Engine.sln" (1) выполняет сборку "D:\STSoC-3.0\3rd_party\Src\DirectXTex\DirectXTex.vcxproj" (23:2) в узле 1 (целевые объекты Rebuild).
    23>ATGEnsureShaders:
         CompileShaders
    17>ClCompile:
         collision_quadtreespace.cpp
         collision_std.cpp
    19>ClCompile:
         zstd_compress_superblock.c
    15>ClCompile:
         lzo1c_4.c
         lzo1c_5.c
         lzo1c_6.c
         lzo1c_7.c
    23>ATGEnsureShaders:
         
         "C:\Program Files (x86)\Windows Kits\10\bin\10.0.26100.0\x64\fxc.exe" "BC7Encode.hlsl" /nologo /WX /Ges /Zi /Zpc /Qstrip_reflect /Qstrip_debug /Tcs_5_0 /ETryMode456CS "/Fh./Compiled\BC7Encode_TryMode456CS.inc" "/Fd./Compiled\BC7Encode_TryMode456CS.pdb" /VnBC7Encode_TryMode456CS
    19>D:\STSoC-3.0\3rd_party\Src\zstd\zstd\lib\compress\zstd_compress_sequences.c(333): warning C6293: Неверно определенный цикл for. [D:\STSoC-3.0\3rd_party\Src\zstd\libzstd.vcxproj]
    15>ClCompile:
         lzo1c_8.c
         lzo1c_9.c
         lzo1c_99.c
         lzo1c_9x.c
    19>ClCompile:
         zstd_preSplit.c
         zstd_fast.c
    15>ClCompile:
         lzo1c_cc.c
         lzo1c_d1.c
         lzo1c_d2.c
         lzo1c_rr.c
         lzo1c_xx.c
         lzo1f_1.c
         lzo1f_9x.c
         lzo1f_d1.c
         lzo1f_d2.c
    19>ClCompile:
         zstd_double_fast.c
    15>ClCompile:
         lzo1x_1.c
    11>D:\STSoC-3.0\3rd_party\Src\DiscordRPC\DiscordRPC\src\discord_rpc.cpp(134): warning C6262: Функция использует байты стека "51488".  Рассмотрите возможность перемещения некоторых данных в кучу. [D:\STSoC-3.0\3rd_party\Src\DiscordRPC\DiscordRPC.vcxproj]
       ClCompile:
         lzo1x_1k.c
         lzo1x_1l.c
         lzo1x_1o.c
         lzo1x_9x.c
         lzo1x_d1.c
         lzo1x_d2.c
         lzo1x_d3.c
         lzo1x_o.c
    19>ClCompile:
         zstd_lazy.c
    15>ClCompile:
         lzo1y_1.c
         lzo1y_9x.c
         lzo1y_d1.c
         lzo1y_d2.c
         lzo1y_d3.c
         lzo1y_o.c
         lzo1z_9x.c
         lzo1z_d1.c
    19>ClCompile:
         zstd_opt.c
    15>ClCompile:
         lzo1z_d2.c
         lzo1z_d3.c
         lzo1_99.c
         lzo2a_9x.c
    19>ClCompile:
         zstd_ldm.c
    15>ClCompile:
         lzo2a_d1.c
         lzo2a_d2.c
    11>Lib:
         C:\Program Files\Microsoft Visual Studio\18\Insiders\VC\Tools\MSVC\14.51.36231\bin\HostX64\x64\Lib.exe /OUT:"D:\STSoC-3.0\\3rd_party\_LIB\Release\x64\DiscordRPC.lib" /NOLOGO /MACHINE:X64 /LTCG "D:\STSoC-3.0\\3rd_party\_TEMP\Release\x64\DiscordRPC\discord_rpc.obj"
         "D:\STSoC-3.0\\3rd_party\_TEMP\Release\x64\DiscordRPC\rpc_connection.obj"
         "D:\STSoC-3.0\\3rd_party\_TEMP\Release\x64\DiscordRPC\serialization.obj"
         "D:\STSoC-3.0\\3rd_party\_TEMP\Release\x64\DiscordRPC\connection_win.obj"
         "D:\STSoC-3.0\\3rd_party\_TEMP\Release\x64\DiscordRPC\discord_register_win.obj"
    15>ClCompile:
         lzo_crc.c
         lzo_init.c
         lzo_ptr.c
         lzo_str.c
         lzo_util.c
    11>Lib:
         Копирование файла из "D:\STSoC-3.0\3rd_party\_TEMP\Release\x64\DiscordRPC\DiscordRPC.pdb" в "D:\STSoC-3.0\3rd_party\_LIB\Release\x64\DiscordRPC.pdb".
         DiscordRPC.vcxproj -> D:\STSoC-3.0\3rd_party\_LIB\Release\x64\DiscordRPC.lib
       FinalizeBuildStatus:
         Файл "D:\STSoC-3.0\\3rd_party\_TEMP\Release\x64\DiscordRPC\DiscordRPC.tlog\unsuccessfulbuild" удаляется.
         Обращение к "D:\STSoC-3.0\\3rd_party\_TEMP\Release\x64\DiscordRPC\DiscordRPC.tlog\DiscordRPC.lastbuildstate".
    11>Сборка проекта "D:\STSoC-3.0\3rd_party\Src\DiscordRPC\DiscordRPC.vcxproj" завершена (целевые объекты Rebuild).
    19>D:\STSoC-3.0\3rd_party\Src\zstd\zstd\lib\compress\zstd_lazy.c(1338): warning C6011: Разыменование пустого указателя "dmsTagRow". : Lines: 1192, 1193, 1194, 1195, 1196, 1197, 1198, 1199, 1200, 1201, 1202, 1203, 1204, 1205, 1206, 1207, 1208, 1209, 1210, 1211, 1212, 1213, 1214, 1215, 1218, 1221, 1222, 1223, 1224, 1225, 1227, 1236, 1249, 1256, 1257, 1259, 1262, 1263, 1264, 1265, 1266, 1267, 1268, 1269, 1270, 1273, 1292, 1293, 1294, 1298, 1327, 1330, 1332, 1333, 1334, 1335, 1336, 1338 [D:\STSoC-3.0\3rd_party\Src\zstd\libzstd.vcxproj]
    19>D:\STSoC-3.0\3rd_party\Src\zstd\zstd\lib\compress\zstd_lazy.c(1346): warning C6011: Разыменование пустого указателя "dmsRow". : Lines: 1192, 1193, 1194, 1195, 1196, 1197, 1198, 1199, 1200, 1201, 1202, 1203, 1204, 1205, 1206, 1207, 1208, 1209, 1210, 1211, 1212, 1213, 1214, 1215, 1218, 1221, 1222, 1223, 1224, 1225, 1227, 1236, 1249, 1256, 1257, 1259, 1262, 1263, 1264, 1265, 1266, 1267, 1268, 1269, 1270, 1273, 1292, 1293, 1294, 1298, 1327, 1330, 1332, 1333, 1334, 1335, 1336, 1338, 1339, 1340, 1341, 1342, 1344, 1345, 1346 [D:\STSoC-3.0\3rd_party\Src\zstd\libzstd.vcxproj]
    15>Lib:
         C:\Program Files\Microsoft Visual Studio\18\Insiders\VC\Tools\MSVC\14.51.36231\bin\HostX64\x64\Lib.exe /OUT:"D:\STSoC-3.0\\3rd_party\_LIB\Release\x64\lzo.lib" /NOLOGO /MACHINE:X64 /LTCG "D:\STSoC-3.0\\3rd_party\_TEMP\Release\x64\lzo\lzo1.obj"
         "D:\STSoC-3.0\\3rd_party\_TEMP\Release\x64\lzo\lzo1a.obj"
         "D:\STSoC-3.0\\3rd_party\_TEMP\Release\x64\lzo\lzo1a_99.obj"
         "D:\STSoC-3.0\\3rd_party\_TEMP\Release\x64\lzo\lzo1b_1.obj"
         "D:\STSoC-3.0\\3rd_party\_TEMP\Release\x64\lzo\lzo1b_2.obj"
         "D:\STSoC-3.0\\3rd_party\_TEMP\Release\x64\lzo\lzo1b_3.obj"
         "D:\STSoC-3.0\\3rd_party\_TEMP\Release\x64\lzo\lzo1b_4.obj"
         "D:\STSoC-3.0\\3rd_party\_TEMP\Release\x64\lzo\lzo1b_5.obj"
         "D:\STSoC-3.0\\3rd_party\_TEMP\Release\x64\lzo\lzo1b_6.obj"
         "D:\STSoC-3.0\\3rd_party\_TEMP\Release\x64\lzo\lzo1b_7.obj"
         "D:\STSoC-3.0\\3rd_party\_TEMP\Release\x64\lzo\lzo1b_8.obj"
         "D:\STSoC-3.0\\3rd_party\_TEMP\Release\x64\lzo\lzo1b_9.obj"
         "D:\STSoC-3.0\\3rd_party\_TEMP\Release\x64\lzo\lzo1b_99.obj"
         "D:\STSoC-3.0\\3rd_party\_TEMP\Release\x64\lzo\lzo1b_9x.obj"
         "D:\STSoC-3.0\\3rd_party\_TEMP\Release\x64\lzo\lzo1b_cc.obj"
         "D:\STSoC-3.0\\3rd_party\_TEMP\Release\x64\lzo\lzo1b_d1.obj"
         "D:\STSoC-3.0\\3rd_party\_TEMP\Release\x64\lzo\lzo1b_d2.obj"
         "D:\STSoC-3.0\\3rd_party\_TEMP\Release\x64\lzo\lzo1b_rr.obj"
         "D:\STSoC-3.0\\3rd_party\_TEMP\Release\x64\lzo\lzo1b_xx.obj"
         "D:\STSoC-3.0\\3rd_party\_TEMP\Release\x64\lzo\lzo1c_1.obj"
         "D:\STSoC-3.0\\3rd_party\_TEMP\Release\x64\lzo\lzo1c_2.obj"
         "D:\STSoC-3.0\\3rd_party\_TEMP\Release\x64\lzo\lzo1c_3.obj"
         "D:\STSoC-3.0\\3rd_party\_TEMP\Release\x64\lzo\lzo1c_4.obj"
         "D:\STSoC-3.0\\3rd_party\_TEMP\Release\x64\lzo\lzo1c_5.obj"
         "D:\STSoC-3.0\\3rd_party\_TEMP\Release\x64\lzo\lzo1c_6.obj"
         "D:\STSoC-3.0\\3rd_party\_TEMP\Release\x64\lzo\lzo1c_7.obj"
         "D:\STSoC-3.0\\3rd_party\_TEMP\Release\x64\lzo\lzo1c_8.obj"
         "D:\STSoC-3.0\\3rd_party\_TEMP\Release\x64\lzo\lzo1c_9.obj"
         "D:\STSoC-3.0\\3rd_party\_TEMP\Release\x64\lzo\lzo1c_99.obj"
         "D:\STSoC-3.0\\3rd_party\_TEMP\Release\x64\lzo\lzo1c_9x.obj"
         "D:\STSoC-3.0\\3rd_party\_TEMP\Release\x64\lzo\lzo1c_cc.obj"
         "D:\STSoC-3.0\\3rd_party\_TEMP\Release\x64\lzo\lzo1c_d1.obj"
         "D:\STSoC-3.0\\3rd_party\_TEMP\Release\x64\lzo\lzo1c_d2.obj"
         "D:\STSoC-3.0\\3rd_party\_TEMP\Release\x64\lzo\lzo1c_rr.obj"
         "D:\STSoC-3.0\\3rd_party\_TEMP\Release\x64\lzo\lzo1c_xx.obj"
         "D:\STSoC-3.0\\3rd_party\_TEMP\Release\x64\lzo\lzo1f_1.obj"
         "D:\STSoC-3.0\\3rd_party\_TEMP\Release\x64\lzo\lzo1f_9x.obj"
         "D:\STSoC-3.0\\3rd_party\_TEMP\Release\x64\lzo\lzo1f_d1.obj"
         "D:\STSoC-3.0\\3rd_party\_TEMP\Release\x64\lzo\lzo1f_d2.obj"
         "D:\STSoC-3.0\\3rd_party\_TEMP\Release\x64\lzo\lzo1x_1.obj"
         "D:\STSoC-3.0\\3rd_party\_TEMP\Release\x64\lzo\lzo1x_1k.obj"
         "D:\STSoC-3.0\\3rd_party\_TEMP\Release\x64\lzo\lzo1x_1l.obj"
         "D:\STSoC-3.0\\3rd_party\_TEMP\Release\x64\lzo\lzo1x_1o.obj"
         "D:\STSoC-3.0\\3rd_party\_TEMP\Release\x64\lzo\lzo1x_9x.obj"
         "D:\STSoC-3.0\\3rd_party\_TEMP\Release\x64\lzo\lzo1x_d1.obj"
         "D:\STSoC-3.0\\3rd_party\_TEMP\Release\x64\lzo\lzo1x_d2.obj"
         "D:\STSoC-3.0\\3rd_party\_TEMP\Release\x64\lzo\lzo1x_d3.obj"
         "D:\STSoC-3.0\\3rd_party\_TEMP\Release\x64\lzo\lzo1x_o.obj"
         "D:\STSoC-3.0\\3rd_party\_TEMP\Release\x64\lzo\lzo1y_1.obj"
         "D:\STSoC-3.0\\3rd_party\_TEMP\Release\x64\lzo\lzo1y_9x.obj"
         "D:\STSoC-3.0\\3rd_party\_TEMP\Release\x64\lzo\lzo1y_d1.obj"
         "D:\STSoC-3.0\\3rd_party\_TEMP\Release\x64\lzo\lzo1y_d2.obj"
         "D:\STSoC-3.0\\3rd_party\_TEMP\Release\x64\lzo\lzo1y_d3.obj"
         "D:\STSoC-3.0\\3rd_party\_TEMP\Release\x64\lzo\lzo1y_o.obj"
         "D:\STSoC-3.0\\3rd_party\_TEMP\Release\x64\lzo\lzo1z_9x.obj"
         "D:\STSoC-3.0\\3rd_party\_TEMP\Release\x64\lzo\lzo1z_d1.obj"
         "D:\STSoC-3.0\\3rd_party\_TEMP\Release\x64\lzo\lzo1z_d2.obj"
         "D:\STSoC-3.0\\3rd_party\_TEMP\Release\x64\lzo\lzo1z_d3.obj"
         "D:\STSoC-3.0\\3rd_party\_TEMP\Release\x64\lzo\lzo1_99.obj"
         "D:\STSoC-3.0\\3rd_party\_TEMP\Release\x64\lzo\lzo2a_9x.obj"
         "D:\STSoC-3.0\\3rd_party\_TEMP\Release\x64\lzo\lzo2a_d1.obj"
         "D:\STSoC-3.0\\3rd_party\_TEMP\Release\x64\lzo\lzo2a_d2.obj"
         "D:\STSoC-3.0\\3rd_party\_TEMP\Release\x64\lzo\lzo_crc.obj"
         "D:\STSoC-3.0\\3rd_party\_TEMP\Release\x64\lzo\lzo_init.obj"
         "D:\STSoC-3.0\\3rd_party\_TEMP\Release\x64\lzo\lzo_ptr.obj"
         "D:\STSoC-3.0\\3rd_party\_TEMP\Release\x64\lzo\lzo_str.obj"
         "D:\STSoC-3.0\\3rd_party\_TEMP\Release\x64\lzo\lzo_util.obj"
    25>Rebuild:
            Создается библиотека minilua.lib и объект minilua.exp
    19>ClCompile:
         zstdmt_compress.c
    25>Rebuild:
         Создание кода
    19>ClCompile:
         huf_decompress.c
    23>ATGEnsureShaders:
         compilation PDB save succeeded; see D:\STSoC-3.0\3rd_party\Src\DirectXTex\DirectXTex\DirectXTex\Shaders\Compiled\BC7Encode_TryMode456CS.pdb
    19>ClCompile:
         zstd_decompress.c
         zstd_decompress_block.c
    15>Lib:
         Копирование файла из "D:\STSoC-3.0\3rd_party\_TEMP\Release\x64\lzo\lzo.pdb" в "D:\STSoC-3.0\3rd_party\_LIB\Release\x64\lzo.pdb".
         lzo.vcxproj -> D:\STSoC-3.0\3rd_party\_LIB\Release\x64\lzo.lib
       FinalizeBuildStatus:
         Файл "D:\STSoC-3.0\\3rd_party\_TEMP\Release\x64\lzo\lzo.tlog\unsuccessfulbuild" удаляется.
         Обращение к "D:\STSoC-3.0\\3rd_party\_TEMP\Release\x64\lzo\lzo.tlog\lzo.lastbuildstate".
    15>Сборка проекта "D:\STSoC-3.0\3rd_party\Src\lzo\lzo.vcxproj" завершена (целевые объекты по умолчанию).
    23>ATGEnsureShaders:
         compilation header save succeeded; see D:\STSoC-3.0\3rd_party\Src\DirectXTex\DirectXTex\DirectXTex\Shaders\Compiled\BC7Encode_TryMode456CS.inc
         "C:\Program Files (x86)\Windows Kits\10\bin\10.0.26100.0\x64\fxc.exe" "BC7Encode.hlsl" /nologo /WX /Ges /Zi /Zpc /Qstrip_reflect /Qstrip_debug /Tcs_4_0 /DEMULATE_F16C /ETryMode456CS "/Fh./Compiled\BC7Encode_TryMode456CS_cs40.inc" "/Fd./Compiled\BC7Encode_TryMode456CS_cs40.pdb" /VnBC7Encode_TryMode456CS
         compilation PDB save succeeded; see D:\STSoC-3.0\3rd_party\Src\DirectXTex\DirectXTex\DirectXTex\Shaders\Compiled\BC7Encode_TryMode456CS_cs40.pdb
    19>ClCompile:
         zstd_ddict.c
    23>ATGEnsureShaders:
         compilation header save succeeded; see D:\STSoC-3.0\3rd_party\Src\DirectXTex\DirectXTex\DirectXTex\Shaders\Compiled\BC7Encode_TryMode456CS_cs40.inc
         
         "C:\Program Files (x86)\Windows Kits\10\bin\10.0.26100.0\x64\fxc.exe" "BC7Encode.hlsl" /nologo /WX /Ges /Zi /Zpc /Qstrip_reflect /Qstrip_debug /Tcs_5_0 /ETryMode137CS "/Fh./Compiled\BC7Encode_TryMode137CS.inc" "/Fd./Compiled\BC7Encode_TryMode137CS.pdb" /VnBC7Encode_TryMode137CS
    19>ClCompile:
         cover.c
         fastcover.c
         divsufsort.c
         zdict.c
    19>D:\STSoC-3.0\3rd_party\Src\zstd\zstd\lib\dictBuilder\divsufsort.c(368): warning C6297: Арифметическое переполнение.  Результаты могут не быть ожидаемым значением. [D:\STSoC-3.0\3rd_party\Src\zstd\libzstd.vcxproj]
    19>D:\STSoC-3.0\3rd_party\Src\zstd\zstd\lib\dictBuilder\divsufsort.c(370): warning C6297: Арифметическое переполнение.  Результаты могут не быть ожидаемым значением. [D:\STSoC-3.0\3rd_party\Src\zstd\libzstd.vcxproj]
    19>D:\STSoC-3.0\3rd_party\Src\zstd\zstd\lib\dictBuilder\divsufsort.c(1031): warning C6297: Арифметическое переполнение.  Результаты могут не быть ожидаемым значением. [D:\STSoC-3.0\3rd_party\Src\zstd\libzstd.vcxproj]
    19>D:\STSoC-3.0\3rd_party\Src\zstd\zstd\lib\dictBuilder\divsufsort.c(1033): warning C6297: Арифметическое переполнение.  Результаты могут не быть ожидаемым значением. [D:\STSoC-3.0\3rd_party\Src\zstd\libzstd.vcxproj]
    23>ATGEnsureShaders:
         compilation PDB save succeeded; see D:\STSoC-3.0\3rd_party\Src\DirectXTex\DirectXTex\DirectXTex\Shaders\Compiled\BC7Encode_TryMode137CS.pdb
    19>ClCompile:
         zstd_v01.c
    23>ATGEnsureShaders:
         compilation header save succeeded; see D:\STSoC-3.0\3rd_party\Src\DirectXTex\DirectXTex\DirectXTex\Shaders\Compiled\BC7Encode_TryMode137CS.inc
         "C:\Program Files (x86)\Windows Kits\10\bin\10.0.26100.0\x64\fxc.exe" "BC7Encode.hlsl" /nologo /WX /Ges /Zi /Zpc /Qstrip_reflect /Qstrip_debug /Tcs_4_0 /DEMULATE_F16C /ETryMode137CS "/Fh./Compiled\BC7Encode_TryMode137CS_cs40.inc" "/Fd./Compiled\BC7Encode_TryMode137CS_cs40.pdb" /VnBC7Encode_TryMode137CS
    19>D:\STSoC-3.0\3rd_party\Src\zstd\zstd\lib\dictBuilder\zdict.c(518): warning C6386: Переполнение буфера при записи в "reverseSuffix":  доступный для записи объем равен "((bufferSize))*sizeof((*reverseSuffix))" байт, однако записать можно только "suffix[pos]" байт.: Lines: 474, 475, 476, 477, 478, 479, 480, 481, 496, 497, 501, 502, 505, 506, 509, 510, 511, 513, 514, 516, 517, 518 [D:\STSoC-3.0\3rd_party\Src\zstd\libzstd.vcxproj]
    19>D:\STSoC-3.0\3rd_party\Src\zstd\zstd\lib\dictBuilder\cover.c(1101): warning C6385: Чтение недопустимых данных из "largestDictbuffer":  доступный для чтения объем равен "dictBufferCapacity" байт, однако считать можно только "257" байт.: Lines: 1053, 1054, 1055, 1057, 1058, 1059, 1061, 1068, 1069, 1073, 1079, 1084, 1090, 1095, 1096, 1097, 1100, 1101 [D:\STSoC-3.0\3rd_party\Src\zstd\libzstd.vcxproj]
    19>D:\STSoC-3.0\3rd_party\Src\zstd\zstd\lib\dictBuilder\cover.c(1101): warning C6386: Переполнение буфера при записи в "candidateDictBuffer":  доступный для записи объем равен "dictBufferCapacity" байт, однако записать можно только "257" байт.: Lines: 1053, 1054, 1055, 1057, 1058, 1059, 1061, 1068, 1069, 1073, 1079, 1084, 1090, 1095, 1096, 1097, 1100, 1101 [D:\STSoC-3.0\3rd_party\Src\zstd\libzstd.vcxproj]
         zstd_v02.c
    19>D:\STSoC-3.0\3rd_party\Src\zstd\zstd\lib\legacy\zstd_v01.c(805): warning C6326: Возможное сравнение константы с другой константой. [D:\STSoC-3.0\3rd_party\Src\zstd\libzstd.vcxproj]
    19>D:\STSoC-3.0\3rd_party\Src\zstd\zstd\lib\legacy\zstd_v01.c(810): warning C6326: Возможное сравнение константы с другой константой. [D:\STSoC-3.0\3rd_party\Src\zstd\libzstd.vcxproj]
    19>D:\STSoC-3.0\3rd_party\Src\zstd\zstd\lib\legacy\zstd_v01.c(815): warning C6326: Возможное сравнение константы с другой константой. [D:\STSoC-3.0\3rd_party\Src\zstd\libzstd.vcxproj]
    19>D:\STSoC-3.0\3rd_party\Src\zstd\zstd\lib\legacy\zstd_v01.c(859): warning C6262: Функция использует байты стека "16964".  Рассмотрите возможность перемещения некоторых данных в кучу. [D:\STSoC-3.0\3rd_party\Src\zstd\libzstd.vcxproj]
    19>D:\STSoC-3.0\3rd_party\Src\zstd\zstd\lib\legacy\zstd_v01.c(1469): warning C6297: Арифметическое переполнение.  Результаты могут не быть ожидаемым значением. [D:\STSoC-3.0\3rd_party\Src\zstd\libzstd.vcxproj]
    19>D:\STSoC-3.0\3rd_party\Src\zstd\zstd\lib\legacy\zstd_v01.c(1556): warning C6297: Арифметическое переполнение.  Результаты могут не быть ожидаемым значением. [D:\STSoC-3.0\3rd_party\Src\zstd\libzstd.vcxproj]
    19>D:\STSoC-3.0\3rd_party\Src\zstd\zstd\lib\legacy\zstd_v01.c(1562): warning C6297: Арифметическое переполнение.  Результаты могут не быть ожидаемым значением. [D:\STSoC-3.0\3rd_party\Src\zstd\libzstd.vcxproj]
         zstd_v03.c
         zstd_v04.c
         zstd_v05.c
    19>D:\STSoC-3.0\3rd_party\Src\zstd\zstd\lib\legacy\zstd_v02.c(1305): warning C6326: Возможное сравнение константы с другой константой. [D:\STSoC-3.0\3rd_party\Src\zstd\libzstd.vcxproj]
    19>D:\STSoC-3.0\3rd_party\Src\zstd\zstd\lib\legacy\zstd_v02.c(1310): warning C6326: Возможное сравнение константы с другой константой. [D:\STSoC-3.0\3rd_party\Src\zstd\libzstd.vcxproj]
    19>D:\STSoC-3.0\3rd_party\Src\zstd\zstd\lib\legacy\zstd_v02.c(1315): warning C6326: Возможное сравнение константы с другой константой. [D:\STSoC-3.0\3rd_party\Src\zstd\libzstd.vcxproj]
    19>D:\STSoC-3.0\3rd_party\Src\zstd\zstd\lib\legacy\zstd_v02.c(1359): warning C6262: Функция использует байты стека "16964".  Рассмотрите возможность перемещения некоторых данных в кучу. [D:\STSoC-3.0\3rd_party\Src\zstd\libzstd.vcxproj]
       ATGEnsureShaders:
         compilation PDB save succeeded; see D:\STSoC-3.0\3rd_party\Src\DirectXTex\DirectXTex\DirectXTex\Shaders\Compiled\BC7Encode_TryMode137CS_cs40.pdb
         compilation header save succeeded; see D:\STSoC-3.0\3rd_party\Src\DirectXTex\DirectXTex\DirectXTex\Shaders\Compiled\BC7Encode_TryMode137CS_cs40.inc
    19>D:\STSoC-3.0\3rd_party\Src\zstd\zstd\lib\legacy\zstd_v03.c(1305): warning C6326: Возможное сравнение константы с другой константой. [D:\STSoC-3.0\3rd_party\Src\zstd\libzstd.vcxproj]
    19>D:\STSoC-3.0\3rd_party\Src\zstd\zstd\lib\legacy\zstd_v03.c(1310): warning C6326: Возможное сравнение константы с другой константой. [D:\STSoC-3.0\3rd_party\Src\zstd\libzstd.vcxproj]
    19>D:\STSoC-3.0\3rd_party\Src\zstd\zstd\lib\legacy\zstd_v03.c(1315): warning C6326: Возможное сравнение константы с другой константой. [D:\STSoC-3.0\3rd_party\Src\zstd\libzstd.vcxproj]
       ATGEnsureShaders:
         
    19>D:\STSoC-3.0\3rd_party\Src\zstd\zstd\lib\legacy\zstd_v03.c(1359): warning C6262: Функция использует байты стека "16964".  Рассмотрите возможность перемещения некоторых данных в кучу. [D:\STSoC-3.0\3rd_party\Src\zstd\libzstd.vcxproj]
       ATGEnsureShaders:
         "C:\Program Files (x86)\Windows Kits\10\bin\10.0.26100.0\x64\fxc.exe" "BC7Encode.hlsl" /nologo /WX /Ges /Zi /Zpc /Qstrip_reflect /Qstrip_debug /Tcs_5_0 /ETryMode02CS "/Fh./Compiled\BC7Encode_TryMode02CS.inc" "/Fd./Compiled\BC7Encode_TryMode02CS.pdb" /VnBC7Encode_TryMode02CS
    19>D:\STSoC-3.0\3rd_party\Src\zstd\zstd\lib\legacy\zstd_v04.c(1290): warning C6326: Возможное сравнение константы с другой константой. [D:\STSoC-3.0\3rd_party\Src\zstd\libzstd.vcxproj]
    19>D:\STSoC-3.0\3rd_party\Src\zstd\zstd\lib\legacy\zstd_v04.c(1295): warning C6326: Возможное сравнение константы с другой константой. [D:\STSoC-3.0\3rd_party\Src\zstd\libzstd.vcxproj]
    19>D:\STSoC-3.0\3rd_party\Src\zstd\zstd\lib\legacy\zstd_v04.c(1300): warning C6326: Возможное сравнение константы с другой константой. [D:\STSoC-3.0\3rd_party\Src\zstd\libzstd.vcxproj]
    19>D:\STSoC-3.0\3rd_party\Src\zstd\zstd\lib\legacy\zstd_v04.c(1347): warning C6262: Функция использует байты стека "16964".  Рассмотрите возможность перемещения некоторых данных в кучу. [D:\STSoC-3.0\3rd_party\Src\zstd\libzstd.vcxproj]
    19>D:\STSoC-3.0\3rd_party\Src\zstd\zstd\lib\legacy\zstd_v02.c(2115): warning C6262: Функция использует байты стека "16436".  Рассмотрите возможность перемещения некоторых данных в кучу. [D:\STSoC-3.0\3rd_party\Src\zstd\libzstd.vcxproj]
    19>D:\STSoC-3.0\3rd_party\Src\zstd\zstd\lib\legacy\zstd_v05.c(1400): warning C6326: Возможное сравнение константы с другой константой. [D:\STSoC-3.0\3rd_party\Src\zstd\libzstd.vcxproj]
    19>D:\STSoC-3.0\3rd_party\Src\zstd\zstd\lib\legacy\zstd_v05.c(1405): warning C6326: Возможное сравнение константы с другой константой. [D:\STSoC-3.0\3rd_party\Src\zstd\libzstd.vcxproj]
    19>D:\STSoC-3.0\3rd_party\Src\zstd\zstd\lib\legacy\zstd_v05.c(1410): warning C6326: Возможное сравнение константы с другой константой. [D:\STSoC-3.0\3rd_party\Src\zstd\libzstd.vcxproj]
    19>D:\STSoC-3.0\3rd_party\Src\zstd\zstd\lib\legacy\zstd_v05.c(1454): warning C6262: Функция использует байты стека "16964".  Рассмотрите возможность перемещения некоторых данных в кучу. [D:\STSoC-3.0\3rd_party\Src\zstd\libzstd.vcxproj]
    19>D:\STSoC-3.0\3rd_party\Src\zstd\zstd\lib\legacy\zstd_v02.c(2472): warning C6262: Функция использует байты стека "24628".  Рассмотрите возможность перемещения некоторых данных в кучу. [D:\STSoC-3.0\3rd_party\Src\zstd\libzstd.vcxproj]
    19>D:\STSoC-3.0\3rd_party\Src\zstd\zstd\lib\legacy\zstd_v02.c(2881): warning C6297: Арифметическое переполнение.  Результаты могут не быть ожидаемым значением. [D:\STSoC-3.0\3rd_party\Src\zstd\libzstd.vcxproj]
    19>D:\STSoC-3.0\3rd_party\Src\zstd\zstd\lib\legacy\zstd_v02.c(2887): warning C6297: Арифметическое переполнение.  Результаты могут не быть ожидаемым значением. [D:\STSoC-3.0\3rd_party\Src\zstd\libzstd.vcxproj]
    19>D:\STSoC-3.0\3rd_party\Src\zstd\zstd\lib\legacy\zstd_v02.c(3266): warning C6262: Функция использует байты стека "141416".  Рассмотрите возможность перемещения некоторых данных в кучу. [D:\STSoC-3.0\3rd_party\Src\zstd\libzstd.vcxproj]
    19>D:\STSoC-3.0\3rd_party\Src\zstd\zstd\lib\legacy\zstd_v03.c(2111): warning C6262: Функция использует байты стека "16436".  Рассмотрите возможность перемещения некоторых данных в кучу. [D:\STSoC-3.0\3rd_party\Src\zstd\libzstd.vcxproj]
    19>D:\STSoC-3.0\3rd_party\Src\zstd\zstd\lib\legacy\zstd_v05.c(2312): warning C6262: Функция использует байты стека "16436".  Рассмотрите возможность перемещения некоторых данных в кучу. [D:\STSoC-3.0\3rd_party\Src\zstd\libzstd.vcxproj]
    19>D:\STSoC-3.0\3rd_party\Src\zstd\zstd\lib\legacy\zstd_v03.c(2521): warning C6297: Арифметическое переполнение.  Результаты могут не быть ожидаемым значением. [D:\STSoC-3.0\3rd_party\Src\zstd\libzstd.vcxproj]
    19>D:\STSoC-3.0\3rd_party\Src\zstd\zstd\lib\legacy\zstd_v03.c(2527): warning C6297: Арифметическое переполнение.  Результаты могут не быть ожидаемым значением. [D:\STSoC-3.0\3rd_party\Src\zstd\libzstd.vcxproj]
         zstd_v06.c
    19>D:\STSoC-3.0\3rd_party\Src\zstd\zstd\lib\legacy\zstd_v03.c(2905): warning C6262: Функция использует байты стека "141416".  Рассмотрите возможность перемещения некоторых данных в кучу. [D:\STSoC-3.0\3rd_party\Src\zstd\libzstd.vcxproj]
    19>D:\STSoC-3.0\3rd_party\Src\zstd\zstd\lib\legacy\zstd_v04.c(2264): warning C6262: Функция использует байты стека "16436".  Рассмотрите возможность перемещения некоторых данных в кучу. [D:\STSoC-3.0\3rd_party\Src\zstd\libzstd.vcxproj]
    19>D:\STSoC-3.0\3rd_party\Src\zstd\zstd\lib\legacy\zstd_v04.c(2653): warning C6297: Арифметическое переполнение.  Результаты могут не быть ожидаемым значением. [D:\STSoC-3.0\3rd_party\Src\zstd\libzstd.vcxproj]
    19>D:\STSoC-3.0\3rd_party\Src\zstd\zstd\lib\legacy\zstd_v04.c(2659): warning C6297: Арифметическое переполнение.  Результаты могут не быть ожидаемым значением. [D:\STSoC-3.0\3rd_party\Src\zstd\libzstd.vcxproj]
         zstd_v07.c
    19>D:\STSoC-3.0\3rd_party\Src\zstd\zstd\lib\legacy\zstd_v05.c(2421): warning C6262: Функция использует байты стека "16436".  Рассмотрите возможность перемещения некоторых данных в кучу. [D:\STSoC-3.0\3rd_party\Src\zstd\libzstd.vcxproj]
    19>D:\STSoC-3.0\3rd_party\Src\zstd\zstd\lib\legacy\zstd_v05.c(2975): warning C6297: Арифметическое переполнение.  Результаты могут не быть ожидаемым значением. [D:\STSoC-3.0\3rd_party\Src\zstd\libzstd.vcxproj]
    19>D:\STSoC-3.0\3rd_party\Src\zstd\zstd\lib\legacy\zstd_v05.c(2980): warning C6297: Арифметическое переполнение.  Результаты могут не быть ожидаемым значением. [D:\STSoC-3.0\3rd_party\Src\zstd\libzstd.vcxproj]
    19>D:\STSoC-3.0\3rd_party\Src\zstd\zstd\lib\legacy\zstd_v05.c(3108): warning C6297: Арифметическое переполнение.  Результаты могут не быть ожидаемым значением. [D:\STSoC-3.0\3rd_party\Src\zstd\libzstd.vcxproj]
    19>D:\STSoC-3.0\3rd_party\Src\zstd\zstd\lib\legacy\zstd_v05.c(3145): warning C6297: Арифметическое переполнение.  Результаты могут не быть ожидаемым значением. [D:\STSoC-3.0\3rd_party\Src\zstd\libzstd.vcxproj]
    19>D:\STSoC-3.0\3rd_party\Src\zstd\zstd\lib\legacy\zstd_v06.c(1452): warning C6001: Использование неинициализированной памяти "symbolNext".: Lines: 1404, 1405, 1406, 1408, 1409, 1410, 1413, 1414, 1417, 1418, 1419, 1420, 1421, 1422, 1430, 1434, 1435, 1436, 1437, 1445, 1449, 1450, 1451, 1452, 1453, 1454, 1452 [D:\STSoC-3.0\3rd_party\Src\zstd\libzstd.vcxproj]
    19>D:\STSoC-3.0\3rd_party\Src\zstd\zstd\lib\legacy\zstd_v06.c(1538): warning C6326: Возможное сравнение константы с другой константой. [D:\STSoC-3.0\3rd_party\Src\zstd\libzstd.vcxproj]
    19>D:\STSoC-3.0\3rd_party\Src\zstd\zstd\lib\legacy\zstd_v06.c(1543): warning C6326: Возможное сравнение константы с другой константой. [D:\STSoC-3.0\3rd_party\Src\zstd\libzstd.vcxproj]
    19>D:\STSoC-3.0\3rd_party\Src\zstd\zstd\lib\legacy\zstd_v06.c(1548): warning C6326: Возможное сравнение константы с другой константой. [D:\STSoC-3.0\3rd_party\Src\zstd\libzstd.vcxproj]
    19>D:\STSoC-3.0\3rd_party\Src\zstd\zstd\lib\legacy\zstd_v06.c(1593): warning C6262: Функция использует байты стека "16972".  Рассмотрите возможность перемещения некоторых данных в кучу. [D:\STSoC-3.0\3rd_party\Src\zstd\libzstd.vcxproj]
    19>D:\STSoC-3.0\3rd_party\Src\zstd\zstd\lib\legacy\zstd_v07.c(1473): warning C6001: Использование неинициализированной памяти "symbolNext".: Lines: 1425, 1426, 1427, 1429, 1430, 1431, 1434, 1435, 1438, 1439, 1440, 1441, 1442, 1443, 1451, 1455, 1456, 1457, 1458, 1466, 1470, 1471, 1472, 1473, 1474, 1475, 1473 [D:\STSoC-3.0\3rd_party\Src\zstd\libzstd.vcxproj]
    19>D:\STSoC-3.0\3rd_party\Src\zstd\zstd\lib\legacy\zstd_v07.c(1559): warning C6326: Возможное сравнение константы с другой константой. [D:\STSoC-3.0\3rd_party\Src\zstd\libzstd.vcxproj]
    19>D:\STSoC-3.0\3rd_party\Src\zstd\zstd\lib\legacy\zstd_v07.c(1564): warning C6326: Возможное сравнение константы с другой константой. [D:\STSoC-3.0\3rd_party\Src\zstd\libzstd.vcxproj]
    19>D:\STSoC-3.0\3rd_party\Src\zstd\zstd\lib\legacy\zstd_v07.c(1569): warning C6326: Возможное сравнение константы с другой константой. [D:\STSoC-3.0\3rd_party\Src\zstd\libzstd.vcxproj]
    19>D:\STSoC-3.0\3rd_party\Src\zstd\zstd\lib\legacy\zstd_v07.c(1614): warning C6262: Функция использует байты стека "16972".  Рассмотрите возможность перемещения некоторых данных в кучу. [D:\STSoC-3.0\3rd_party\Src\zstd\libzstd.vcxproj]
    19>D:\STSoC-3.0\3rd_party\Src\zstd\zstd\lib\legacy\zstd_v06.c(2436): warning C6262: Функция использует байты стека "16436".  Рассмотрите возможность перемещения некоторых данных в кучу. [D:\STSoC-3.0\3rd_party\Src\zstd\libzstd.vcxproj]
    19>D:\STSoC-3.0\3rd_party\Src\zstd\zstd\lib\legacy\zstd_v07.c(2270): warning C6262: Функция использует байты стека "16420".  Рассмотрите возможность перемещения некоторых данных в кучу. [D:\STSoC-3.0\3rd_party\Src\zstd\libzstd.vcxproj]
    19>D:\STSoC-3.0\3rd_party\Src\zstd\zstd\lib\legacy\zstd_v06.c(2544): warning C6262: Функция использует байты стека "16436".  Рассмотрите возможность перемещения некоторых данных в кучу. [D:\STSoC-3.0\3rd_party\Src\zstd\libzstd.vcxproj]
       ATGEnsureShaders:
         compilation PDB save succeeded; see D:\STSoC-3.0\3rd_party\Src\DirectXTex\DirectXTex\DirectXTex\Shaders\Compiled\BC7Encode_TryMode02CS.pdb
    19>D:\STSoC-3.0\3rd_party\Src\zstd\zstd\lib\legacy\zstd_v07.c(2392): warning C6262: Функция использует байты стека "16420".  Рассмотрите возможность перемещения некоторых данных в кучу. [D:\STSoC-3.0\3rd_party\Src\zstd\libzstd.vcxproj]
       ATGEnsureShaders:
         compilation header save succeeded; see D:\STSoC-3.0\3rd_party\Src\DirectXTex\DirectXTex\DirectXTex\Shaders\Compiled\BC7Encode_TryMode02CS.inc
         "C:\Program Files (x86)\Windows Kits\10\bin\10.0.26100.0\x64\fxc.exe" "BC7Encode.hlsl" /nologo /WX /Ges /Zi /Zpc /Qstrip_reflect /Qstrip_debug /Tcs_4_0 /DEMULATE_F16C /ETryMode02CS "/Fh./Compiled\BC7Encode_TryMode02CS_cs40.inc" "/Fd./Compiled\BC7Encode_TryMode02CS_cs40.pdb" /VnBC7Encode_TryMode02CS
    25>Rebuild:
         Создание кода завершено
    19>Lib:
         C:\Program Files\Microsoft Visual Studio\18\Insiders\VC\Tools\MSVC\14.51.36231\bin\HostX64\x64\Lib.exe /OUT:"D:\STSoC-3.0\\3rd_party\_LIB\Release\x64\libzstd.lib" /NOLOGO /MACHINE:X64 /LTCG "D:\STSoC-3.0\\3rd_party\_TEMP\Release\x64\libzstd\pool.obj"
         "D:\STSoC-3.0\\3rd_party\_TEMP\Release\x64\libzstd\debug.obj"
         "D:\STSoC-3.0\\3rd_party\_TEMP\Release\x64\libzstd\threading.obj"
         "D:\STSoC-3.0\\3rd_party\_TEMP\Release\x64\libzstd\entropy_common.obj"
         "D:\STSoC-3.0\\3rd_party\_TEMP\Release\x64\libzstd\hist.obj"
         "D:\STSoC-3.0\\3rd_party\_TEMP\Release\x64\libzstd\error_private.obj"
         "D:\STSoC-3.0\\3rd_party\_TEMP\Release\x64\libzstd\xxhash.obj"
         "D:\STSoC-3.0\\3rd_party\_TEMP\Release\x64\libzstd\zstd_common.obj"
         "D:\STSoC-3.0\\3rd_party\_TEMP\Release\x64\libzstd\fse_decompress.obj"
         "D:\STSoC-3.0\\3rd_party\_TEMP\Release\x64\libzstd\fse_compress.obj"
         "D:\STSoC-3.0\\3rd_party\_TEMP\Release\x64\libzstd\huf_compress.obj"
         "D:\STSoC-3.0\\3rd_party\_TEMP\Release\x64\libzstd\zstd_compress.obj"
         "D:\STSoC-3.0\\3rd_party\_TEMP\Release\x64\libzstd\zstd_compress_literals.obj"
         "D:\STSoC-3.0\\3rd_party\_TEMP\Release\x64\libzstd\zstd_compress_sequences.obj"
         "D:\STSoC-3.0\\3rd_party\_TEMP\Release\x64\libzstd\zstd_compress_superblock.obj"
         "D:\STSoC-3.0\\3rd_party\_TEMP\Release\x64\libzstd\zstd_preSplit.obj"
         "D:\STSoC-3.0\\3rd_party\_TEMP\Release\x64\libzstd\zstd_fast.obj"
         "D:\STSoC-3.0\\3rd_party\_TEMP\Release\x64\libzstd\zstd_double_fast.obj"
         "D:\STSoC-3.0\\3rd_party\_TEMP\Release\x64\libzstd\zstd_lazy.obj"
         "D:\STSoC-3.0\\3rd_party\_TEMP\Release\x64\libzstd\zstd_opt.obj"
         "D:\STSoC-3.0\\3rd_party\_TEMP\Release\x64\libzstd\zstd_ldm.obj"
         "D:\STSoC-3.0\\3rd_party\_TEMP\Release\x64\libzstd\zstdmt_compress.obj"
         "D:\STSoC-3.0\\3rd_party\_TEMP\Release\x64\libzstd\huf_decompress.obj"
         "D:\STSoC-3.0\\3rd_party\_TEMP\Release\x64\libzstd\zstd_decompress.obj"
         "D:\STSoC-3.0\\3rd_party\_TEMP\Release\x64\libzstd\zstd_decompress_block.obj"
         "D:\STSoC-3.0\\3rd_party\_TEMP\Release\x64\libzstd\zstd_ddict.obj"
         "D:\STSoC-3.0\\3rd_party\_TEMP\Release\x64\libzstd\cover.obj"
         "D:\STSoC-3.0\\3rd_party\_TEMP\Release\x64\libzstd\fastcover.obj"
         "D:\STSoC-3.0\\3rd_party\_TEMP\Release\x64\libzstd\divsufsort.obj"
         "D:\STSoC-3.0\\3rd_party\_TEMP\Release\x64\libzstd\zdict.obj"
         "D:\STSoC-3.0\\3rd_party\_TEMP\Release\x64\libzstd\zstd_v01.obj"
         "D:\STSoC-3.0\\3rd_party\_TEMP\Release\x64\libzstd\zstd_v02.obj"
         "D:\STSoC-3.0\\3rd_party\_TEMP\Release\x64\libzstd\zstd_v03.obj"
         "D:\STSoC-3.0\\3rd_party\_TEMP\Release\x64\libzstd\zstd_v04.obj"
         "D:\STSoC-3.0\\3rd_party\_TEMP\Release\x64\libzstd\zstd_v05.obj"
         "D:\STSoC-3.0\\3rd_party\_TEMP\Release\x64\libzstd\zstd_v06.obj"
         "D:\STSoC-3.0\\3rd_party\_TEMP\Release\x64\libzstd\zstd_v07.obj"
         Копирование файла из "D:\STSoC-3.0\3rd_party\_TEMP\Release\x64\libzstd\libzstd.pdb" в "D:\STSoC-3.0\3rd_party\_LIB\Release\x64\libzstd.pdb".
         libzstd.vcxproj -> D:\STSoC-3.0\3rd_party\_LIB\Release\x64\libzstd.lib
       FinalizeBuildStatus:
         Файл "D:\STSoC-3.0\\3rd_party\_TEMP\Release\x64\libzstd\libzstd.tlog\unsuccessfulbuild" удаляется.
         Обращение к "D:\STSoC-3.0\\3rd_party\_TEMP\Release\x64\libzstd\libzstd.tlog\libzstd.lastbuildstate".
    19>Сборка проекта "D:\STSoC-3.0\3rd_party\Src\zstd\libzstd.vcxproj" завершена (целевые объекты Rebuild).
    23>ATGEnsureShaders:
         compilation PDB save succeeded; see D:\STSoC-3.0\3rd_party\Src\DirectXTex\DirectXTex\DirectXTex\Shaders\Compiled\BC7Encode_TryMode02CS_cs40.pdb
         compilation header save succeeded; see D:\STSoC-3.0\3rd_party\Src\DirectXTex\DirectXTex\DirectXTex\Shaders\Compiled\BC7Encode_TryMode02CS_cs40.inc
         
         "C:\Program Files (x86)\Windows Kits\10\bin\10.0.26100.0\x64\fxc.exe" "BC7Encode.hlsl" /nologo /WX /Ges /Zi /Zpc /Qstrip_reflect /Qstrip_debug /Tcs_5_0 /EEncodeBlockCS "/Fh./Compiled\BC7Encode_EncodeBlockCS.inc" "/Fd./Compiled\BC7Encode_EncodeBlockCS.pdb" /VnBC7Encode_EncodeBlockCS
         compilation PDB save succeeded; see D:\STSoC-3.0\3rd_party\Src\DirectXTex\DirectXTex\DirectXTex\Shaders\Compiled\BC7Encode_EncodeBlockCS.pdb
         compilation header save succeeded; see D:\STSoC-3.0\3rd_party\Src\DirectXTex\DirectXTex\DirectXTex\Shaders\Compiled\BC7Encode_EncodeBlockCS.inc
         "C:\Program Files (x86)\Windows Kits\10\bin\10.0.26100.0\x64\fxc.exe" "BC7Encode.hlsl" /nologo /WX /Ges /Zi /Zpc /Qstrip_reflect /Qstrip_debug /Tcs_4_0 /DEMULATE_F16C /EEncodeBlockCS "/Fh./Compiled\BC7Encode_EncodeBlockCS_cs40.inc" "/Fd./Compiled\BC7Encode_EncodeBlockCS_cs40.pdb" /VnBC7Encode_EncodeBlockCS
    25>Rebuild:
         buildvm.c
         buildvm_asm.c
         buildvm_fold.c
         buildvm_lib.c
         buildvm_peobj.c
            Создается библиотека buildvm.lib и объект buildvm.exp
         Создание кода
         Создание кода завершено
    23>ATGEnsureShaders:
         compilation PDB save succeeded; see D:\STSoC-3.0\3rd_party\Src\DirectXTex\DirectXTex\DirectXTex\Shaders\Compiled\BC7Encode_EncodeBlockCS_cs40.pdb
         compilation header save succeeded; see D:\STSoC-3.0\3rd_party\Src\DirectXTex\DirectXTex\DirectXTex\Shaders\Compiled\BC7Encode_EncodeBlockCS_cs40.inc
         
         "C:\Program Files (x86)\Windows Kits\10\bin\10.0.26100.0\x64\fxc.exe" "BC6HEncode.hlsl" /nologo /WX /Ges /Zi /Zpc /Qstrip_reflect /Qstrip_debug /Tcs_5_0 /ETryModeG10CS "/Fh./Compiled\BC6HEncode_TryModeG10CS.inc" "/Fd./Compiled\BC6HEncode_TryModeG10CS.pdb" /VnBC6HEncode_TryModeG10CS
         compilation PDB save succeeded; see D:\STSoC-3.0\3rd_party\Src\DirectXTex\DirectXTex\DirectXTex\Shaders\Compiled\BC6HEncode_TryModeG10CS.pdb
         compilation header save succeeded; see D:\STSoC-3.0\3rd_party\Src\DirectXTex\DirectXTex\DirectXTex\Shaders\Compiled\BC6HEncode_TryModeG10CS.inc
         "C:\Program Files (x86)\Windows Kits\10\bin\10.0.26100.0\x64\fxc.exe" "BC6HEncode.hlsl" /nologo /WX /Ges /Zi /Zpc /Qstrip_reflect /Qstrip_debug /Tcs_4_0 /DEMULATE_F16C /ETryModeG10CS "/Fh./Compiled\BC6HEncode_TryModeG10CS_cs40.inc" "/Fd./Compiled\BC6HEncode_TryModeG10CS_cs40.pdb" /VnBC6HEncode_TryModeG10CS
         compilation PDB save succeeded; see D:\STSoC-3.0\3rd_party\Src\DirectXTex\DirectXTex\DirectXTex\Shaders\Compiled\BC6HEncode_TryModeG10CS_cs40.pdb
         compilation header save succeeded; see D:\STSoC-3.0\3rd_party\Src\DirectXTex\DirectXTex\DirectXTex\Shaders\Compiled\BC6HEncode_TryModeG10CS_cs40.inc
         
         "C:\Program Files (x86)\Windows Kits\10\bin\10.0.26100.0\x64\fxc.exe" "BC6HEncode.hlsl" /nologo /WX /Ges /Zi /Zpc /Qstrip_reflect /Qstrip_debug /Tcs_5_0 /ETryModeLE10CS "/Fh./Compiled\BC6HEncode_TryModeLE10CS.inc" "/Fd./Compiled\BC6HEncode_TryModeLE10CS.pdb" /VnBC6HEncode_TryModeLE10CS
         compilation PDB save succeeded; see D:\STSoC-3.0\3rd_party\Src\DirectXTex\DirectXTex\DirectXTex\Shaders\Compiled\BC6HEncode_TryModeLE10CS.pdb
         compilation header save succeeded; see D:\STSoC-3.0\3rd_party\Src\DirectXTex\DirectXTex\DirectXTex\Shaders\Compiled\BC6HEncode_TryModeLE10CS.inc
         "C:\Program Files (x86)\Windows Kits\10\bin\10.0.26100.0\x64\fxc.exe" "BC6HEncode.hlsl" /nologo /WX /Ges /Zi /Zpc /Qstrip_reflect /Qstrip_debug /Tcs_4_0 /DEMULATE_F16C /ETryModeLE10CS "/Fh./Compiled\BC6HEncode_TryModeLE10CS_cs40.inc" "/Fd./Compiled\BC6HEncode_TryModeLE10CS_cs40.pdb" /VnBC6HEncode_TryModeLE10CS
    25>Rebuild:
         lj_alloc.c
         lj_api.c
         lj_asm.c
         lj_assert.c
    23>ATGEnsureShaders:
         compilation PDB save succeeded; see D:\STSoC-3.0\3rd_party\Src\DirectXTex\DirectXTex\DirectXTex\Shaders\Compiled\BC6HEncode_TryModeLE10CS_cs40.pdb
         compilation header save succeeded; see D:\STSoC-3.0\3rd_party\Src\DirectXTex\DirectXTex\DirectXTex\Shaders\Compiled\BC6HEncode_TryModeLE10CS_cs40.inc
         
         "C:\Program Files (x86)\Windows Kits\10\bin\10.0.26100.0\x64\fxc.exe" "BC6HEncode.hlsl" /nologo /WX /Ges /Zi /Zpc /Qstrip_reflect /Qstrip_debug /Tcs_5_0 /EEncodeBlockCS "/Fh./Compiled\BC6HEncode_EncodeBlockCS.inc" "/Fd./Compiled\BC6HEncode_EncodeBlockCS.pdb" /VnBC6HEncode_EncodeBlockCS
    25>Rebuild:
         lj_bc.c
         lj_bcread.c
         lj_bcwrite.c
         lj_buf.c
         lj_carith.c
         lj_ccall.c
         lj_ccallback.c
         lj_cconv.c
    25>lj_asm.c(1032): warning C4244: =: преобразование "ptrdiff_t" в "uint16_t", возможна потеря данных [D:\STSoC-3.0\ogsr_engine\LuaJIT\src\luajit.vcxproj]
         lj_cdata.c
         lj_char.c
         lj_clib.c
         lj_cparse.c
    25>lj_ccallback.c(122): warning C5287: операнды - это разные типы перечислений "x86Op" и "<unnamed-enum-RID_EAX>"; используйте явное приведение для отключения этого предупреждения [D:\STSoC-3.0\ogsr_engine\LuaJIT\src\luajit.vcxproj]
    25>lj_ccallback.c(128): warning C5287: операнды - это разные типы перечислений "x86Op" и "<unnamed-enum-RID_EAX>"; используйте явное приведение для отключения этого предупреждения [D:\STSoC-3.0\ogsr_engine\LuaJIT\src\luajit.vcxproj]
         lj_crecord.c
         lj_ctype.c
         lj_debug.c
         lj_dispatch.c
         lj_err.c
         lj_ffrecord.c
         lj_func.c
         lj_gc.c
         lj_gdbjit.c
    25>lj_ffrecord.c(1190): warning C4244: функция: преобразование "ptrdiff_t" в "int", возможна потеря данных [D:\STSoC-3.0\ogsr_engine\LuaJIT\src\luajit.vcxproj]
    25>lj_ffrecord.c(1224): warning C4244: функция: преобразование "ptrdiff_t" в "int", возможна потеря данных [D:\STSoC-3.0\ogsr_engine\LuaJIT\src\luajit.vcxproj]
         lj_ir.c
         lj_lex.c
         lj_lib.c
         lj_load.c
         lj_mcode.c
         lj_meta.c
         lj_obj.c
         lj_opt_dce.c
         lj_opt_fold.c
         lj_opt_loop.c
         lj_opt_mem.c
         lj_opt_narrow.c
         lj_opt_sink.c
         lj_opt_split.c
         lj_parse.c
         lj_prng.c
         lj_profile.c
         lj_record.c
         lj_serialize.c
         lj_snap.c
         lj_state.c
         lj_str.c
         lj_strfmt.c
         lj_strfmt_num.c
         lj_strscan.c
         lj_tab.c
         lj_trace.c
         lj_udata.c
         lj_vmevent.c
         lj_vmmath.c
         lib_aux.c
         lib_base.c
         lib_bit.c
         lib_buffer.c
         lib_debug.c
    25>lib_buffer.c(129): warning C4244: функция: преобразование "ptrdiff_t" в "int", возможна потеря данных [D:\STSoC-3.0\ogsr_engine\LuaJIT\src\luajit.vcxproj]
    25>lib_buffer.c(141): warning C4244: функция: преобразование "ptrdiff_t" в "int", возможна потеря данных [D:\STSoC-3.0\ogsr_engine\LuaJIT\src\luajit.vcxproj]
    25>lib_buffer.c(170): warning C4244: функция: преобразование "ptrdiff_t" в "int", возможна потеря данных [D:\STSoC-3.0\ogsr_engine\LuaJIT\src\luajit.vcxproj]
    25>lib_buffer.c(178): warning C4244: return: преобразование "ptrdiff_t" в "int", возможна потеря данных [D:\STSoC-3.0\ogsr_engine\LuaJIT\src\luajit.vcxproj]
         lib_ffi.c
         lib_init.c
         lib_io.c
         lib_jit.c
         lib_math.c
         lib_os.c
         lib_package.c
         lib_string.c
         lib_table.c
         luajit.c
    23>ATGEnsureShaders:
         compilation PDB save succeeded; see D:\STSoC-3.0\3rd_party\Src\DirectXTex\DirectXTex\DirectXTex\Shaders\Compiled\BC6HEncode_EncodeBlockCS.pdb
    25>Rebuild:
            Создается библиотека ..\bin\x64\Lua_JIT.lib и объект ..\bin\x64\Lua_JIT.exp
    23>ATGEnsureShaders:
         compilation header save succeeded; see D:\STSoC-3.0\3rd_party\Src\DirectXTex\DirectXTex\DirectXTex\Shaders\Compiled\BC6HEncode_EncodeBlockCS.inc
         "C:\Program Files (x86)\Windows Kits\10\bin\10.0.26100.0\x64\fxc.exe" "BC6HEncode.hlsl" /nologo /WX /Ges /Zi /Zpc /Qstrip_reflect /Qstrip_debug /Tcs_4_0 /DEMULATE_F16C /EEncodeBlockCS "/Fh./Compiled\BC6HEncode_EncodeBlockCS_cs40.inc" "/Fd./Compiled\BC6HEncode_EncodeBlockCS_cs40.pdb" /VnBC6HEncode_EncodeBlockCS
    25>Rebuild:
         Создание кода
         Создание кода завершено
         jit\bc.lua
         jit\bcsave.lua
         jit\dis_arm.lua
         jit\dis_arm64.lua
         jit\dis_arm64be.lua
         jit\dis_mips.lua
         jit\dis_mips64.lua
         jit\dis_mips64el.lua
    23>ATGEnsureShaders:
         compilation PDB save succeeded; see D:\STSoC-3.0\3rd_party\Src\DirectXTex\DirectXTex\DirectXTex\Shaders\Compiled\BC6HEncode_EncodeBlockCS_cs40.pdb
    25>Rebuild:
         jit\dis_mips64r6.lua
         jit\dis_mips64r6el.lua
         jit\dis_mipsel.lua
         jit\dis_ppc.lua
         jit\dis_x64.lua
         jit\dis_x86.lua
         jit\dump.lua
         jit\p.lua
         jit\v.lua
         jit\vmdef.lua
         jit\zone.lua
         Скопировано файлов:        19.
         Не удается найти D:\STSoC-3.0\ogsr_engine\LuaJIT\src\*.ilk
         
         === Successfully built LuaJIT for Windows/x64 ===
         Скопировано файлов:         1.
    23>ATGEnsureShaders:
         compilation header save succeeded; see D:\STSoC-3.0\3rd_party\Src\DirectXTex\DirectXTex\DirectXTex\Shaders\Compiled\BC6HEncode_EncodeBlockCS_cs40.inc
         
         Shaders compiled ok
    25>Сборка проекта "D:\STSoC-3.0\ogsr_engine\LuaJIT\src\luajit.vcxproj" завершена (целевые объекты Rebuild).
    23>PrepareForBuild:
         Структурированный вывод включен. Форматирование диагностики компилятора будет отражать иерархию ошибок. Подробнее см. https://aka.ms/cpp/structured-output.
       InitializeBuildStatus:
         Создание "D:\STSoC-3.0\\3rd_party\_TEMP\Release\x64\DirectXTex\DirectXTex.tlog\unsuccessfulbuild", так как было задано "AlwaysCreate".
         Обращение к "D:\STSoC-3.0\\3rd_party\_TEMP\Release\x64\DirectXTex\DirectXTex.tlog\unsuccessfulbuild".
  14:4>Проект "D:\STSoC-3.0\ogsr_engine\xrCore\xrCore.vcxproj" (14:4) выполняет сборку "D:\STSoC-3.0\3rd_party\Src\libsquashfs\libsquashfs.vcxproj" (18:2) в узле 4 (целевые объекты по умолчанию).
  18:2>Проект "D:\STSoC-3.0\3rd_party\Src\libsquashfs\libsquashfs.vcxproj" (18:2) выполняет сборку "D:\STSoC-3.0\3rd_party\Src\lz4\liblz4.vcxproj" (20:2) в узле 3 (целевые объекты по умолчанию).
    20>PrepareForBuild:
         Структурированный вывод включен. Форматирование диагностики компилятора будет отражать иерархию ошибок. Подробнее см. https://aka.ms/cpp/structured-output.
       InitializeBuildStatus:
         Создание "D:\STSoC-3.0\\3rd_party\_TEMP\Release\x64\liblz4\liblz4.tlog\unsuccessfulbuild", так как было задано "AlwaysCreate".
         Обращение к "D:\STSoC-3.0\\3rd_party\_TEMP\Release\x64\liblz4\liblz4.tlog\unsuccessfulbuild".
    23>ComputeStdModulesCompileInputs:
         Чтение файла манифеста библиотеки "C:\Program Files\Microsoft Visual Studio\18\Insiders\VC\Tools\MSVC\14.51.36231\modules\modules.json", который предоставляет данные для библиотеки "microsoft/STL".
         Добавление источника модуля "C:\Program Files\Microsoft Visual Studio\18\Insiders\VC\Tools\MSVC\14.51.36231\modules\std.ixx" из библиотеки "microsoft/STL" для сборки с этим проектом.
         Добавление источника модуля "C:\Program Files\Microsoft Visual Studio\18\Insiders\VC\Tools\MSVC\14.51.36231\modules\std.compat.ixx" из библиотеки "microsoft/STL" для сборки с этим проектом.
    20>ComputeStdModulesCompileInputs:
         Чтение файла манифеста библиотеки "C:\Program Files\Microsoft Visual Studio\18\Insiders\VC\Tools\MSVC\14.51.36231\modules\modules.json", который предоставляет данные для библиотеки "microsoft/STL".
         Добавление источника модуля "C:\Program Files\Microsoft Visual Studio\18\Insiders\VC\Tools\MSVC\14.51.36231\modules\std.ixx" из библиотеки "microsoft/STL" для сборки с этим проектом.
         Добавление источника модуля "C:\Program Files\Microsoft Visual Studio\18\Insiders\VC\Tools\MSVC\14.51.36231\modules\std.compat.ixx" из библиотеки "microsoft/STL" для сборки с этим проектом.
       ClCompile:
         C:\Program Files\Microsoft Visual Studio\18\Insiders\VC\Tools\MSVC\14.51.36231\bin\HostX64\x64\CL.exe /c /Zi /nologo /W4 /WX- /diagnostics:column /MP /O2 /Oi /Ot /Oy- /GT /GL /D WIN32 /D NDEBUG /D LZ4_DLL_EXPORT=1 /D _UNICODE /D UNICODE /GF /Gm- /EHsc /MT /GS /Gy /fp:fast /Zc:wchar_t /Zc:forScope /Zc:inline /permissive- /Fo"D:\STSoC-3.0\\3rd_party\_TEMP\Release\x64\liblz4\\" /Fd"D:\STSoC-3.0\\3rd_party\_TEMP\Release\x64\liblz4\liblz4.pdb" /external:W4 /Gd /TC /analyze /FC /errorReport:queue /analyze:stacksize295252 /Zc:__cplusplus /Ob3 lz4\lib\lz4.c lz4\lib\lz4frame.c lz4\lib\lz4hc.c lz4\lib\xxhash.c
  14:4>Проект "D:\STSoC-3.0\ogsr_engine\xrCore\xrCore.vcxproj" (14:4) выполняет сборку "D:\STSoC-3.0\3rd_party\Src\mimalloc\mimalloc-lib.vcxproj" (16:2) в узле 3 (целевые объекты по умолчанию).
    16>PrepareForBuild:
         Структурированный вывод включен. Форматирование диагностики компилятора будет отражать иерархию ошибок. Подробнее см. https://aka.ms/cpp/structured-output.
       InitializeBuildStatus:
         Создание "D:\STSoC-3.0\\3rd_party\_TEMP\Release\x64\mimalloc-lib\mimalloc-lib.tlog\unsuccessfulbuild", так как было задано "AlwaysCreate".
         Обращение к "D:\STSoC-3.0\\3rd_party\_TEMP\Release\x64\mimalloc-lib\mimalloc-lib.tlog\unsuccessfulbuild".
       ComputeStdModulesCompileInputs:
         Чтение файла манифеста библиотеки "C:\Program Files\Microsoft Visual Studio\18\Insiders\VC\Tools\MSVC\14.51.36231\modules\modules.json", который предоставляет данные для библиотеки "microsoft/STL".
         Добавление источника модуля "C:\Program Files\Microsoft Visual Studio\18\Insiders\VC\Tools\MSVC\14.51.36231\modules\std.ixx" из библиотеки "microsoft/STL" для сборки с этим проектом.
         Добавление источника модуля "C:\Program Files\Microsoft Visual Studio\18\Insiders\VC\Tools\MSVC\14.51.36231\modules\std.compat.ixx" из библиотеки "microsoft/STL" для сборки с этим проектом.
       ClCompile:
         C:\Program Files\Microsoft Visual Studio\18\Insiders\VC\Tools\MSVC\14.51.36231\bin\HostX64\x64\CL.exe /c /Imimalloc/include /Zi /nologo /W4 /WX- /diagnostics:column /MP /O2 /Oi /Ot /Oy- /GT /GL /D MI_OPT_SIMD=ON /D NDEBUG /GF /Gm- /EHsc /MT /GS /Gy /fp:fast /Zc:wchar_t /Zc:forScope /Zc:inline /permissive- /Fo"D:\STSoC-3.0\\3rd_party\_TEMP\Release\x64\mimalloc-lib\\" /Fd"D:\STSoC-3.0\\3rd_party\_TEMP\Release\x64\mimalloc-lib\mimalloc.pdb" /external:W4 /Gd /TC /FC /errorReport:queue /Zc:__cplusplus /Ob3 "mimalloc\src\alloc-aligned.c" "mimalloc\src\alloc-posix.c" mimalloc\src\alloc.c mimalloc\src\arena.c mimalloc\src\bitmap.c mimalloc\src\heap.c mimalloc\src\init.c mimalloc\src\libc.c "mimalloc\src\page-map.c" mimalloc\src\prim\prim.c "mimalloc\src\prim\prim-tls.c" mimalloc\src\options.c mimalloc\src\page.c mimalloc\src\random.c mimalloc\src\os.c mimalloc\src\stats.c mimalloc\src\subproc.c mimalloc\src\theap.c mimalloc\src\threadlocal.c
    23>ClCompile:
         C:\Program Files\Microsoft Visual Studio\18\Insiders\VC\Tools\MSVC\14.51.36231\bin\HostX64\x64\CL.exe /c /Zi /nologo /Wall /WX- /diagnostics:column /MP /O2 /Oi /Ot /Oy- /GT /GL /D _CRT_STDIO_ARBITRARY_WIDE_SPECIFIERS /D _UNICODE /D UNICODE /GF /Gm- /EHsc /MT /GS /Gy /fp:fast /guard:ehcont /Zc:wchar_t /Zc:forScope /Zc:inline /openmp /std:c++23preview /permissive- /Yc"DirectXTexP.h" /Fp"D:\STSoC-3.0\\3rd_party\_TEMP\Release\x64\DirectXTex\DirectXTex.pch" /Fo"D:\STSoC-3.0\\3rd_party\_TEMP\Release\x64\DirectXTex\\" /Fd"D:\STSoC-3.0\\3rd_party\_TEMP\Release\x64\DirectXTex\DirectXTex.pdb" /external:W4 /Gd /TP /FC /errorReport:queue /Zc:__cplusplus /Ob3 DirectXTex\DirectXTex\DirectXTexUtil.cpp
    20>ClCompile:
         lz4.c
         lz4frame.c
         lz4hc.c
         xxhash.c
    23>ClCompile:
         DirectXTexUtil.cpp
    17>ClCompile:
         C:\Program Files\Microsoft Visual Studio\18\Insiders\VC\Tools\MSVC\14.51.36231\bin\HostX64\x64\CL.exe /c /I../../../include /Zi /nologo /W3 /WX- /diagnostics:column /MP /O2 /Oi /Ot /Oy- /GT /GL /D WIN32 /D _WINDOWS /D NDEBUG /D _USRDLL /D dSINGLE /D MSVC /D dNODEBUG /D _MBCS /GF /Gm- /MT /GS /Gy /fp:fast /Zc:wchar_t /Zc:forScope /Zc:inline /permissive- /Fo"D:\STSoC-3.0\\3rd_party\_TEMP\Release\x64\ode\\" /Fd"D:\STSoC-3.0\\3rd_party\_TEMP\Release\x64\ode\ode.pdb" /external:W3 /Gd /TC /wd4456 /wd4457 /wd4458 /wd4577 /FC /errorReport:queue /Zc:__cplusplus /Ob3 ..\..\..\ode\src\fastdot.c ..\..\..\ode\src\fastldlt.c ..\..\..\ode\src\fastlsolve.c ..\..\..\ode\src\fastltsolve.c
    16>ClCompile:
         alloc-aligned.c
         alloc-posix.c
         alloc.c
         arena.c
    17>ClCompile:
         fastdot.c
         fastldlt.c
         fastlsolve.c
         fastltsolve.c
       Lib:
         C:\Program Files\Microsoft Visual Studio\18\Insiders\VC\Tools\MSVC\14.51.36231\bin\HostX64\x64\Lib.exe /OUT:"D:\STSoC-3.0\\3rd_party\_LIB\Release\x64\ode.lib" /NOLOGO /MACHINE:X64 /LTCG "D:\STSoC-3.0\\3rd_party\_TEMP\Release\x64\ode\array.obj"
         "D:\STSoC-3.0\\3rd_party\_TEMP\Release\x64\ode\Bounder33.obj"
         "D:\STSoC-3.0\\3rd_party\_TEMP\Release\x64\ode\collision_kernel.obj"
         "D:\STSoC-3.0\\3rd_party\_TEMP\Release\x64\ode\collision_quadtreespace.obj"
         "D:\STSoC-3.0\\3rd_party\_TEMP\Release\x64\ode\collision_space.obj"
         "D:\STSoC-3.0\\3rd_party\_TEMP\Release\x64\ode\collision_std.obj"
         "D:\STSoC-3.0\\3rd_party\_TEMP\Release\x64\ode\collision_transform.obj"
         "D:\STSoC-3.0\\3rd_party\_TEMP\Release\x64\ode\collision_util.obj"
         "D:\STSoC-3.0\\3rd_party\_TEMP\Release\x64\ode\de_padf_integration.obj"
         "D:\STSoC-3.0\\3rd_party\_TEMP\Release\x64\ode\error.obj"
         "D:\STSoC-3.0\\3rd_party\_TEMP\Release\x64\ode\export-dif.obj"
         "D:\STSoC-3.0\\3rd_party\_TEMP\Release\x64\ode\fastdot.obj"
         "D:\STSoC-3.0\\3rd_party\_TEMP\Release\x64\ode\fastldlt.obj"
         "D:\STSoC-3.0\\3rd_party\_TEMP\Release\x64\ode\fastlsolve.obj"
         "D:\STSoC-3.0\\3rd_party\_TEMP\Release\x64\ode\fastltsolve.obj"
         "D:\STSoC-3.0\\3rd_party\_TEMP\Release\x64\ode\joint.obj"
         "D:\STSoC-3.0\\3rd_party\_TEMP\Release\x64\ode\lcp.obj"
         "D:\STSoC-3.0\\3rd_party\_TEMP\Release\x64\ode\mass.obj"
         "D:\STSoC-3.0\\3rd_party\_TEMP\Release\x64\ode\mat.obj"
         "D:\STSoC-3.0\\3rd_party\_TEMP\Release\x64\ode\matrix.obj"
         "D:\STSoC-3.0\\3rd_party\_TEMP\Release\x64\ode\memory.obj"
         "D:\STSoC-3.0\\3rd_party\_TEMP\Release\x64\ode\misc.obj"
         "D:\STSoC-3.0\\3rd_party\_TEMP\Release\x64\ode\obstack.obj"
         "D:\STSoC-3.0\\3rd_party\_TEMP\Release\x64\ode\ode.obj"
         "D:\STSoC-3.0\\3rd_party\_TEMP\Release\x64\ode\odemath.obj"
         "D:\STSoC-3.0\\3rd_party\_TEMP\Release\x64\ode\quickstep.obj"
         "D:\STSoC-3.0\\3rd_party\_TEMP\Release\x64\ode\rotation.obj"
         "D:\STSoC-3.0\\3rd_party\_TEMP\Release\x64\ode\step.obj"
         "D:\STSoC-3.0\\3rd_party\_TEMP\Release\x64\ode\stepfast.obj"
         "D:\STSoC-3.0\\3rd_party\_TEMP\Release\x64\ode\StepJointInternal.obj"
         "D:\STSoC-3.0\\3rd_party\_TEMP\Release\x64\ode\testing.obj"
         "D:\STSoC-3.0\\3rd_party\_TEMP\Release\x64\ode\timer.obj"
         "D:\STSoC-3.0\\3rd_party\_TEMP\Release\x64\ode\util.obj"
    23>C:\Program Files (x86)\Windows Kits\10\Include\10.0.26100.0\um\winuser.h(6779,14): warning C4865: базовый тип "tagFEEDBACK_TYPE" изменится при указании в командной строке параметра "/Zc:enumTypes" [D:\STSoC-3.0\3rd_party\Src\DirectXTex\DirectXTex.vcxproj]
         (компиляция исходного файла "../../../../DirectXTex/DirectXTex/DirectXTex/DirectXTexUtil.cpp")
             C:\Program Files (x86)\Windows Kits\10\Include\10.0.26100.0\um\winuser.h(6791,5):
             "FEEDBACK_MAX": для этого перечислителя требуется указать тип
         
    23>C:\Program Files (x86)\Windows Kits\10\Include\10.0.26100.0\um\winuser.h(15416,14): warning C4865: базовый тип "tagPOINTER_DEVICE_TYPE" изменится при указании в командной строке параметра "/Zc:enumTypes" [D:\STSoC-3.0\3rd_party\Src\DirectXTex\DirectXTex.vcxproj]
         (компиляция исходного файла "../../../../DirectXTex/DirectXTex/DirectXTex/DirectXTexUtil.cpp")
             C:\Program Files (x86)\Windows Kits\10\Include\10.0.26100.0\um\winuser.h(15423,5):
             "POINTER_DEVICE_TYPE_MAX": для этого перечислителя требуется указать тип
         
    23>C:\Program Files (x86)\Windows Kits\10\Include\10.0.26100.0\um\winuser.h(15447,14): warning C4865: базовый тип "tagPOINTER_DEVICE_CURSOR_TYPE" изменится при указании в командной строке параметра "/Zc:enumTypes" [D:\STSoC-3.0\3rd_party\Src\DirectXTex\DirectXTex.vcxproj]
         (компиляция исходного файла "../../../../DirectXTex/DirectXTex/DirectXTex/DirectXTexUtil.cpp")
             C:\Program Files (x86)\Windows Kits\10\Include\10.0.26100.0\um\winuser.h(15451,5):
             "POINTER_DEVICE_CURSOR_TYPE_MAX": для этого перечислителя требуется указать тип
         
    16>ClCompile:
         bitmap.c
         heap.c
    23>C:\Program Files (x86)\Windows Kits\10\Include\10.0.26100.0\shared\wtypesbase.h(367,6): warning C4865: базовый тип "tagCLSCTX" изменится при указании в командной строке параметра "/Zc:enumTypes" [D:\STSoC-3.0\3rd_party\Src\DirectXTex\DirectXTex.vcxproj]
         (компиляция исходного файла "../../../../DirectXTex/DirectXTex/DirectXTex/DirectXTexUtil.cpp")
             C:\Program Files (x86)\Windows Kits\10\Include\10.0.26100.0\shared\wtypesbase.h(398,9):
             "CLSCTX_PS_DLL": для этого перечислителя требуется указать тип
         
    20>D:\STSoC-3.0\3rd_party\Src\lz4\lz4\lib\lz4.c(561): warning C6385: Чтение недопустимых данных из "v":  доступный для чтения объем равен "_Old_4`2" байт, однако считать можно только "4" байт.: Lines: 546, 550, 554, 555, 556, 561 [D:\STSoC-3.0\3rd_party\Src\lz4\liblz4.vcxproj]
    23>C:\Program Files (x86)\Windows Kits\10\Include\10.0.26100.0\um\objidlbase.h(7906,6): warning C4865: базовый тип "CO_MARSHALING_CONTEXT_ATTRIBUTES" изменится при указании в командной строке параметра "/Zc:enumTypes" [D:\STSoC-3.0\3rd_party\Src\DirectXTex\DirectXTex.vcxproj]
         (компиляция исходного файла "../../../../DirectXTex/DirectXTex/DirectXTex/DirectXTexUtil.cpp")
             C:\Program Files (x86)\Windows Kits\10\Include\10.0.26100.0\um\objidlbase.h(7909,9):
             "CO_MARSHALING_CONTEXT_ATTRIBUTE_RESERVED_1": для этого перечислителя требуется указать тип
         
    20>D:\STSoC-3.0\3rd_party\Src\lz4\lz4\lib\lz4.c(561): warning C6385: Чтение недопустимых данных из "v":  доступный для чтения объем равен "_Old_4`2" байт, однако считать можно только "4" байт.: Lines: 546, 550, 554, 555, 556, 561 [D:\STSoC-3.0\3rd_party\Src\lz4\liblz4.vcxproj]
    23>C:\Program Files (x86)\Windows Kits\10\Include\10.0.26100.0\um\urlmon.h(1362,6): warning C4865: базовый тип "__MIDL_IBindStatusCallback_0003" изменится при указании в командной строке параметра "/Zc:enumTypes" [D:\STSoC-3.0\3rd_party\Src\DirectXTex\DirectXTex.vcxproj]
         (компиляция исходного файла "../../../../DirectXTex/DirectXTex/DirectXTex/DirectXTexUtil.cpp")
             C:\Program Files (x86)\Windows Kits\10\Include\10.0.26100.0\um\urlmon.h(1388,9):
             "BINDF_RESERVED_2": для этого перечислителя требуется указать тип
         
    23>C:\Program Files (x86)\Windows Kits\10\Include\10.0.26100.0\um\urlmon.h(1806,6): warning C4865: базовый тип "__MIDL_IBindStatusCallbackEx_0001" изменится при указании в командной строке параметра "/Zc:enumTypes" [D:\STSoC-3.0\3rd_party\Src\DirectXTex\DirectXTex.vcxproj]
         (компиляция исходного файла "../../../../DirectXTex/DirectXTex/DirectXTex/DirectXTexUtil.cpp")
             C:\Program Files (x86)\Windows Kits\10\Include\10.0.26100.0\um\urlmon.h(1838,9):
             "BINDF2_RESERVED_1": для этого перечислителя требуется указать тип
         
       ClCompile:
         init.c
         libc.c
    17>Lib:
         Копирование файла из "D:\STSoC-3.0\3rd_party\_TEMP\Release\x64\ode\ode.pdb" в "D:\STSoC-3.0\3rd_party\_LIB\Release\x64\ode.pdb".
         default.vcxproj -> D:\STSoC-3.0\3rd_party\_LIB\Release\x64\ode.lib
       FinalizeBuildStatus:
         Файл "D:\STSoC-3.0\\3rd_party\_TEMP\Release\x64\ode\ode.tlog\unsuccessfulbuild" удаляется.
         Обращение к "D:\STSoC-3.0\\3rd_party\_TEMP\Release\x64\ode\ode.tlog\ode.lastbuildstate".
    17>Сборка проекта "D:\STSoC-3.0\3rd_party\Src\ode\contrib\msvc7\ode_default\default.vcxproj" завершена (целевые объекты Rebuild).
    16>ClCompile:
         page-map.c
         prim.c
         prim-tls.c
    23>C:\Program Files (x86)\Windows Kits\10\Include\10.0.26100.0\shared\dxgicommon.h(27,14): warning C4865: базовый тип "DXGI_COLOR_SPACE_TYPE" изменится при указании в командной строке параметра "/Zc:enumTypes" [D:\STSoC-3.0\3rd_party\Src\DirectXTex\DirectXTex.vcxproj]
         (компиляция исходного файла "../../../../DirectXTex/DirectXTex/DirectXTex/DirectXTexUtil.cpp")
             C:\Program Files (x86)\Windows Kits\10\Include\10.0.26100.0\shared\dxgicommon.h(54,5):
             "DXGI_COLOR_SPACE_CUSTOM": для этого перечислителя требуется указать тип
         
    23>C:\Program Files (x86)\Windows Kits\10\Include\10.0.26100.0\shared\dxgiformat.h(11,14): warning C4865: базовый тип "DXGI_FORMAT" изменится при указании в командной строке параметра "/Zc:enumTypes" [D:\STSoC-3.0\3rd_party\Src\DirectXTex\DirectXTex.vcxproj]
         (компиляция исходного файла "../../../../DirectXTex/DirectXTex/DirectXTex/DirectXTexUtil.cpp")
             C:\Program Files (x86)\Windows Kits\10\Include\10.0.26100.0\shared\dxgiformat.h(141,5):
             "DXGI_FORMAT_FORCE_UINT": для этого перечислителя требуется указать тип
         
       ClCompile:
         options.c
    23>C:\Program Files (x86)\Windows Kits\10\Include\10.0.26100.0\um\d3d12.h(2226,6): warning C4865: базовый тип "D3D12_STANDARD_MULTISAMPLE_QUALITY_LEVELS" изменится при указании в командной строке параметра "/Zc:enumTypes" [D:\STSoC-3.0\3rd_party\Src\DirectXTex\DirectXTex.vcxproj]
         (компиляция исходного файла "../../../../DirectXTex/DirectXTex/DirectXTex/DirectXTexUtil.cpp")
             C:\Program Files (x86)\Windows Kits\10\Include\10.0.26100.0\um\d3d12.h(2228,9):
             "D3D12_STANDARD_MULTISAMPLE_PATTERN": для этого перечислителя требуется указать тип
         
    23>C:\Program Files (x86)\Windows Kits\10\Include\10.0.26100.0\um\d3d12.h(3227,6): warning C4865: базовый тип "D3D12_RESOURCE_STATES" изменится при указании в командной строке параметра "/Zc:enumTypes" [D:\STSoC-3.0\3rd_party\Src\DirectXTex\DirectXTex.vcxproj]
         (компиляция исходного файла "../../../../DirectXTex/DirectXTex/DirectXTex/DirectXTexUtil.cpp")
             C:\Program Files (x86)\Windows Kits\10\Include\10.0.26100.0\um\d3d12.h(3250,9):
             "D3D12_RESOURCE_STATE_RESERVED_INTERNAL_80000000": для этого перечислителя требуется указать тип
         
       ClCompile:
         page.c
         random.c
    23>C:\Program Files (x86)\Windows Kits\10\Include\10.0.26100.0\um\d3d12.h(10139,6): warning C4865: базовый тип "D3D12_RESIDENCY_PRIORITY" изменится при указании в командной строке параметра "/Zc:enumTypes" [D:\STSoC-3.0\3rd_party\Src\DirectXTex\DirectXTex.vcxproj]
         (компиляция исходного файла "../../../../DirectXTex/DirectXTex/DirectXTex/DirectXTexUtil.cpp")
             C:\Program Files (x86)\Windows Kits\10\Include\10.0.26100.0\um\d3d12.h(10144,9):
             "D3D12_RESIDENCY_PRIORITY_HIGH": для этого перечислителя требуется указать тип
         
    23>C:\Program Files (x86)\Windows Kits\10\Include\10.0.26100.0\um\d3d12.h(14800,6): warning C4865: базовый тип "D3D12_SERIALIZED_RAYTRACING_ACCELERATION_STRUCTURE_HEADER_POSTAMBLE_TYPE" изменится при указании в командной строке параметра "/Zc:enumTypes" [D:\STSoC-3.0\3rd_party\Src\DirectXTex\DirectXTex.vcxproj]
         (компиляция исходного файла "../../../../DirectXTex/DirectXTex/DirectXTex/DirectXTexUtil.cpp")
             C:\Program Files (x86)\Windows Kits\10\Include\10.0.26100.0\um\d3d12.h(14804,9):
             "D3D12_SERIALIZED_RAYTRACING_ACCELERATION_STRUCTURE_HEADER_POSTAMBLE_TYPE_BLOCKS": для этого перечислителя требуется указать тип
         
    23>C:\Program Files (x86)\Windows Kits\10\Include\10.0.26100.0\um\d3d12.h(15912,6): warning C4865: базовый тип "D3D12_DRED_ALLOCATION_TYPE" изменится при указании в командной строке параметра "/Zc:enumTypes" [D:\STSoC-3.0\3rd_party\Src\DirectXTex\DirectXTex.vcxproj]
         (компиляция исходного файла "../../../../DirectXTex/DirectXTex/DirectXTex/DirectXTexUtil.cpp")
             C:\Program Files (x86)\Windows Kits\10\Include\10.0.26100.0\um\d3d12.h(15942,9):
             "D3D12_DRED_ALLOCATION_TYPE_INVALID": для этого перечислителя требуется указать тип
         
    23>C:\Program Files (x86)\Windows Kits\10\Include\10.0.26100.0\um\d3d12.h(22121,6): warning C4865: базовый тип "D3D12_BARRIER_LAYOUT" изменится при указании в командной строке параметра "/Zc:enumTypes" [D:\STSoC-3.0\3rd_party\Src\DirectXTex\DirectXTex.vcxproj]
         (компиляция исходного файла "../../../../DirectXTex/DirectXTex/DirectXTex/DirectXTexUtil.cpp")
             C:\Program Files (x86)\Windows Kits\10\Include\10.0.26100.0\um\d3d12.h(22123,9):
             "D3D12_BARRIER_LAYOUT_UNDEFINED": для этого перечислителя требуется указать тип
         
    23>C:\Program Files (x86)\Windows Kits\10\Include\10.0.26100.0\um\d3d12.h(22159,6): warning C4865: базовый тип "D3D12_BARRIER_SYNC" изменится при указании в командной строке параметра "/Zc:enumTypes" [D:\STSoC-3.0\3rd_party\Src\DirectXTex\DirectXTex.vcxproj]
         (компиляция исходного файла "../../../../DirectXTex/DirectXTex/DirectXTex/DirectXTexUtil.cpp")
             C:\Program Files (x86)\Windows Kits\10\Include\10.0.26100.0\um\d3d12.h(22184,9):
             "D3D12_BARRIER_SYNC_SPLIT": для этого перечислителя требуется указать тип
         
    23>C:\Program Files (x86)\Windows Kits\10\Include\10.0.26100.0\um\d3d12.h(22189,6): warning C4865: базовый тип "D3D12_BARRIER_ACCESS" изменится при указании в командной строке параметра "/Zc:enumTypes" [D:\STSoC-3.0\3rd_party\Src\DirectXTex\DirectXTex.vcxproj]
         (компиляция исходного файла "../../../../DirectXTex/DirectXTex/DirectXTex/DirectXTexUtil.cpp")
             C:\Program Files (x86)\Windows Kits\10\Include\10.0.26100.0\um\d3d12.h(22216,9):
             "D3D12_BARRIER_ACCESS_NO_ACCESS": для этого перечислителя требуется указать тип
         
    20>Lib:
         C:\Program Files\Microsoft Visual Studio\18\Insiders\VC\Tools\MSVC\14.51.36231\bin\HostX64\x64\Lib.exe /OUT:"D:\STSoC-3.0\\3rd_party\_LIB\Release\x64\liblz4.lib" /NOLOGO /MACHINE:X64 /LTCG "D:\STSoC-3.0\\3rd_party\_TEMP\Release\x64\liblz4\lz4.obj"
         "D:\STSoC-3.0\\3rd_party\_TEMP\Release\x64\liblz4\lz4frame.obj"
         "D:\STSoC-3.0\\3rd_party\_TEMP\Release\x64\liblz4\lz4hc.obj"
         "D:\STSoC-3.0\\3rd_party\_TEMP\Release\x64\liblz4\xxhash.obj"
    16>ClCompile:
         os.c
         stats.c
         subproc.c
    20>Lib:
         Копирование файла из "D:\STSoC-3.0\3rd_party\_TEMP\Release\x64\liblz4\liblz4.pdb" в "D:\STSoC-3.0\3rd_party\_LIB\Release\x64\liblz4.pdb".
         liblz4.vcxproj -> D:\STSoC-3.0\3rd_party\_LIB\Release\x64\liblz4.lib
       FinalizeBuildStatus:
         Файл "D:\STSoC-3.0\\3rd_party\_TEMP\Release\x64\liblz4\liblz4.tlog\unsuccessfulbuild" удаляется.
         Обращение к "D:\STSoC-3.0\\3rd_party\_TEMP\Release\x64\liblz4\liblz4.tlog\liblz4.lastbuildstate".
    20>Сборка проекта "D:\STSoC-3.0\3rd_party\Src\lz4\liblz4.vcxproj" завершена (целевые объекты по умолчанию).
    18>PrepareForBuild:
         Структурированный вывод включен. Форматирование диагностики компилятора будет отражать иерархию ошибок. Подробнее см. https://aka.ms/cpp/structured-output.
       InitializeBuildStatus:
         Создание "D:\STSoC-3.0\\3rd_party\_TEMP\Release\x64\libsquashfs\libsquashfs.tlog\unsuccessfulbuild", так как было задано "AlwaysCreate".
         Обращение к "D:\STSoC-3.0\\3rd_party\_TEMP\Release\x64\libsquashfs\libsquashfs.tlog\unsuccessfulbuild".
    16>ClCompile:
         theap.c
    18>ComputeStdModulesCompileInputs:
         Чтение файла манифеста библиотеки "C:\Program Files\Microsoft Visual Studio\18\Insiders\VC\Tools\MSVC\14.51.36231\modules\modules.json", который предоставляет данные для библиотеки "microsoft/STL".
         Добавление источника модуля "C:\Program Files\Microsoft Visual Studio\18\Insiders\VC\Tools\MSVC\14.51.36231\modules\std.ixx" из библиотеки "microsoft/STL" для сборки с этим проектом.
         Добавление источника модуля "C:\Program Files\Microsoft Visual Studio\18\Insiders\VC\Tools\MSVC\14.51.36231\modules\std.compat.ixx" из библиотеки "microsoft/STL" для сборки с этим проектом.
       ClCompile:
         C:\Program Files\Microsoft Visual Studio\18\Insiders\VC\Tools\MSVC\14.51.36231\bin\HostX64\x64\CL.exe /c /I.\inc /I".\squashfs-tools-ng\include" /I..\lz4\lz4\lib /I..\zstd\zstd\lib /Zi /nologo /W1 /WX- /diagnostics:column /MP /O2 /Oi /Ot /Oy- /GT /GL /D _MBCS /D WIN32 /D _WINDOWS /D NDEBUG /D WITH_LZ4 /D WITH_ZSTD /D SQFS_STATIC /GF /Gm- /EHsc /MT /GS /Gy /fp:fast /Zc:wchar_t /Zc:forScope /Zc:inline /permissive- /Fo"D:\STSoC-3.0\\3rd_party\_TEMP\Release\x64\libsquashfs\\" /Fd"D:\STSoC-3.0\\3rd_party\_TEMP\Release\x64\libsquashfs\libsquashfs.pdb" /external:W1 /Gd /TC /FC /errorReport:queue /Zc:__cplusplus /Ob3 "squashfs-tools-ng\lib\compat\src\strchrnul.c" "squashfs-tools-ng\lib\compat\src\strndup.c" "squashfs-tools-ng\lib\sqfs\src\block_processor\backend.c" "squashfs-tools-ng\lib\sqfs\src\block_processor\block_processor.c" "squashfs-tools-ng\lib\sqfs\src\block_processor\frontend.c" "squashfs-tools-ng\lib\sqfs\src\block_writer.c" "squashfs-tools-ng\lib\sqfs\src\comp\compressor.c" "squashfs-tools-ng\lib\sqfs\src\comp\lz4.c" "squashfs-tools-ng\lib\sqfs\src\comp\zstd.c" "squashfs-tools-ng\lib\sqfs\src\data_reader.c" "squashfs-tools-ng\lib\sqfs\src\dir_entry.c" "squashfs-tools-ng\lib\sqfs\src\dir_iterator.c" "squashfs-tools-ng\lib\sqfs\src\dir_reader.c" "squashfs-tools-ng\lib\sqfs\src\dir_writer.c" "squashfs-tools-ng\lib\sqfs\src\frag_table.c" "squashfs-tools-ng\lib\sqfs\src\id_table.c" "squashfs-tools-ng\lib\sqfs\src\inode.c" "squashfs-tools-ng\lib\sqfs\src\io\dir_hl.c" "squashfs-tools-ng\lib\sqfs\src\io\dir_rec.c" "squashfs-tools-ng\lib\sqfs\src\io\dir_win32.c" "squashfs-tools-ng\lib\sqfs\src\io\file.c" "squashfs-tools-ng\lib\sqfs\src\io\istream.c" "squashfs-tools-ng\lib\sqfs\src\io\stream_api.c" "squashfs-tools-ng\lib\sqfs\src\io\win32.c" "squashfs-tools-ng\lib\sqfs\src\meta_reader.c" "squashfs-tools-ng\lib\sqfs\src\meta_writer.c" "squashfs-tools-ng\lib\sqfs\src\misc.c" "squashfs-tools-ng\lib\sqfs\src\read_inode.c" "squashfs-tools-ng\lib\sqfs\src\read_super.c" "squashfs-tools-ng\lib\sqfs\src\read_table.c" "squashfs-tools-ng\lib\sqfs\src\readdir.c" "squashfs-tools-ng\lib\sqfs\src\super.c" "squashfs-tools-ng\lib\sqfs\src\write_inode.c" "squashfs-tools-ng\lib\sqfs\src\write_super.c" "squashfs-tools-ng\lib\sqfs\src\write_table.c" "squashfs-tools-ng\lib\sqfs\src\xattr\xattr.c" "squashfs-tools-ng\lib\sqfs\src\xattr\xattr_reader.c" "squashfs-tools-ng\lib\sqfs\src\xattr\xattr_writer.c" "squashfs-tools-ng\lib\sqfs\src\xattr\xattr_writer_flush.c" "squashfs-tools-ng\lib\sqfs\src\xattr\xattr_writer_record.c" "squashfs-tools-ng\lib\util\src\alloc.c" "squashfs-tools-ng\lib\util\src\array.c" "squashfs-tools-ng\lib\util\src\file_cmp.c" "squashfs-tools-ng\lib\util\src\hash_table.c" "squashfs-tools-ng\lib\util\src\is_memory_zero.c" "squashfs-tools-ng\lib\util\src\mempool.c" "squashfs-tools-ng\lib\util\src\rbtree.c" "squashfs-tools-ng\lib\util\src\str_table.c" "squashfs-tools-ng\lib\util\src\threadpool.c" "squashfs-tools-ng\lib\util\src\xxhash.c"
    23>C:\Program Files (x86)\Windows Kits\10\Include\10.0.26100.0\shared\dxgi.h(2508,6): warning C4865: базовый тип "DXGI_ADAPTER_FLAG" изменится при указании в командной строке параметра "/Zc:enumTypes" [D:\STSoC-3.0\3rd_party\Src\DirectXTex\DirectXTex.vcxproj]
         (компиляция исходного файла "../DirectXTex/DirectXTex/DirectXTex/DirectXTexUtil.cpp")
             C:\Program Files (x86)\Windows Kits\10\Include\10.0.26100.0\shared\dxgi.h(2513,9):
             "DXGI_ADAPTER_FLAG_FORCE_DWORD": для этого перечислителя требуется указать тип
         
    23>C:\Program Files (x86)\Windows Kits\10\Include\10.0.26100.0\shared\dxgi1_2.h(542,6): warning C4865: базовый тип "DXGI_ALPHA_MODE" изменится при указании в командной строке параметра "/Zc:enumTypes" [D:\STSoC-3.0\3rd_party\Src\DirectXTex\DirectXTex.vcxproj]
         (компиляция исходного файла "../DirectXTex/DirectXTex/DirectXTex/DirectXTexUtil.cpp")
             C:\Program Files (x86)\Windows Kits\10\Include\10.0.26100.0\shared\dxgi1_2.h(548,9):
             "DXGI_ALPHA_MODE_FORCE_DWORD": для этого перечислителя требуется указать тип
         
       ClCompile:
         strchrnul.c
         strndup.c
         backend.c
         block_processor.c
    16>ClCompile:
         threadlocal.c
    23>C:\Program Files (x86)\Windows Kits\10\Include\10.0.26100.0\um\d3d11.h(7005,6): warning C4865: базовый тип "D3D11_STANDARD_MULTISAMPLE_QUALITY_LEVELS" изменится при указании в командной строке параметра "/Zc:enumTypes" [D:\STSoC-3.0\3rd_party\Src\DirectXTex\DirectXTex.vcxproj]
         (компиляция исходного файла "../DirectXTex/DirectXTex/DirectXTex/DirectXTexUtil.cpp")
             C:\Program Files (x86)\Windows Kits\10\Include\10.0.26100.0\um\d3d11.h(7007,9):
             "D3D11_STANDARD_MULTISAMPLE_PATTERN": для этого перечислителя требуется указать тип
         
    23>C:\Program Files (x86)\Windows Kits\10\Include\10.0.26100.0\um\d3d11.h(10437,6): warning C4865: базовый тип "D3D11_VIDEO_PROCESSOR_ITELECINE_CAPS" изменится при указании в командной строке параметра "/Zc:enumTypes" [D:\STSoC-3.0\3rd_party\Src\DirectXTex\DirectXTex.vcxproj]
         (компиляция исходного файла "../DirectXTex/DirectXTex/DirectXTex/DirectXTexUtil.cpp")
             C:\Program Files (x86)\Windows Kits\10\Include\10.0.26100.0\um\d3d11.h(10448,9):
             "D3D11_VIDEO_PROCESSOR_ITELECINE_CAPS_OTHER": для этого перечислителя требуется указать тип
         
    23>C:\Program Files (x86)\Windows Kits\10\Include\10.0.26100.0\um\d3d11.h(11368,6): warning C4865: базовый тип "D3D11_BUS_TYPE" изменится при указании в командной строке параметра "/Zc:enumTypes" [D:\STSoC-3.0\3rd_party\Src\DirectXTex\DirectXTex.vcxproj]
         (компиляция исходного файла "../DirectXTex/DirectXTex/DirectXTex/DirectXTexUtil.cpp")
             C:\Program Files (x86)\Windows Kits\10\Include\10.0.26100.0\um\d3d11.h(11380,9):
             "D3D11_BUS_IMPL_MODIFIER_NON_STANDARD": для этого перечислителя требуется указать тип
         
       Lib:
         C:\Program Files\Microsoft Visual Studio\18\Insiders\VC\Tools\MSVC\14.51.36231\bin\HostX64\x64\Lib.exe /OUT:"D:\STSoC-3.0\\3rd_party\_LIB\Release\x64\mimalloc.lib" /NOLOGO /MACHINE:X64 /LTCG "D:\STSoC-3.0\\3rd_party\_TEMP\Release\x64\mimalloc-lib\alloc-aligned.obj"
         "D:\STSoC-3.0\\3rd_party\_TEMP\Release\x64\mimalloc-lib\alloc-posix.obj"
         "D:\STSoC-3.0\\3rd_party\_TEMP\Release\x64\mimalloc-lib\alloc.obj"
         "D:\STSoC-3.0\\3rd_party\_TEMP\Release\x64\mimalloc-lib\arena.obj"
         "D:\STSoC-3.0\\3rd_party\_TEMP\Release\x64\mimalloc-lib\bitmap.obj"
         "D:\STSoC-3.0\\3rd_party\_TEMP\Release\x64\mimalloc-lib\heap.obj"
         "D:\STSoC-3.0\\3rd_party\_TEMP\Release\x64\mimalloc-lib\init.obj"
         "D:\STSoC-3.0\\3rd_party\_TEMP\Release\x64\mimalloc-lib\libc.obj"
         "D:\STSoC-3.0\\3rd_party\_TEMP\Release\x64\mimalloc-lib\page-map.obj"
         "D:\STSoC-3.0\\3rd_party\_TEMP\Release\x64\mimalloc-lib\prim.obj"
         "D:\STSoC-3.0\\3rd_party\_TEMP\Release\x64\mimalloc-lib\prim-tls.obj"
         "D:\STSoC-3.0\\3rd_party\_TEMP\Release\x64\mimalloc-lib\options.obj"
         "D:\STSoC-3.0\\3rd_party\_TEMP\Release\x64\mimalloc-lib\page.obj"
         "D:\STSoC-3.0\\3rd_party\_TEMP\Release\x64\mimalloc-lib\random.obj"
         "D:\STSoC-3.0\\3rd_party\_TEMP\Release\x64\mimalloc-lib\os.obj"
         "D:\STSoC-3.0\\3rd_party\_TEMP\Release\x64\mimalloc-lib\stats.obj"
         "D:\STSoC-3.0\\3rd_party\_TEMP\Release\x64\mimalloc-lib\subproc.obj"
         "D:\STSoC-3.0\\3rd_party\_TEMP\Release\x64\mimalloc-lib\theap.obj"
         "D:\STSoC-3.0\\3rd_party\_TEMP\Release\x64\mimalloc-lib\threadlocal.obj"
    18>ClCompile:
         frontend.c
         block_writer.c
    23>C:\Program Files (x86)\Windows Kits\10\Include\10.0.26100.0\um\d3d10.h(3974,6): warning C4865: базовый тип "D3D10_FILTER" изменится при указании в командной строке параметра "/Zc:enumTypes" [D:\STSoC-3.0\3rd_party\Src\DirectXTex\DirectXTex.vcxproj]
         (компиляция исходного файла "../DirectXTex/DirectXTex/DirectXTex/DirectXTexUtil.cpp")
             C:\Program Files (x86)\Windows Kits\10\Include\10.0.26100.0\um\d3d10.h(3994,9):
             "D3D10_FILTER_TEXT_1BIT": для этого перечислителя требуется указать тип
         
    16>Lib:
         Копирование файла из "D:\STSoC-3.0\3rd_party\_TEMP\Release\x64\mimalloc-lib\mimalloc.pdb" в "D:\STSoC-3.0\3rd_party\_LIB\Release\x64\mimalloc.pdb".
         mimalloc-lib.vcxproj -> D:\STSoC-3.0\3rd_party\_LIB\Release\x64\mimalloc.lib
       FinalizeBuildStatus:
         Файл "D:\STSoC-3.0\\3rd_party\_TEMP\Release\x64\mimalloc-lib\mimalloc-lib.tlog\unsuccessfulbuild" удаляется.
         Обращение к "D:\STSoC-3.0\\3rd_party\_TEMP\Release\x64\mimalloc-lib\mimalloc-lib.tlog\mimalloc-lib.lastbuildstate".
    16>Сборка проекта "D:\STSoC-3.0\3rd_party\Src\mimalloc\mimalloc-lib.vcxproj" завершена (целевые объекты по умолчанию).
    18>ClCompile:
         compressor.c
    23>C:\Program Files (x86)\Windows Kits\10\Include\10.0.26100.0\um\d3d10_1.h(511,6): warning C4865: базовый тип "D3D10_STANDARD_MULTISAMPLE_QUALITY_LEVELS" изменится при указании в командной строке параметра "/Zc:enumTypes" [D:\STSoC-3.0\3rd_party\Src\DirectXTex\DirectXTex.vcxproj]
         (компиляция исходного файла "../DirectXTex/DirectXTex/DirectXTex/DirectXTexUtil.cpp")
             C:\Program Files (x86)\Windows Kits\10\Include\10.0.26100.0\um\d3d10_1.h(513,9):
             "D3D10_STANDARD_MULTISAMPLE_PATTERN": для этого перечислителя требуется указать тип
         
       ClCompile:
         lz4.c
         zstd.c
         data_reader.c
         dir_entry.c
         dir_iterator.c
         dir_reader.c
         dir_writer.c
         frag_table.c
         id_table.c
         inode.c
         dir_hl.c
         dir_rec.c
         dir_win32.c
         file.c
         istream.c
         stream_api.c
         win32.c
         meta_reader.c
         meta_writer.c
         misc.c
         read_inode.c
         read_super.c
         read_table.c
         readdir.c
         super.c
         write_inode.c
         write_super.c
         write_table.c
         xattr.c
         xattr_reader.c
         xattr_writer.c
         xattr_writer_flush.c
         xattr_writer_record.c
    23>C:\Program Files (x86)\Windows Kits\10\Include\10.0.26100.0\um\dcommon.h(132,14): warning C4865: базовый тип "D2D1_ALPHA_MODE" изменится при указании в командной строке параметра "/Zc:enumTypes" [D:\STSoC-3.0\3rd_party\Src\DirectXTex\DirectXTex.vcxproj]
         (компиляция исходного файла "../DirectXTex/DirectXTex/DirectXTex/DirectXTexUtil.cpp")
             C:\Program Files (x86)\Windows Kits\10\Include\10.0.26100.0\um\dcommon.h(156,9):
             "D2D1_ALPHA_MODE_FORCE_DWORD": для этого перечислителя требуется указать тип
         
    23>C:\Program Files (x86)\Windows Kits\10\Include\10.0.26100.0\um\wincodec.h(723,6): warning C4865: базовый тип "WICComponentEnumerateOptions" изменится при указании в командной строке параметра "/Zc:enumTypes" [D:\STSoC-3.0\3rd_party\Src\DirectXTex\DirectXTex.vcxproj]
         (компиляция исходного файла "../DirectXTex/DirectXTex/DirectXTex/DirectXTexUtil.cpp")
             C:\Program Files (x86)\Windows Kits\10\Include\10.0.26100.0\um\wincodec.h(727,9):
             "WICComponentEnumerateDisabled": для этого перечислителя требуется указать тип
         
    23>C:\Program Files (x86)\Windows Kits\10\Include\10.0.26100.0\um\wincodec.h(839,6): warning C4865: базовый тип "WICProgressNotification" изменится при указании в командной строке параметра "/Zc:enumTypes" [D:\STSoC-3.0\3rd_party\Src\DirectXTex\DirectXTex.vcxproj]
         (компиляция исходного файла "../DirectXTex/DirectXTex/DirectXTex/DirectXTexUtil.cpp")
             C:\Program Files (x86)\Windows Kits\10\Include\10.0.26100.0\um\wincodec.h(844,9):
             "WICProgressNotificationAll": для этого перечислителя требуется указать тип
         
    23>C:\Program Files (x86)\Windows Kits\10\Include\10.0.26100.0\um\wincodec.h(849,6): warning C4865: базовый тип "WICComponentSigning" изменится при указании в командной строке параметра "/Zc:enumTypes" [D:\STSoC-3.0\3rd_party\Src\DirectXTex\DirectXTex.vcxproj]
         (компиляция исходного файла "../DirectXTex/DirectXTex/DirectXTex/DirectXTexUtil.cpp")
             C:\Program Files (x86)\Windows Kits\10\Include\10.0.26100.0\um\wincodec.h(854,9):
             "WICComponentDisabled": для этого перечислителя требуется указать тип
         
       ClCompile:
         alloc.c
         array.c
         file_cmp.c
         hash_table.c
         is_memory_zero.c
         mempool.c
         rbtree.c
         str_table.c
         threadpool.c
         xxhash.c
    23>ClCompile:
         C:\Program Files\Microsoft Visual Studio\18\Insiders\VC\Tools\MSVC\14.51.36231\bin\HostX64\x64\CL.exe /c /Zi /nologo /Wall /WX- /diagnostics:column /MP /O2 /Oi /Ot /Oy- /GT /GL /D _CRT_STDIO_ARBITRARY_WIDE_SPECIFIERS /D _UNICODE /D UNICODE /GF /Gm- /EHsc /MT /GS /Gy /fp:fast /guard:ehcont /Zc:wchar_t /Zc:forScope /Zc:inline /openmp /std:c++23preview /permissive- /Yu"DirectXTexP.h" /Fp"D:\STSoC-3.0\\3rd_party\_TEMP\Release\x64\DirectXTex\DirectXTex.pch" /Fo"D:\STSoC-3.0\\3rd_party\_TEMP\Release\x64\DirectXTex\\" /Fd"D:\STSoC-3.0\\3rd_party\_TEMP\Release\x64\DirectXTex\DirectXTex.pdb" /external:W4 /Gd /TP /FC /errorReport:queue /Zc:__cplusplus /Ob3 DirectXTex\DirectXTex\BC.cpp DirectXTex\DirectXTex\BC4BC5.cpp DirectXTex\DirectXTex\BC6HBC7.cpp DirectXTex\DirectXTex\BCDirectCompute.cpp DirectXTex\DirectXTex\DirectXTexCompress.cpp DirectXTex\DirectXTex\DirectXTexCompressGPU.cpp DirectXTex\DirectXTex\DirectXTexConvert.cpp DirectXTex\DirectXTex\DirectXTexD3D11.cpp DirectXTex\DirectXTex\DirectXTexDDS.cpp DirectXTex\DirectXTex\DirectXTexFlipRotate.cpp DirectXTex\DirectXTex\DirectXTexHDR.cpp DirectXTex\DirectXTex\DirectXTexImage.cpp DirectXTex\DirectXTex\DirectXTexMipMaps.cpp DirectXTex\DirectXTex\DirectXTexMisc.cpp DirectXTex\DirectXTex\DirectXTexNormalMaps.cpp DirectXTex\DirectXTex\DirectXTexPMAlpha.cpp DirectXTex\DirectXTex\DirectXTexResize.cpp DirectXTex\DirectXTex\DirectXTexTGA.cpp DirectXTex\DirectXTex\DirectXTexWIC.cpp
         BC.cpp
         BC4BC5.cpp
         BC6HBC7.cpp
         BCDirectCompute.cpp
    18>ClCompile:
         C:\Program Files\Microsoft Visual Studio\18\Insiders\VC\Tools\MSVC\14.51.36231\bin\HostX64\x64\CL.exe /c /I.\inc /I".\squashfs-tools-ng\include" /I..\lz4\lz4\lib /I..\zstd\zstd\lib /Zi /nologo /W1 /WX- /diagnostics:column /MP /O2 /Oi /Ot /Oy- /GT /GL /D _MBCS /D WIN32 /D _WINDOWS /D NDEBUG /D WITH_LZ4 /D WITH_ZSTD /D SQFS_STATIC /GF /Gm- /EHsc /MT /GS /Gy /fp:fast /Zc:wchar_t /Zc:forScope /Zc:inline /permissive- /Fo"D:\STSoC-3.0\\3rd_party\_TEMP\Release\x64\libsquashfs\/squashfs-tools-ng/lib/sqfs/src/block_processor/ostream.c.obj" /Fd"D:\STSoC-3.0\\3rd_party\_TEMP\Release\x64\libsquashfs\libsquashfs.pdb" /external:W1 /Gd /TC /FC /errorReport:queue /Zc:__cplusplus /Ob3 "squashfs-tools-ng\lib\sqfs\src\block_processor\ostream.c"
         ostream.c
    23>ClCompile:
         DirectXTexCompress.cpp
         DirectXTexCompressGPU.cpp
         DirectXTexConvert.cpp
         DirectXTexD3D11.cpp
    18>ClCompile:
         C:\Program Files\Microsoft Visual Studio\18\Insiders\VC\Tools\MSVC\14.51.36231\bin\HostX64\x64\CL.exe /c /I.\inc /I".\squashfs-tools-ng\include" /I..\lz4\lz4\lib /I..\zstd\zstd\lib /Zi /nologo /W1 /WX- /diagnostics:column /MP /O2 /Oi /Ot /Oy- /GT /GL /D _MBCS /D WIN32 /D _WINDOWS /D NDEBUG /D WITH_LZ4 /D WITH_ZSTD /D SQFS_STATIC /GF /Gm- /EHsc /MT /GS /Gy /fp:fast /Zc:wchar_t /Zc:forScope /Zc:inline /permissive- /Fo"D:\STSoC-3.0\\3rd_party\_TEMP\Release\x64\libsquashfs\/squashfs-tools-ng/lib/sqfs/src/io/ostream.c.obj" /Fd"D:\STSoC-3.0\\3rd_party\_TEMP\Release\x64\libsquashfs\libsquashfs.pdb" /external:W1 /Gd /TC /FC /errorReport:queue /Zc:__cplusplus /Ob3 "squashfs-tools-ng\lib\sqfs\src\io\ostream.c"
    23>ClCompile:
         DirectXTexDDS.cpp
    18>ClCompile:
         ostream.c
    23>ClCompile:
         DirectXTexFlipRotate.cpp
         DirectXTexHDR.cpp
         DirectXTexImage.cpp
         DirectXTexMipMaps.cpp
         DirectXTexMisc.cpp
         DirectXTexNormalMaps.cpp
         DirectXTexPMAlpha.cpp
         DirectXTexResize.cpp
         DirectXTexTGA.cpp
         DirectXTexWIC.cpp
    18>Lib:
         C:\Program Files\Microsoft Visual Studio\18\Insiders\VC\Tools\MSVC\14.51.36231\bin\HostX64\x64\Lib.exe /OUT:"D:\STSoC-3.0\\3rd_party\_LIB\Release\x64\libsquashfs.lib" /NOLOGO /MACHINE:X64 /LTCG "D:\STSoC-3.0\\3rd_party\_TEMP\Release\x64\libsquashfs\strchrnul.obj"
         "D:\STSoC-3.0\\3rd_party\_TEMP\Release\x64\libsquashfs\strndup.obj"
         "D:\STSoC-3.0\\3rd_party\_TEMP\Release\x64\libsquashfs\backend.obj"
         "D:\STSoC-3.0\\3rd_party\_TEMP\Release\x64\libsquashfs\block_processor.obj"
         "D:\STSoC-3.0\\3rd_party\_TEMP\Release\x64\libsquashfs\frontend.obj"
         "D:\STSoC-3.0\\3rd_party\_TEMP\Release\x64\libsquashfs\block_writer.obj"
         "D:\STSoC-3.0\\3rd_party\_TEMP\Release\x64\libsquashfs\compressor.obj"
         "D:\STSoC-3.0\\3rd_party\_TEMP\Release\x64\libsquashfs\lz4.obj"
         "D:\STSoC-3.0\\3rd_party\_TEMP\Release\x64\libsquashfs\zstd.obj"
         "D:\STSoC-3.0\\3rd_party\_TEMP\Release\x64\libsquashfs\data_reader.obj"
         "D:\STSoC-3.0\\3rd_party\_TEMP\Release\x64\libsquashfs\dir_entry.obj"
         "D:\STSoC-3.0\\3rd_party\_TEMP\Release\x64\libsquashfs\dir_iterator.obj"
         "D:\STSoC-3.0\\3rd_party\_TEMP\Release\x64\libsquashfs\dir_reader.obj"
         "D:\STSoC-3.0\\3rd_party\_TEMP\Release\x64\libsquashfs\dir_writer.obj"
         "D:\STSoC-3.0\\3rd_party\_TEMP\Release\x64\libsquashfs\frag_table.obj"
         "D:\STSoC-3.0\\3rd_party\_TEMP\Release\x64\libsquashfs\id_table.obj"
         "D:\STSoC-3.0\\3rd_party\_TEMP\Release\x64\libsquashfs\inode.obj"
         "D:\STSoC-3.0\\3rd_party\_TEMP\Release\x64\libsquashfs\dir_hl.obj"
         "D:\STSoC-3.0\\3rd_party\_TEMP\Release\x64\libsquashfs\dir_rec.obj"
         "D:\STSoC-3.0\\3rd_party\_TEMP\Release\x64\libsquashfs\dir_win32.obj"
         "D:\STSoC-3.0\\3rd_party\_TEMP\Release\x64\libsquashfs\file.obj"
         "D:\STSoC-3.0\\3rd_party\_TEMP\Release\x64\libsquashfs\istream.obj"
         "D:\STSoC-3.0\\3rd_party\_TEMP\Release\x64\libsquashfs\stream_api.obj"
         "D:\STSoC-3.0\\3rd_party\_TEMP\Release\x64\libsquashfs\win32.obj"
         "D:\STSoC-3.0\\3rd_party\_TEMP\Release\x64\libsquashfs\meta_reader.obj"
         "D:\STSoC-3.0\\3rd_party\_TEMP\Release\x64\libsquashfs\meta_writer.obj"
         "D:\STSoC-3.0\\3rd_party\_TEMP\Release\x64\libsquashfs\misc.obj"
         "D:\STSoC-3.0\\3rd_party\_TEMP\Release\x64\libsquashfs\read_inode.obj"
         "D:\STSoC-3.0\\3rd_party\_TEMP\Release\x64\libsquashfs\read_super.obj"
         "D:\STSoC-3.0\\3rd_party\_TEMP\Release\x64\libsquashfs\read_table.obj"
         "D:\STSoC-3.0\\3rd_party\_TEMP\Release\x64\libsquashfs\readdir.obj"
         "D:\STSoC-3.0\\3rd_party\_TEMP\Release\x64\libsquashfs\super.obj"
         "D:\STSoC-3.0\\3rd_party\_TEMP\Release\x64\libsquashfs\write_inode.obj"
         "D:\STSoC-3.0\\3rd_party\_TEMP\Release\x64\libsquashfs\write_super.obj"
         "D:\STSoC-3.0\\3rd_party\_TEMP\Release\x64\libsquashfs\write_table.obj"
         "D:\STSoC-3.0\\3rd_party\_TEMP\Release\x64\libsquashfs\xattr.obj"
         "D:\STSoC-3.0\\3rd_party\_TEMP\Release\x64\libsquashfs\xattr_reader.obj"
         "D:\STSoC-3.0\\3rd_party\_TEMP\Release\x64\libsquashfs\xattr_writer.obj"
         "D:\STSoC-3.0\\3rd_party\_TEMP\Release\x64\libsquashfs\xattr_writer_flush.obj"
         "D:\STSoC-3.0\\3rd_party\_TEMP\Release\x64\libsquashfs\xattr_writer_record.obj"
         "D:\STSoC-3.0\\3rd_party\_TEMP\Release\x64\libsquashfs\alloc.obj"
         "D:\STSoC-3.0\\3rd_party\_TEMP\Release\x64\libsquashfs\array.obj"
         "D:\STSoC-3.0\\3rd_party\_TEMP\Release\x64\libsquashfs\file_cmp.obj"
         "D:\STSoC-3.0\\3rd_party\_TEMP\Release\x64\libsquashfs\hash_table.obj"
         "D:\STSoC-3.0\\3rd_party\_TEMP\Release\x64\libsquashfs\is_memory_zero.obj"
         "D:\STSoC-3.0\\3rd_party\_TEMP\Release\x64\libsquashfs\mempool.obj"
         "D:\STSoC-3.0\\3rd_party\_TEMP\Release\x64\libsquashfs\rbtree.obj"
         "D:\STSoC-3.0\\3rd_party\_TEMP\Release\x64\libsquashfs\str_table.obj"
         "D:\STSoC-3.0\\3rd_party\_TEMP\Release\x64\libsquashfs\threadpool.obj"
         "D:\STSoC-3.0\\3rd_party\_TEMP\Release\x64\libsquashfs\xxhash.obj"
         "D:\STSoC-3.0\\3rd_party\_TEMP\Release\x64\libsquashfs\/squashfs-tools-ng/lib/sqfs/src/block_processor/ostream.c.obj"
         "D:\STSoC-3.0\\3rd_party\_TEMP\Release\x64\libsquashfs\/squashfs-tools-ng/lib/sqfs/src/io/ostream.c.obj"
    23>Lib:
         C:\Program Files\Microsoft Visual Studio\18\Insiders\VC\Tools\MSVC\14.51.36231\bin\HostX64\x64\Lib.exe /OUT:"D:\STSoC-3.0\\3rd_party\_LIB\Release\x64\DirectXTex.lib" /NOLOGO /MACHINE:X64 /LTCG "D:\STSoC-3.0\\3rd_party\_TEMP\Release\x64\DirectXTex\BC.obj"
         "D:\STSoC-3.0\\3rd_party\_TEMP\Release\x64\DirectXTex\BC4BC5.obj"
         "D:\STSoC-3.0\\3rd_party\_TEMP\Release\x64\DirectXTex\BC6HBC7.obj"
         "D:\STSoC-3.0\\3rd_party\_TEMP\Release\x64\DirectXTex\BCDirectCompute.obj"
         "D:\STSoC-3.0\\3rd_party\_TEMP\Release\x64\DirectXTex\DirectXTexCompress.obj"
         "D:\STSoC-3.0\\3rd_party\_TEMP\Release\x64\DirectXTex\DirectXTexCompressGPU.obj"
         "D:\STSoC-3.0\\3rd_party\_TEMP\Release\x64\DirectXTex\DirectXTexConvert.obj"
         "D:\STSoC-3.0\\3rd_party\_TEMP\Release\x64\DirectXTex\DirectXTexD3D11.obj"
         "D:\STSoC-3.0\\3rd_party\_TEMP\Release\x64\DirectXTex\DirectXTexDDS.obj"
         "D:\STSoC-3.0\\3rd_party\_TEMP\Release\x64\DirectXTex\DirectXTexFlipRotate.obj"
         "D:\STSoC-3.0\\3rd_party\_TEMP\Release\x64\DirectXTex\DirectXTexHDR.obj"
         "D:\STSoC-3.0\\3rd_party\_TEMP\Release\x64\DirectXTex\DirectXTexImage.obj"
         "D:\STSoC-3.0\\3rd_party\_TEMP\Release\x64\DirectXTex\DirectXTexMipMaps.obj"
         "D:\STSoC-3.0\\3rd_party\_TEMP\Release\x64\DirectXTex\DirectXTexMisc.obj"
         "D:\STSoC-3.0\\3rd_party\_TEMP\Release\x64\DirectXTex\DirectXTexNormalMaps.obj"
         "D:\STSoC-3.0\\3rd_party\_TEMP\Release\x64\DirectXTex\DirectXTexPMAlpha.obj"
         "D:\STSoC-3.0\\3rd_party\_TEMP\Release\x64\DirectXTex\DirectXTexResize.obj"
         "D:\STSoC-3.0\\3rd_party\_TEMP\Release\x64\DirectXTex\DirectXTexTGA.obj"
         "D:\STSoC-3.0\\3rd_party\_TEMP\Release\x64\DirectXTex\DirectXTexUtil.obj"
         "D:\STSoC-3.0\\3rd_party\_TEMP\Release\x64\DirectXTex\DirectXTexWIC.obj"
         Копирование файла из "D:\STSoC-3.0\3rd_party\_TEMP\Release\x64\DirectXTex\DirectXTex.pdb" в "D:\STSoC-3.0\3rd_party\_LIB\Release\x64\DirectXTex.pdb".
    18>Lib:
         Копирование файла из "D:\STSoC-3.0\3rd_party\_TEMP\Release\x64\libsquashfs\libsquashfs.pdb" в "D:\STSoC-3.0\3rd_party\_LIB\Release\x64\libsquashfs.pdb".
    23>Lib:
         DirectXTex.vcxproj -> D:\STSoC-3.0\3rd_party\_LIB\Release\x64\DirectXTex.lib
    18>Lib:
         libsquashfs.vcxproj -> D:\STSoC-3.0\3rd_party\_LIB\Release\x64\libsquashfs.lib
    23>FinalizeBuildStatus:
         Файл "D:\STSoC-3.0\\3rd_party\_TEMP\Release\x64\DirectXTex\DirectXTex.tlog\unsuccessfulbuild" удаляется.
         Обращение к "D:\STSoC-3.0\\3rd_party\_TEMP\Release\x64\DirectXTex\DirectXTex.tlog\DirectXTex.lastbuildstate".
    18>FinalizeBuildStatus:
         Файл "D:\STSoC-3.0\\3rd_party\_TEMP\Release\x64\libsquashfs\libsquashfs.tlog\unsuccessfulbuild" удаляется.
         Обращение к "D:\STSoC-3.0\\3rd_party\_TEMP\Release\x64\libsquashfs\libsquashfs.tlog\libsquashfs.lastbuildstate".
    23>Сборка проекта "D:\STSoC-3.0\3rd_party\Src\DirectXTex\DirectXTex.vcxproj" завершена (целевые объекты Rebuild).
    18>Сборка проекта "D:\STSoC-3.0\3rd_party\Src\libsquashfs\libsquashfs.vcxproj" завершена (целевые объекты по умолчанию).
     3>Сборка проекта "D:\STSoC-3.0\3rd_party\Src\libsquashfs\libsquashfs.vcxproj.metaproj" завершена (целевые объекты Rebuild).
    14>PrepareForBuild:
         Структурированный вывод включен. Форматирование диагностики компилятора будет отражать иерархию ошибок. Подробнее см. https://aka.ms/cpp/structured-output.
       InitializeBuildStatus:
         Создание "D:\STSoC-3.0\\ogsr_engine\_TEMP\Engine\Release\x64\xrCore\xrCore.tlog\unsuccessfulbuild", так как было задано "AlwaysCreate".
         Обращение к "D:\STSoC-3.0\\ogsr_engine\_TEMP\Engine\Release\x64\xrCore\xrCore.tlog\unsuccessfulbuild".
       ComputeStdModulesCompileInputs:
         Чтение файла манифеста библиотеки "C:\Program Files\Microsoft Visual Studio\18\Insiders\VC\Tools\MSVC\14.51.36231\modules\modules.json", который предоставляет данные для библиотеки "microsoft/STL".
         Добавление источника модуля "C:\Program Files\Microsoft Visual Studio\18\Insiders\VC\Tools\MSVC\14.51.36231\modules\std.ixx" из библиотеки "microsoft/STL" для сборки с этим проектом.
         Добавление источника модуля "C:\Program Files\Microsoft Visual Studio\18\Insiders\VC\Tools\MSVC\14.51.36231\modules\std.compat.ixx" из библиотеки "microsoft/STL" для сборки с этим проектом.
       ClCompile:
         C:\Program Files\Microsoft Visual Studio\18\Insiders\VC\Tools\MSVC\14.51.36231\bin\HostX64\x64\CL.exe /c /I"D:\STSoC-3.0\\3rd_party\Src\mimalloc\mimalloc\include" /I"D:\STSoC-3.0\\3rd_party\Src\concurrentqueue" /I"D:\STSoC-3.0\\3rd_party\Src\libsquashfs\squashfs-tools-ng\include" /I"D:\STSoC-3.0\\3rd_party\Src\lzo" /I"D:\STSoC-3.0\\3rd_party\Src\d3dx" /I"D:\STSoC-3.0\\3rd_party\Src\tracy\public" /Zi /nologo /W4 /WX- /diagnostics:column /sdl /MP /O2 /Oi /Ot /Oy- /GT /GL /D NDEBUG /D _WINDOWS /D _USRDLL /D XRCORE_STATIC /D XRENGINE_STATIC /D SQFS_STATIC /D "APPVEYOR_BUILD_VERSION=\"\"" /D "APPVEYOR_REPO_NAME=\"\"" /D _MBCS /D _CRT_SECURE_NO_WARNINGS /D _SILENCE_CXX17_CODECVT_HEADER_DEPRECATION_WARNING /GF /Gm- /MT /GS /Gy /fp:fast /Zc:wchar_t /Zc:forScope /Zc:inline /GR /std:c++23preview /permissive- /Yc"stdafx.h" /Fp"D:\STSoC-3.0\\ogsr_engine\_TEMP\Engine\Release\x64\xrCore\xrCore.pch" /FAs /Fa"D:\STSoC-3.0\\ogsr_engine\_TEMP\Engine\Release\x64\xrCore\\" /Fo"D:\STSoC-3.0\\ogsr_engine\_TEMP\Engine\Release\x64\xrCore\\" /Fd"D:\STSoC-3.0\\ogsr_engine\_TEMP\Engine\Release\x64\xrCore\xrCore.pdb" /external:W4 /Gd /TP /wd4456 /wd4457 /wd4458 /wd4995 /wd4577 /wd4267 /FC /errorReport:queue /source-charset:utf-8 /we4566 /we4828 /we4715 /we4189 /we4595 /we4834 /we4018 /we4101 /we4552 /we4551 /Zc:__cplusplus /Ob3 stdafx.cpp
         stdafx.cpp
         C:\Program Files\Microsoft Visual Studio\18\Insiders\VC\Tools\MSVC\14.51.36231\bin\HostX64\x64\CL.exe /c /I"D:\STSoC-3.0\\3rd_party\Src\mimalloc\mimalloc\include" /I"D:\STSoC-3.0\\3rd_party\Src\concurrentqueue" /I"D:\STSoC-3.0\\3rd_party\Src\libsquashfs\squashfs-tools-ng\include" /I"D:\STSoC-3.0\\3rd_party\Src\lzo" /I"D:\STSoC-3.0\\3rd_party\Src\d3dx" /I"D:\STSoC-3.0\\3rd_party\Src\tracy\public" /Zi /nologo /W4 /WX- /diagnostics:column /sdl /MP /O2 /Oi /Ot /Oy- /GT /GL /D NDEBUG /D _WINDOWS /D _USRDLL /D XRCORE_STATIC /D XRENGINE_STATIC /D SQFS_STATIC /D "APPVEYOR_BUILD_VERSION=\"\"" /D "APPVEYOR_REPO_NAME=\"\"" /D _MBCS /D _CRT_SECURE_NO_WARNINGS /D _SILENCE_CXX17_CODECVT_HEADER_DEPRECATION_WARNING /GF /Gm- /MT /GS /Gy /fp:fast /Zc:wchar_t /Zc:forScope /Zc:inline /GR /std:c++23preview /permissive- /FAs /Fa"D:\STSoC-3.0\\ogsr_engine\_TEMP\Engine\Release\x64\xrCore\\" /Fo"D:\STSoC-3.0\\ogsr_engine\_TEMP\Engine\Release\x64\xrCore\\" /Fd"D:\STSoC-3.0\\ogsr_engine\_TEMP\Engine\Release\x64\xrCore\xrCore.pdb" /external:W4 /Gd /TP /wd4456 /wd4457 /wd4458 /wd4995 /wd4577 /wd4267 /FC /errorReport:queue /source-charset:utf-8 /we4566 /we4828 /we4715 /we4189 /we4595 /we4834 /we4018 /we4101 /we4552 /we4551 /Zc:__cplusplus /Ob3 ..\..\3rd_party\Src\tracy\public\TracyClient.cpp
         TracyClient.cpp
    14>D:\STSoC-3.0\3rd_party\Src\tracy\public\common\TracySystem.cpp(135,65): warning C4100: "groupHint": неиспользованный параметр [D:\STSoC-3.0\ogsr_engine\xrCore\xrCore.vcxproj]
         (компиляция исходного файла "../../3rd_party/Src/tracy/public/TracyClient.cpp")
         
         C:\Program Files\Microsoft Visual Studio\18\Insiders\VC\Tools\MSVC\14.51.36231\bin\HostX64\x64\CL.exe /c /I"D:\STSoC-3.0\\3rd_party\Src\mimalloc\mimalloc\include" /I"D:\STSoC-3.0\\3rd_party\Src\concurrentqueue" /I"D:\STSoC-3.0\\3rd_party\Src\libsquashfs\squashfs-tools-ng\include" /I"D:\STSoC-3.0\\3rd_party\Src\lzo" /I"D:\STSoC-3.0\\3rd_party\Src\d3dx" /I"D:\STSoC-3.0\\3rd_party\Src\tracy\public" /Zi /nologo /W4 /WX- /diagnostics:column /sdl /MP /O2 /Oi /Ot /Oy- /GT /GL /D NDEBUG /D _WINDOWS /D _USRDLL /D XRCORE_STATIC /D XRENGINE_STATIC /D SQFS_STATIC /D "APPVEYOR_BUILD_VERSION=\"\"" /D "APPVEYOR_REPO_NAME=\"\"" /D _MBCS /D _CRT_SECURE_NO_WARNINGS /D _SILENCE_CXX17_CODECVT_HEADER_DEPRECATION_WARNING /GF /Gm- /MT /GS /Gy /fp:fast /Zc:wchar_t /Zc:forScope /Zc:inline /GR /std:c++23preview /permissive- /Yu"stdafx.h" /Fp"D:\STSoC-3.0\\ogsr_engine\_TEMP\Engine\Release\x64\xrCore\xrCore.pch" /FAs /Fa"D:\STSoC-3.0\\ogsr_engine\_TEMP\Engine\Release\x64\xrCore\\" /Fo"D:\STSoC-3.0\\ogsr_engine\_TEMP\Engine\Release\x64\xrCore\\" /Fd"D:\STSoC-3.0\\ogsr_engine\_TEMP\Engine\Release\x64\xrCore\xrCore.pdb" /external:W4 /Gd /TP /wd4456 /wd4457 /wd4458 /wd4995 /wd4577 /wd4267 /FC /errorReport:queue /source-charset:utf-8 /we4566 /we4828 /we4715 /we4189 /we4595 /we4834 /we4018 /we4101 /we4552 /we4551 /Zc:__cplusplus /Ob3 ..\Layers\xrAPI\xrAPI.cpp arc_db.cpp arc_sqfs.cpp FTimer.cpp stacktrace_collector.cpp trivial_encryptor.cpp XML_Parser\tinyxml.cpp XML_Parser\tinyxmlerror.cpp XML_Parser\tinyxmlparser.cpp XML_Parser\xrXMLParser.cpp xrCore.cpp xrMemoryDebug.cpp _compressed_normal.cpp _math.cpp _sphere.cpp cpuid.cpp _std_extensions.cpp clsid.cpp xr_trims.cpp FS.cpp LocatorAPI.cpp LocatorAPI_defs.cpp log.cpp Xr_ini.cpp stream_reader.cpp file_stream_reader.cpp xrMemory.cpp xrDebugNew.cpp crc32.cpp xrsharedmem.cpp xrstring.cpp rt_compressor.cpp LzHuf.cpp
         xrAPI.cpp
         arc_db.cpp
         arc_sqfs.cpp
         FTimer.cpp
         stacktrace_collector.cpp
         trivial_encryptor.cpp
         tinyxml.cpp
         tinyxmlerror.cpp
    14>D:\STSoC-3.0\3rd_party\Src\libsquashfs\squashfs-tools-ng\include\sqfs\dir_entry.h(99,7): warning C4200: нестандартное расширение: массив нулевого размера в структуре (объединении) [D:\STSoC-3.0\ogsr_engine\xrCore\xrCore.vcxproj]
         (компиляция исходного файла "/arc_sqfs.cpp")
             D:\STSoC-3.0\3rd_party\Src\libsquashfs\squashfs-tools-ng\include\sqfs\dir_entry.h(99,7):
             Этот член будет пропущен конструктором, установленным по умолчанию, или оператором назначения копии или перемещения
         
    14>D:\STSoC-3.0\3rd_party\Src\libsquashfs\squashfs-tools-ng\include\sqfs\inode.h(535,11): warning C4200: нестандартное расширение: массив нулевого размера в структуре (объединении) [D:\STSoC-3.0\ogsr_engine\xrCore\xrCore.vcxproj]
         (компиляция исходного файла "/arc_sqfs.cpp")
             D:\STSoC-3.0\3rd_party\Src\libsquashfs\squashfs-tools-ng\include\sqfs\inode.h(535,11):
             Этот член будет пропущен конструктором, установленным по умолчанию, или оператором назначения копии или перемещения
         
    14>D:\STSoC-3.0\ogsr_engine\xrCore\arc_sqfs.cpp(293,105): warning C4244: аргумент: преобразование "sqfs::sqfs_s64" в "u32", возможна потеря данных [D:\STSoC-3.0\ogsr_engine\xrCore\xrCore.vcxproj]
         (компиляция исходного файла "/arc_sqfs.cpp")
         
    14>D:\STSoC-3.0\ogsr_engine\xrCore\arc_sqfs.cpp(293,71): warning C4244: аргумент: преобразование "s64" в "u32", возможна потеря данных [D:\STSoC-3.0\ogsr_engine\xrCore\xrCore.vcxproj]
         (компиляция исходного файла "/arc_sqfs.cpp")
         
    14>D:\STSoC-3.0\ogsr_engine\xrCore\arc_sqfs.cpp(330,5): warning C4389: '==': несоответствие знака и беззнака [D:\STSoC-3.0\ogsr_engine\xrCore\xrCore.vcxproj]
         (компиляция исходного файла "/arc_sqfs.cpp")
         
         tinyxmlparser.cpp
         xrXMLParser.cpp
         xrCore.cpp
         xrMemoryDebug.cpp
         _compressed_normal.cpp
         _math.cpp
         [_MSC_FULL_VER]: [195136241], [_MSVC_LANG]: [202302L]
         _sphere.cpp
         cpuid.cpp
         _std_extensions.cpp
         clsid.cpp
         xr_trims.cpp
         FS.cpp
         LocatorAPI.cpp
         LocatorAPI_defs.cpp
         log.cpp
         Xr_ini.cpp
         stream_reader.cpp
         file_stream_reader.cpp
         xrMemory.cpp
         xrDebugNew.cpp
         crc32.cpp
         xrsharedmem.cpp
    14>D:\STSoC-3.0\3rd_party\Src\mimalloc\mimalloc\include\mimalloc-new-delete.h(40,24): warning C4559: operator new: повторное определение; функция получает __declspec(restrict) [D:\STSoC-3.0\ogsr_engine\xrCore\xrCore.vcxproj]
         (компиляция исходного файла "/xrMemory.cpp")
         
    14>D:\STSoC-3.0\3rd_party\Src\mimalloc\mimalloc\include\mimalloc-new-delete.h(41,24): warning C4559: operator new[]: повторное определение; функция получает __declspec(restrict) [D:\STSoC-3.0\ogsr_engine\xrCore\xrCore.vcxproj]
         (компиляция исходного файла "/xrMemory.cpp")
         
    14>D:\STSoC-3.0\3rd_party\Src\mimalloc\mimalloc\include\mimalloc-new-delete.h(43,32): warning C4559: operator new: повторное определение; функция получает __declspec(restrict) [D:\STSoC-3.0\ogsr_engine\xrCore\xrCore.vcxproj]
         (компиляция исходного файла "/xrMemory.cpp")
         
    14>D:\STSoC-3.0\3rd_party\Src\mimalloc\mimalloc\include\mimalloc-new-delete.h(44,32): warning C4559: operator new[]: повторное определение; функция получает __declspec(restrict) [D:\STSoC-3.0\ogsr_engine\xrCore\xrCore.vcxproj]
         (компиляция исходного файла "/xrMemory.cpp")
         
         xrstring.cpp
         rt_compressor.cpp
    14>D:\STSoC-3.0\ogsr_engine\xrCore\xrstring.cpp(55,37): warning C4366: Результат применения унарного оператора "&" может быть невыровненным [D:\STSoC-3.0\ogsr_engine\xrCore\xrCore.vcxproj]
         (компиляция исходного файла "/xrstring.cpp")
         
         LzHuf.cpp
       Lib:
         C:\Program Files\Microsoft Visual Studio\18\Insiders\VC\Tools\MSVC\14.51.36231\bin\HostX64\x64\Lib.exe /OUT:"D:\STSoC-3.0\\ogsr_engine\_LIB\Engine\Release\x64\xrCore.lib" /NOLOGO /MACHINE:X64 /LTCG "D:\STSoC-3.0\\ogsr_engine\_TEMP\Engine\Release\x64\xrCore\TracyClient.obj"
         "D:\STSoC-3.0\\ogsr_engine\_TEMP\Engine\Release\x64\xrCore\xrAPI.obj"
         "D:\STSoC-3.0\\ogsr_engine\_TEMP\Engine\Release\x64\xrCore\arc_db.obj"
         "D:\STSoC-3.0\\ogsr_engine\_TEMP\Engine\Release\x64\xrCore\arc_sqfs.obj"
         "D:\STSoC-3.0\\ogsr_engine\_TEMP\Engine\Release\x64\xrCore\FTimer.obj"
         "D:\STSoC-3.0\\ogsr_engine\_TEMP\Engine\Release\x64\xrCore\stacktrace_collector.obj"
         "D:\STSoC-3.0\\ogsr_engine\_TEMP\Engine\Release\x64\xrCore\stdafx.obj"
         "D:\STSoC-3.0\\ogsr_engine\_TEMP\Engine\Release\x64\xrCore\trivial_encryptor.obj"
         "D:\STSoC-3.0\\ogsr_engine\_TEMP\Engine\Release\x64\xrCore\tinyxml.obj"
         "D:\STSoC-3.0\\ogsr_engine\_TEMP\Engine\Release\x64\xrCore\tinyxmlerror.obj"
         "D:\STSoC-3.0\\ogsr_engine\_TEMP\Engine\Release\x64\xrCore\tinyxmlparser.obj"
         "D:\STSoC-3.0\\ogsr_engine\_TEMP\Engine\Release\x64\xrCore\xrXMLParser.obj"
         "D:\STSoC-3.0\\ogsr_engine\_TEMP\Engine\Release\x64\xrCore\xrCore.obj"
         "D:\STSoC-3.0\\ogsr_engine\_TEMP\Engine\Release\x64\xrCore\xrMemoryDebug.obj"
         "D:\STSoC-3.0\\ogsr_engine\_TEMP\Engine\Release\x64\xrCore\_compressed_normal.obj"
         "D:\STSoC-3.0\\ogsr_engine\_TEMP\Engine\Release\x64\xrCore\_math.obj"
         "D:\STSoC-3.0\\ogsr_engine\_TEMP\Engine\Release\x64\xrCore\_sphere.obj"
         "D:\STSoC-3.0\\ogsr_engine\_TEMP\Engine\Release\x64\xrCore\cpuid.obj"
         "D:\STSoC-3.0\\ogsr_engine\_TEMP\Engine\Release\x64\xrCore\_std_extensions.obj"
         "D:\STSoC-3.0\\ogsr_engine\_TEMP\Engine\Release\x64\xrCore\clsid.obj"
         "D:\STSoC-3.0\\ogsr_engine\_TEMP\Engine\Release\x64\xrCore\xr_trims.obj"
         "D:\STSoC-3.0\\ogsr_engine\_TEMP\Engine\Release\x64\xrCore\FS.obj"
         "D:\STSoC-3.0\\ogsr_engine\_TEMP\Engine\Release\x64\xrCore\LocatorAPI.obj"
         "D:\STSoC-3.0\\ogsr_engine\_TEMP\Engine\Release\x64\xrCore\LocatorAPI_defs.obj"
         "D:\STSoC-3.0\\ogsr_engine\_TEMP\Engine\Release\x64\xrCore\log.obj"
         "D:\STSoC-3.0\\ogsr_engine\_TEMP\Engine\Release\x64\xrCore\Xr_ini.obj"
         "D:\STSoC-3.0\\ogsr_engine\_TEMP\Engine\Release\x64\xrCore\stream_reader.obj"
         "D:\STSoC-3.0\\ogsr_engine\_TEMP\Engine\Release\x64\xrCore\file_stream_reader.obj"
         "D:\STSoC-3.0\\ogsr_engine\_TEMP\Engine\Release\x64\xrCore\xrMemory.obj"
         "D:\STSoC-3.0\\ogsr_engine\_TEMP\Engine\Release\x64\xrCore\xrDebugNew.obj"
         "D:\STSoC-3.0\\ogsr_engine\_TEMP\Engine\Release\x64\xrCore\crc32.obj"
         "D:\STSoC-3.0\\ogsr_engine\_TEMP\Engine\Release\x64\xrCore\xrsharedmem.obj"
         "D:\STSoC-3.0\\ogsr_engine\_TEMP\Engine\Release\x64\xrCore\xrstring.obj"
         "D:\STSoC-3.0\\ogsr_engine\_TEMP\Engine\Release\x64\xrCore\rt_compressor.obj"
         "D:\STSoC-3.0\\ogsr_engine\_TEMP\Engine\Release\x64\xrCore\LzHuf.obj"
         Копирование файла из "D:\STSoC-3.0\ogsr_engine\_TEMP\Engine\Release\x64\xrCore\xrCore.pdb" в "D:\STSoC-3.0\ogsr_engine\_LIB\Engine\Release\x64\xrCore.pdb".
         xrCore.vcxproj -> D:\STSoC-3.0\ogsr_engine\_LIB\Engine\Release\x64\xrCore.lib
       FinalizeBuildStatus:
         Файл "D:\STSoC-3.0\\ogsr_engine\_TEMP\Engine\Release\x64\xrCore\xrCore.tlog\unsuccessfulbuild" удаляется.
         Обращение к "D:\STSoC-3.0\\ogsr_engine\_TEMP\Engine\Release\x64\xrCore\xrCore.tlog\xrCore.lastbuildstate".
    14>Сборка проекта "D:\STSoC-3.0\ogsr_engine\xrCore\xrCore.vcxproj" завершена (целевые объекты по умолчанию).
     2>Сборка проекта "D:\STSoC-3.0\ogsr_engine\xrCore\xrCore.vcxproj.metaproj" завершена (целевые объекты Rebuild).
    26>Проект "D:\STSoC-3.0\ogsr_engine\xrSound\xrSound.vcxproj" (26) выполняет сборку "D:\STSoC-3.0\ogsr_engine\xrCDB\xrCDB.vcxproj" (13:3) в узле 3 (целевые объекты по умолчанию).
    13>PrepareForBuild:
         Структурированный вывод включен. Форматирование диагностики компилятора будет отражать иерархию ошибок. Подробнее см. https://aka.ms/cpp/structured-output.
    12>Проект "D:\STSoC-3.0\ogsr_engine\Layers\xrRenderPC_R4\xrRender_R4.vcxproj" (12) выполняет сборку "D:\STSoC-3.0\ogsr_engine\xrParticles\xrParticles.vcxproj" (21:2) в узле 4 (целевые объекты по умолчанию).
    21>PrepareForBuild:
         Структурированный вывод включен. Форматирование диагностики компилятора будет отражать иерархию ошибок. Подробнее см. https://aka.ms/cpp/structured-output.
       InitializeBuildStatus:
         Создание "D:\STSoC-3.0\\ogsr_engine\_TEMP\Engine\Release\x64\xrParticles\xrParticles.tlog\unsuccessfulbuild", так как было задано "AlwaysCreate".
         Обращение к "D:\STSoC-3.0\\ogsr_engine\_TEMP\Engine\Release\x64\xrParticles\xrParticles.tlog\unsuccessfulbuild".
    13>InitializeBuildStatus:
         Создание "D:\STSoC-3.0\\ogsr_engine\_TEMP\Engine\Release\x64\xrCDB\xrCDB.tlog\unsuccessfulbuild", так как было задано "AlwaysCreate".
         Обращение к "D:\STSoC-3.0\\ogsr_engine\_TEMP\Engine\Release\x64\xrCDB\xrCDB.tlog\unsuccessfulbuild".
    21>ComputeStdModulesCompileInputs:
         Чтение файла манифеста библиотеки "C:\Program Files\Microsoft Visual Studio\18\Insiders\VC\Tools\MSVC\14.51.36231\modules\modules.json", который предоставляет данные для библиотеки "microsoft/STL".
         Добавление источника модуля "C:\Program Files\Microsoft Visual Studio\18\Insiders\VC\Tools\MSVC\14.51.36231\modules\std.ixx" из библиотеки "microsoft/STL" для сборки с этим проектом.
         Добавление источника модуля "C:\Program Files\Microsoft Visual Studio\18\Insiders\VC\Tools\MSVC\14.51.36231\modules\std.compat.ixx" из библиотеки "microsoft/STL" для сборки с этим проектом.
    13>ComputeStdModulesCompileInputs:
         Чтение файла манифеста библиотеки "C:\Program Files\Microsoft Visual Studio\18\Insiders\VC\Tools\MSVC\14.51.36231\modules\modules.json", который предоставляет данные для библиотеки "microsoft/STL".
         Добавление источника модуля "C:\Program Files\Microsoft Visual Studio\18\Insiders\VC\Tools\MSVC\14.51.36231\modules\std.ixx" из библиотеки "microsoft/STL" для сборки с этим проектом.
         Добавление источника модуля "C:\Program Files\Microsoft Visual Studio\18\Insiders\VC\Tools\MSVC\14.51.36231\modules\std.compat.ixx" из библиотеки "microsoft/STL" для сборки с этим проектом.
    21>ClCompile:
         C:\Program Files\Microsoft Visual Studio\18\Insiders\VC\Tools\MSVC\14.51.36231\bin\HostX64\x64\CL.exe /c /I.. /I"D:\STSoC-3.0\\3rd_party\Src\tracy\public" /Zi /nologo /W4 /WX- /diagnostics:column /sdl /MP /O2 /Oi /Ot /Oy- /GT /GL /D XRCORE_STATIC /D NDEBUG /D _WINDOWS /D XR_PARTICLES_STATIC /D _MBCS /D _CRT_SECURE_NO_WARNINGS /D _SILENCE_CXX17_CODECVT_HEADER_DEPRECATION_WARNING /GF /Gm- /MT /GS /Gy /fp:fast /Zc:wchar_t /Zc:forScope /Zc:inline /GR /std:c++23preview /permissive- /Yc"stdafx.h" /Fp"D:\STSoC-3.0\\ogsr_engine\_TEMP\Engine\Release\x64\xrParticles\xrParticles.pch" /Fo"D:\STSoC-3.0\\ogsr_engine\_TEMP\Engine\Release\x64\xrParticles\\" /Fd"D:\STSoC-3.0\\ogsr_engine\_TEMP\Engine\Release\x64\xrParticles\xrParticles.pdb" /external:W4 /Gd /TP /wd4456 /wd4457 /wd4458 /wd4995 /wd4577 /wd4267 /FC /errorReport:queue /source-charset:utf-8 /we4566 /we4828 /we4715 /we4189 /we4595 /we4834 /we4018 /we4101 /we4552 /we4551 /Zc:__cplusplus /Ob3 stdafx.cpp
    13>ClCompile:
         C:\Program Files\Microsoft Visual Studio\18\Insiders\VC\Tools\MSVC\14.51.36231\bin\HostX64\x64\CL.exe /c /I..\xrCore /I"D:\STSoC-3.0\\3rd_party\Src\tracy\public" /Zi /nologo /W4 /WX- /diagnostics:column /sdl /MP /O2 /Oi /Ot /Oy- /GT /GL /D XRCORE_STATIC /D NDEBUG /D _WINDOWS /D _USRDLL /D XRCDB_STATIC /D XRENGINE_STATIC /D ICE_NO_DLL /D OPCODE_EXPORTS /D _MBCS /D _CRT_SECURE_NO_WARNINGS /D _SILENCE_CXX17_CODECVT_HEADER_DEPRECATION_WARNING /GF /Gm- /MT /GS /Gy /fp:fast /Zc:wchar_t /Zc:forScope /Zc:inline /GR /std:c++23preview /permissive- /Yc"stdafx.h" /Fp"D:\STSoC-3.0\\ogsr_engine\_TEMP\Engine\Release\x64\xrCDB\xrCDB.pch" /FAs /Fa"D:\STSoC-3.0\\ogsr_engine\_TEMP\Engine\Release\x64\xrCDB\\" /Fo"D:\STSoC-3.0\\ogsr_engine\_TEMP\Engine\Release\x64\xrCDB\\" /Fd"D:\STSoC-3.0\\ogsr_engine\_TEMP\Engine\Release\x64\xrCDB\xrCDB.pdb" /external:W4 /Gd /TP /wd4456 /wd4457 /wd4458 /wd4995 /wd4577 /wd4267 /FC /errorReport:queue /source-charset:utf-8 /we4566 /we4828 /we4715 /we4189 /we4595 /we4834 /we4018 /we4101 /we4552 /we4551 /Zc:__cplusplus /Ob3 StdAfx.cpp
    21>ClCompile:
         stdafx.cpp
     4>Проект "D:\STSoC-3.0\ogsr_engine\Luabind\luabind.vcxproj.metaproj" (4) выполняет сборку "D:\STSoC-3.0\ogsr_engine\Luabind\luabind.vcxproj" (27) в узле 1 (целевые объекты Rebuild).
    27>_PrepareForClean:
         Файл "D:\STSoC-3.0\\ogsr_engine\_TEMP\Engine\Release\x64\Luabind\Luabind.tlog\Luabind.lastbuildstate" удаляется.
    13>ClCompile:
         StdAfx.cpp
    27>Проект "D:\STSoC-3.0\ogsr_engine\Luabind\luabind.vcxproj" (27) выполняет сборку "D:\STSoC-3.0\ogsr_engine\LuaJIT\src\luajit.vcxproj" (25:3) в узле 3 (целевые объекты Clean).
    25>CoreClean:
         RD /S/Q ..\bin
    25>Сборка проекта "D:\STSoC-3.0\ogsr_engine\LuaJIT\src\luajit.vcxproj" завершена (целевые объекты Clean).
    27>Проект "D:\STSoC-3.0\ogsr_engine\Luabind\luabind.vcxproj" (27) выполняет сборку "D:\STSoC-3.0\ogsr_engine\LuaJIT\src\luajit.vcxproj" (25:4) в узле 3 (целевые объекты по умолчанию).
    25>Build:
         
         		if not exist "..\bin\x64\LuaJIT.lib" (
         			call msvcbuild.bat x64 static Release
         		)
         
         		if not exist "D:\STSoC-3.0\\bin_x64\LuaJIT.dll" if exist "..\bin\x64\LuaJIT.dll" (
         			if not exist "D:\STSoC-3.0\\bin_x64\*.*" (
         				md "D:\STSoC-3.0\\bin_x64\"
         			)
         			copy /Y "..\bin\x64\LuaJIT.dll" "D:\STSoC-3.0\\bin_x64\LuaJIT.dll"
         			copy /Y "..\bin\x64\LuaJIT.pdb" "D:\STSoC-3.0\\bin_x64\LuaJIT.pdb"
         		)
         
         		if not exist "D:\STSoC-3.0\\bin_x64\..\ogsr_engine\_LIB\Engine\Release\x64\*.*" (
         			md "D:\STSoC-3.0\\bin_x64\..\ogsr_engine\_LIB\Engine\Release\x64\"
         		)
         
         		copy /Y "..\bin\x64\LuaJIT.lib" "D:\STSoC-3.0\\bin_x64\..\ogsr_engine\_LIB\Engine\Release\x64\LuaJIT.lib"
         		if exist "..\bin\x64\LuaJIT.exp" (
         			copy /Y "..\bin\x64\LuaJIT.exp" "D:\STSoC-3.0\\bin_x64\..\ogsr_engine\_LIB\Engine\Release\x64\LuaJIT.exp"
         		)
         	
         minilua.c
            Создается библиотека minilua.lib и объект minilua.exp
         Создание кода
    13>ClCompile:
         Compiling OPCODE
    21>ClCompile:
         C:\Program Files\Microsoft Visual Studio\18\Insiders\VC\Tools\MSVC\14.51.36231\bin\HostX64\x64\CL.exe /c /I.. /I"D:\STSoC-3.0\\3rd_party\Src\tracy\public" /Zi /nologo /W4 /WX- /diagnostics:column /sdl /MP /O2 /Oi /Ot /Oy- /GT /GL /D XRCORE_STATIC /D NDEBUG /D _WINDOWS /D XR_PARTICLES_STATIC /D _MBCS /D _CRT_SECURE_NO_WARNINGS /D _SILENCE_CXX17_CODECVT_HEADER_DEPRECATION_WARNING /GF /Gm- /MT /GS /Gy /fp:fast /Zc:wchar_t /Zc:forScope /Zc:inline /GR /std:c++23preview /permissive- /Yu"stdafx.h" /Fp"D:\STSoC-3.0\\ogsr_engine\_TEMP\Engine\Release\x64\xrParticles\xrParticles.pch" /Fo"D:\STSoC-3.0\\ogsr_engine\_TEMP\Engine\Release\x64\xrParticles\\" /Fd"D:\STSoC-3.0\\ogsr_engine\_TEMP\Engine\Release\x64\xrParticles\xrParticles.pdb" /external:W4 /Gd /TP /wd4456 /wd4457 /wd4458 /wd4995 /wd4577 /wd4267 /FC /errorReport:queue /source-charset:utf-8 /we4566 /we4828 /we4715 /we4189 /we4595 /we4834 /we4018 /we4101 /we4552 /we4551 /Zc:__cplusplus /Ob3 noise.cpp particle_actions_collection.cpp particle_actions_collection_io.cpp particle_core.cpp particle_manager.cpp
         noise.cpp
         particle_actions_collection.cpp
         particle_actions_collection_io.cpp
         particle_core.cpp
         particle_manager.cpp
    25>Build:
         Создание кода завершено
    21>Lib:
         C:\Program Files\Microsoft Visual Studio\18\Insiders\VC\Tools\MSVC\14.51.36231\bin\HostX64\x64\Lib.exe /OUT:"D:\STSoC-3.0\\ogsr_engine\_LIB\Engine\Release\x64\xrParticles.lib" /NOLOGO /MACHINE:X64 /LTCG "D:\STSoC-3.0\\ogsr_engine\_TEMP\Engine\Release\x64\xrParticles\stdafx.obj"
         "D:\STSoC-3.0\\ogsr_engine\_TEMP\Engine\Release\x64\xrParticles\noise.obj"
         "D:\STSoC-3.0\\ogsr_engine\_TEMP\Engine\Release\x64\xrParticles\particle_actions_collection.obj"
         "D:\STSoC-3.0\\ogsr_engine\_TEMP\Engine\Release\x64\xrParticles\particle_actions_collection_io.obj"
         "D:\STSoC-3.0\\ogsr_engine\_TEMP\Engine\Release\x64\xrParticles\particle_core.obj"
         "D:\STSoC-3.0\\ogsr_engine\_TEMP\Engine\Release\x64\xrParticles\particle_manager.obj"
    25>Build:
         buildvm.c
         buildvm_asm.c
         buildvm_fold.c
         buildvm_lib.c
    21>Lib:
         Копирование файла из "D:\STSoC-3.0\ogsr_engine\_TEMP\Engine\Release\x64\xrParticles\xrParticles.pdb" в "D:\STSoC-3.0\ogsr_engine\_LIB\Engine\Release\x64\xrParticles.pdb".
    25>Build:
         buildvm_peobj.c
    21>Lib:
         xrParticles.vcxproj -> D:\STSoC-3.0\ogsr_engine\_LIB\Engine\Release\x64\xrParticles.lib
       FinalizeBuildStatus:
         Файл "D:\STSoC-3.0\\ogsr_engine\_TEMP\Engine\Release\x64\xrParticles\xrParticles.tlog\unsuccessfulbuild" удаляется.
         Обращение к "D:\STSoC-3.0\\ogsr_engine\_TEMP\Engine\Release\x64\xrParticles\xrParticles.tlog\xrParticles.lastbuildstate".
    21>Сборка проекта "D:\STSoC-3.0\ogsr_engine\xrParticles\xrParticles.vcxproj" завершена (целевые объекты по умолчанию).
    25>Build:
            Создается библиотека buildvm.lib и объект buildvm.exp
         Создание кода
         Создание кода завершено
         lj_alloc.c
         lj_api.c
         lj_asm.c
         lj_assert.c
         lj_bc.c
    25>lj_asm.c(1032): warning C4244: =: преобразование "ptrdiff_t" в "uint16_t", возможна потеря данных [D:\STSoC-3.0\ogsr_engine\LuaJIT\src\luajit.vcxproj]
         lj_bcread.c
         lj_bcwrite.c
         lj_buf.c
         lj_carith.c
         lj_ccall.c
         lj_ccallback.c
         lj_cconv.c
         lj_cdata.c
         lj_char.c
         lj_clib.c
    25>lj_ccallback.c(122): warning C5287: операнды - это разные типы перечислений "x86Op" и "<unnamed-enum-RID_EAX>"; используйте явное приведение для отключения этого предупреждения [D:\STSoC-3.0\ogsr_engine\LuaJIT\src\luajit.vcxproj]
    25>lj_ccallback.c(128): warning C5287: операнды - это разные типы перечислений "x86Op" и "<unnamed-enum-RID_EAX>"; используйте явное приведение для отключения этого предупреждения [D:\STSoC-3.0\ogsr_engine\LuaJIT\src\luajit.vcxproj]
         lj_cparse.c
         lj_crecord.c
         lj_ctype.c
         lj_debug.c
         lj_dispatch.c
         lj_err.c
         lj_ffrecord.c
         lj_func.c
         lj_gc.c
         lj_gdbjit.c
    25>lj_ffrecord.c(1190): warning C4244: функция: преобразование "ptrdiff_t" в "int", возможна потеря данных [D:\STSoC-3.0\ogsr_engine\LuaJIT\src\luajit.vcxproj]
    25>lj_ffrecord.c(1224): warning C4244: функция: преобразование "ptrdiff_t" в "int", возможна потеря данных [D:\STSoC-3.0\ogsr_engine\LuaJIT\src\luajit.vcxproj]
         lj_ir.c
         lj_lex.c
         lj_lib.c
         lj_load.c
         lj_mcode.c
         lj_meta.c
         lj_obj.c
         lj_opt_dce.c
         lj_opt_fold.c
         lj_opt_loop.c
         lj_opt_mem.c
         lj_opt_narrow.c
         lj_opt_sink.c
         lj_opt_split.c
         lj_parse.c
         lj_prng.c
         lj_profile.c
         lj_record.c
         lj_serialize.c
         lj_snap.c
         lj_state.c
         lj_str.c
         lj_strfmt.c
         lj_strfmt_num.c
         lj_strscan.c
         lj_tab.c
         lj_trace.c
         lj_udata.c
         lj_vmevent.c
         lj_vmmath.c
         lib_aux.c
         lib_base.c
         lib_bit.c
         lib_buffer.c
    25>lib_buffer.c(129): warning C4244: функция: преобразование "ptrdiff_t" в "int", возможна потеря данных [D:\STSoC-3.0\ogsr_engine\LuaJIT\src\luajit.vcxproj]
    25>lib_buffer.c(141): warning C4244: функция: преобразование "ptrdiff_t" в "int", возможна потеря данных [D:\STSoC-3.0\ogsr_engine\LuaJIT\src\luajit.vcxproj]
    25>lib_buffer.c(170): warning C4244: функция: преобразование "ptrdiff_t" в "int", возможна потеря данных [D:\STSoC-3.0\ogsr_engine\LuaJIT\src\luajit.vcxproj]
    25>lib_buffer.c(178): warning C4244: return: преобразование "ptrdiff_t" в "int", возможна потеря данных [D:\STSoC-3.0\ogsr_engine\LuaJIT\src\luajit.vcxproj]
         lib_debug.c
         lib_ffi.c
         lib_init.c
         lib_io.c
         lib_jit.c
         lib_math.c
         lib_os.c
         lib_package.c
         lib_string.c
         lib_table.c
         luajit.c
            Создается библиотека ..\bin\x64\Lua_JIT.lib и объект ..\bin\x64\Lua_JIT.exp
         Создание кода
         Создание кода завершено
         jit\bc.lua
         jit\bcsave.lua
         jit\dis_arm.lua
         jit\dis_arm64.lua
         jit\dis_arm64be.lua
         jit\dis_mips.lua
         jit\dis_mips64.lua
         jit\dis_mips64el.lua
         jit\dis_mips64r6.lua
         jit\dis_mips64r6el.lua
         jit\dis_mipsel.lua
         jit\dis_ppc.lua
         jit\dis_x64.lua
         jit\dis_x86.lua
         jit\dump.lua
         jit\p.lua
         jit\v.lua
         jit\vmdef.lua
         jit\zone.lua
         Скопировано файлов:        19.
         Не удается найти D:\STSoC-3.0\ogsr_engine\LuaJIT\src\*.ilk
         
         === Successfully built LuaJIT for Windows/x64 ===
         Скопировано файлов:         1.
    25>Сборка проекта "D:\STSoC-3.0\ogsr_engine\LuaJIT\src\luajit.vcxproj" завершена (целевые объекты по умолчанию).
    13>ClCompile:
         C:\Program Files\Microsoft Visual Studio\18\Insiders\VC\Tools\MSVC\14.51.36231\bin\HostX64\x64\CL.exe /c /I..\xrCore /I"D:\STSoC-3.0\\3rd_party\Src\tracy\public" /Zi /nologo /W4 /WX- /diagnostics:column /sdl /MP /O2 /Oi /Ot /Oy- /GT /GL /D XRCORE_STATIC /D NDEBUG /D _WINDOWS /D _USRDLL /D XRCDB_STATIC /D XRENGINE_STATIC /D ICE_NO_DLL /D OPCODE_EXPORTS /D _MBCS /D _CRT_SECURE_NO_WARNINGS /D _SILENCE_CXX17_CODECVT_HEADER_DEPRECATION_WARNING /GF /Gm- /MT /GS /Gy /fp:fast /Zc:wchar_t /Zc:forScope /Zc:inline /GR /std:c++23preview /permissive- /Yu"stdafx.h" /Fp"D:\STSoC-3.0\\ogsr_engine\_TEMP\Engine\Release\x64\xrCDB\xrCDB.pch" /FAs /Fa"D:\STSoC-3.0\\ogsr_engine\_TEMP\Engine\Release\x64\xrCDB\\" /Fo"D:\STSoC-3.0\\ogsr_engine\_TEMP\Engine\Release\x64\xrCDB\\" /Fd"D:\STSoC-3.0\\ogsr_engine\_TEMP\Engine\Release\x64\xrCDB\xrCDB.pdb" /external:W4 /Gd /TP /wd4456 /wd4457 /wd4458 /wd4995 /wd4577 /wd4267 /FC /errorReport:queue /source-charset:utf-8 /we4566 /we4828 /we4715 /we4189 /we4595 /we4834 /we4018 /we4101 /we4552 /we4551 /Zc:__cplusplus /Ob3 Frustum.cpp ISpatial.cpp ISpatial_q_box.cpp ISpatial_q_frustum.cpp ISpatial_q_ray.cpp ISpatial_verify.cpp OpCoDe\Ice\IceAABB.cpp OpCoDe\Ice\IceContainer.cpp OpCoDe\Ice\IceHPoint.cpp OpCoDe\Ice\IceIndexedTriangle.cpp OpCoDe\Ice\IceMatrix3x3.cpp OpCoDe\Ice\IceMatrix4x4.cpp OpCoDe\Ice\IceOBB.cpp OpCoDe\Ice\IcePlane.cpp OpCoDe\Ice\IcePoint.cpp OpCoDe\Ice\IceRandom.cpp OpCoDe\Ice\IceRay.cpp OpCoDe\Ice\IceRevisitedRadix.cpp OpCoDe\Ice\IceSegment.cpp OpCoDe\Ice\IceTriangle.cpp OpCoDe\Ice\IceUtils.cpp OpCoDe\Opcode.cpp OpCoDe\OPC_AABBCollider.cpp OpCoDe\OPC_AABBTree.cpp OpCoDe\OPC_BaseModel.cpp OpCoDe\OPC_BoxPruning.cpp OpCoDe\OPC_Collider.cpp OpCoDe\OPC_Common.cpp OpCoDe\OPC_HybridModel.cpp OpCoDe\OPC_LSSCollider.cpp OpCoDe\OPC_MeshInterface.cpp OpCoDe\OPC_Model.cpp OpCoDe\OPC_OBBCollider.cpp OpCoDe\OPC_OptimizedTree.cpp OpCoDe\OPC_Picking.cpp OpCoDe\OPC_PlanesCollider.cpp OpCoDe\OPC_RayCollider.cpp OpCoDe\OPC_SphereCollider.cpp OpCoDe\OPC_SweepAndPrune.cpp OpCoDe\OPC_TreeBuilders.cpp OpCoDe\OPC_TreeCollider.cpp OpCoDe\OPC_VolumeCollider.cpp xrCDB.cpp xrCDB_box.cpp xrCDB_Collector.cpp xrCDB_frustum.cpp xrCDB_ray.cpp xrXRC.cpp
    27>PrepareForBuild:
         Структурированный вывод включен. Форматирование диагностики компилятора будет отражать иерархию ошибок. Подробнее см. https://aka.ms/cpp/structured-output.
       InitializeBuildStatus:
         Создание "D:\STSoC-3.0\\ogsr_engine\_TEMP\Engine\Release\x64\Luabind\Luabind.tlog\unsuccessfulbuild", так как было задано "AlwaysCreate".
         Обращение к "D:\STSoC-3.0\\ogsr_engine\_TEMP\Engine\Release\x64\Luabind\Luabind.tlog\unsuccessfulbuild".
       ComputeStdModulesCompileInputs:
         Чтение файла манифеста библиотеки "C:\Program Files\Microsoft Visual Studio\18\Insiders\VC\Tools\MSVC\14.51.36231\modules\modules.json", который предоставляет данные для библиотеки "microsoft/STL".
         Добавление источника модуля "C:\Program Files\Microsoft Visual Studio\18\Insiders\VC\Tools\MSVC\14.51.36231\modules\std.ixx" из библиотеки "microsoft/STL" для сборки с этим проектом.
         Добавление источника модуля "C:\Program Files\Microsoft Visual Studio\18\Insiders\VC\Tools\MSVC\14.51.36231\modules\std.compat.ixx" из библиотеки "microsoft/STL" для сборки с этим проектом.
       ClCompile:
         C:\Program Files\Microsoft Visual Studio\18\Insiders\VC\Tools\MSVC\14.51.36231\bin\HostX64\x64\CL.exe /c /I"D:\STSoC-3.0\ogsr_engine\Luabind\\" /I..\LuaJIT\src /I..\xrCore /I"D:\STSoC-3.0\\3rd_party\Src\tracy\public" /Zi /nologo /W3 /WX- /diagnostics:column /sdl /MP /O2 /Oi /Ot /Oy- /GT /GL /D XRCORE_STATIC /D LUABIND_STATIC /D NDEBUG /D _MBCS /D _CRT_SECURE_NO_WARNINGS /D _SILENCE_CXX17_CODECVT_HEADER_DEPRECATION_WARNING /GF /Gm- /MT /GS /Gy /fp:fast /Zc:wchar_t /Zc:forScope /Zc:inline /std:c++23preview /permissive- /Yc"stdafx.h" /Fp"D:\STSoC-3.0\\ogsr_engine\_TEMP\Engine\Release\x64\Luabind\Luabind.pch" /Fo"D:\STSoC-3.0\\ogsr_engine\_TEMP\Engine\Release\x64\Luabind\\" /Fd"D:\STSoC-3.0\\ogsr_engine\_TEMP\Engine\Release\x64\Luabind\Luabind.pdb" /external:W3 /Gd /TP /wd4251 /wd4577 /wd5037 /wd4267 /FC /errorReport:queue /source-charset:utf-8 /we4566 /we4828 /we4715 /we4189 /we4595 /we4834 /we4018 /we4101 /we4552 /we4551 /Zc:__cplusplus /Ob3 src\stdafx.cpp
    13>ClCompile:
         Frustum.cpp
         ISpatial.cpp
         ISpatial_q_box.cpp
         ISpatial_q_frustum.cpp
    27>ClCompile:
         stdafx.cpp
    13>ClCompile:
         ISpatial_q_ray.cpp
         ISpatial_verify.cpp
         IceAABB.cpp
         IceContainer.cpp
         IceHPoint.cpp
         IceIndexedTriangle.cpp
         IceMatrix3x3.cpp
         IceMatrix4x4.cpp
         IceOBB.cpp
         IcePlane.cpp
         IcePoint.cpp
         IceRandom.cpp
         IceRay.cpp
         IceRevisitedRadix.cpp
         IceSegment.cpp
         IceTriangle.cpp
         IceUtils.cpp
         Opcode.cpp
         OPC_AABBCollider.cpp
         OPC_AABBTree.cpp
         OPC_BaseModel.cpp
         OPC_BoxPruning.cpp
         OPC_Collider.cpp
         OPC_Common.cpp
         OPC_HybridModel.cpp
         OPC_LSSCollider.cpp
         OPC_MeshInterface.cpp
         OPC_Model.cpp
         OPC_OBBCollider.cpp
         OPC_OptimizedTree.cpp
         OPC_Picking.cpp
         OPC_PlanesCollider.cpp
         OPC_RayCollider.cpp
         OPC_SphereCollider.cpp
         OPC_SweepAndPrune.cpp
          >> Using new code for ray collision
         OPC_TreeBuilders.cpp
         OPC_TreeCollider.cpp
         OPC_VolumeCollider.cpp
         xrCDB.cpp
         xrCDB_box.cpp
         xrCDB_Collector.cpp
         xrCDB_frustum.cpp
         xrCDB_ray.cpp
         xrXRC.cpp
       Lib:
         C:\Program Files\Microsoft Visual Studio\18\Insiders\VC\Tools\MSVC\14.51.36231\bin\HostX64\x64\Lib.exe /OUT:"D:\STSoC-3.0\\ogsr_engine\_LIB\Engine\Release\x64\xrCDB.lib" /NOLOGO /MACHINE:X64 /LTCG "D:\STSoC-3.0\\ogsr_engine\_TEMP\Engine\Release\x64\xrCDB\Frustum.obj"
         "D:\STSoC-3.0\\ogsr_engine\_TEMP\Engine\Release\x64\xrCDB\ISpatial.obj"
         "D:\STSoC-3.0\\ogsr_engine\_TEMP\Engine\Release\x64\xrCDB\ISpatial_q_box.obj"
         "D:\STSoC-3.0\\ogsr_engine\_TEMP\Engine\Release\x64\xrCDB\ISpatial_q_frustum.obj"
         "D:\STSoC-3.0\\ogsr_engine\_TEMP\Engine\Release\x64\xrCDB\ISpatial_q_ray.obj"
         "D:\STSoC-3.0\\ogsr_engine\_TEMP\Engine\Release\x64\xrCDB\ISpatial_verify.obj"
         "D:\STSoC-3.0\\ogsr_engine\_TEMP\Engine\Release\x64\xrCDB\IceAABB.obj"
         "D:\STSoC-3.0\\ogsr_engine\_TEMP\Engine\Release\x64\xrCDB\IceContainer.obj"
         "D:\STSoC-3.0\\ogsr_engine\_TEMP\Engine\Release\x64\xrCDB\IceHPoint.obj"
         "D:\STSoC-3.0\\ogsr_engine\_TEMP\Engine\Release\x64\xrCDB\IceIndexedTriangle.obj"
         "D:\STSoC-3.0\\ogsr_engine\_TEMP\Engine\Release\x64\xrCDB\IceMatrix3x3.obj"
         "D:\STSoC-3.0\\ogsr_engine\_TEMP\Engine\Release\x64\xrCDB\IceMatrix4x4.obj"
         "D:\STSoC-3.0\\ogsr_engine\_TEMP\Engine\Release\x64\xrCDB\IceOBB.obj"
         "D:\STSoC-3.0\\ogsr_engine\_TEMP\Engine\Release\x64\xrCDB\IcePlane.obj"
         "D:\STSoC-3.0\\ogsr_engine\_TEMP\Engine\Release\x64\xrCDB\IcePoint.obj"
         "D:\STSoC-3.0\\ogsr_engine\_TEMP\Engine\Release\x64\xrCDB\IceRandom.obj"
         "D:\STSoC-3.0\\ogsr_engine\_TEMP\Engine\Release\x64\xrCDB\IceRay.obj"
         "D:\STSoC-3.0\\ogsr_engine\_TEMP\Engine\Release\x64\xrCDB\IceRevisitedRadix.obj"
         "D:\STSoC-3.0\\ogsr_engine\_TEMP\Engine\Release\x64\xrCDB\IceSegment.obj"
         "D:\STSoC-3.0\\ogsr_engine\_TEMP\Engine\Release\x64\xrCDB\IceTriangle.obj"
         "D:\STSoC-3.0\\ogsr_engine\_TEMP\Engine\Release\x64\xrCDB\IceUtils.obj"
         "D:\STSoC-3.0\\ogsr_engine\_TEMP\Engine\Release\x64\xrCDB\Opcode.obj"
         "D:\STSoC-3.0\\ogsr_engine\_TEMP\Engine\Release\x64\xrCDB\OPC_AABBCollider.obj"
         "D:\STSoC-3.0\\ogsr_engine\_TEMP\Engine\Release\x64\xrCDB\OPC_AABBTree.obj"
         "D:\STSoC-3.0\\ogsr_engine\_TEMP\Engine\Release\x64\xrCDB\OPC_BaseModel.obj"
         "D:\STSoC-3.0\\ogsr_engine\_TEMP\Engine\Release\x64\xrCDB\OPC_BoxPruning.obj"
         "D:\STSoC-3.0\\ogsr_engine\_TEMP\Engine\Release\x64\xrCDB\OPC_Collider.obj"
         "D:\STSoC-3.0\\ogsr_engine\_TEMP\Engine\Release\x64\xrCDB\OPC_Common.obj"
         "D:\STSoC-3.0\\ogsr_engine\_TEMP\Engine\Release\x64\xrCDB\OPC_HybridModel.obj"
         "D:\STSoC-3.0\\ogsr_engine\_TEMP\Engine\Release\x64\xrCDB\OPC_LSSCollider.obj"
         "D:\STSoC-3.0\\ogsr_engine\_TEMP\Engine\Release\x64\xrCDB\OPC_MeshInterface.obj"
         "D:\STSoC-3.0\\ogsr_engine\_TEMP\Engine\Release\x64\xrCDB\OPC_Model.obj"
         "D:\STSoC-3.0\\ogsr_engine\_TEMP\Engine\Release\x64\xrCDB\OPC_OBBCollider.obj"
         "D:\STSoC-3.0\\ogsr_engine\_TEMP\Engine\Release\x64\xrCDB\OPC_OptimizedTree.obj"
         "D:\STSoC-3.0\\ogsr_engine\_TEMP\Engine\Release\x64\xrCDB\OPC_Picking.obj"
         "D:\STSoC-3.0\\ogsr_engine\_TEMP\Engine\Release\x64\xrCDB\OPC_PlanesCollider.obj"
         "D:\STSoC-3.0\\ogsr_engine\_TEMP\Engine\Release\x64\xrCDB\OPC_RayCollider.obj"
         "D:\STSoC-3.0\\ogsr_engine\_TEMP\Engine\Release\x64\xrCDB\OPC_SphereCollider.obj"
         "D:\STSoC-3.0\\ogsr_engine\_TEMP\Engine\Release\x64\xrCDB\OPC_SweepAndPrune.obj"
         "D:\STSoC-3.0\\ogsr_engine\_TEMP\Engine\Release\x64\xrCDB\OPC_TreeBuilders.obj"
         "D:\STSoC-3.0\\ogsr_engine\_TEMP\Engine\Release\x64\xrCDB\OPC_TreeCollider.obj"
         "D:\STSoC-3.0\\ogsr_engine\_TEMP\Engine\Release\x64\xrCDB\OPC_VolumeCollider.obj"
         "D:\STSoC-3.0\\ogsr_engine\_TEMP\Engine\Release\x64\xrCDB\StdAfx.obj"
         "D:\STSoC-3.0\\ogsr_engine\_TEMP\Engine\Release\x64\xrCDB\xrCDB.obj"
         "D:\STSoC-3.0\\ogsr_engine\_TEMP\Engine\Release\x64\xrCDB\xrCDB_box.obj"
         "D:\STSoC-3.0\\ogsr_engine\_TEMP\Engine\Release\x64\xrCDB\xrCDB_Collector.obj"
         "D:\STSoC-3.0\\ogsr_engine\_TEMP\Engine\Release\x64\xrCDB\xrCDB_frustum.obj"
         "D:\STSoC-3.0\\ogsr_engine\_TEMP\Engine\Release\x64\xrCDB\xrCDB_ray.obj"
         "D:\STSoC-3.0\\ogsr_engine\_TEMP\Engine\Release\x64\xrCDB\xrXRC.obj"
         Копирование файла из "D:\STSoC-3.0\ogsr_engine\_TEMP\Engine\Release\x64\xrCDB\xrCDB.pdb" в "D:\STSoC-3.0\ogsr_engine\_LIB\Engine\Release\x64\xrCDB.pdb".
         xrCDB.vcxproj -> D:\STSoC-3.0\ogsr_engine\_LIB\Engine\Release\x64\xrCDB.lib
       FinalizeBuildStatus:
         Файл "D:\STSoC-3.0\\ogsr_engine\_TEMP\Engine\Release\x64\xrCDB\xrCDB.tlog\unsuccessfulbuild" удаляется.
         Обращение к "D:\STSoC-3.0\\ogsr_engine\_TEMP\Engine\Release\x64\xrCDB\xrCDB.tlog\xrCDB.lastbuildstate".
    13>Сборка проекта "D:\STSoC-3.0\ogsr_engine\xrCDB\xrCDB.vcxproj" завершена (целевые объекты по умолчанию).
    12>PrepareForBuild:
         Структурированный вывод включен. Форматирование диагностики компилятора будет отражать иерархию ошибок. Подробнее см. https://aka.ms/cpp/structured-output.
    26>PrepareForBuild:
         Структурированный вывод включен. Форматирование диагностики компилятора будет отражать иерархию ошибок. Подробнее см. https://aka.ms/cpp/structured-output.
       InitializeBuildStatus:
         Создание "D:\STSoC-3.0\\ogsr_engine\_TEMP\Engine\Release\x64\xrSound\xrSound.tlog\unsuccessfulbuild", так как было задано "AlwaysCreate".
         Обращение к "D:\STSoC-3.0\\ogsr_engine\_TEMP\Engine\Release\x64\xrSound\xrSound.tlog\unsuccessfulbuild".
    12>InitializeBuildStatus:
         Создание "D:\STSoC-3.0\\ogsr_engine\_TEMP\Engine\Release\x64\xrRender_R4\xrRender_R4.tlog\unsuccessfulbuild", так как было задано "AlwaysCreate".
         Обращение к "D:\STSoC-3.0\\ogsr_engine\_TEMP\Engine\Release\x64\xrRender_R4\xrRender_R4.tlog\unsuccessfulbuild".
       ComputeStdModulesCompileInputs:
         Чтение файла манифеста библиотеки "C:\Program Files\Microsoft Visual Studio\18\Insiders\VC\Tools\MSVC\14.51.36231\modules\modules.json", который предоставляет данные для библиотеки "microsoft/STL".
         Добавление источника модуля "C:\Program Files\Microsoft Visual Studio\18\Insiders\VC\Tools\MSVC\14.51.36231\modules\std.ixx" из библиотеки "microsoft/STL" для сборки с этим проектом.
         Добавление источника модуля "C:\Program Files\Microsoft Visual Studio\18\Insiders\VC\Tools\MSVC\14.51.36231\modules\std.compat.ixx" из библиотеки "microsoft/STL" для сборки с этим проектом.
    27>ClCompile:
         C:\Program Files\Microsoft Visual Studio\18\Insiders\VC\Tools\MSVC\14.51.36231\bin\HostX64\x64\CL.exe /c /I"D:\STSoC-3.0\ogsr_engine\Luabind\\" /I..\LuaJIT\src /I..\xrCore /I"D:\STSoC-3.0\\3rd_party\Src\tracy\public" /Zi /nologo /W3 /WX- /diagnostics:column /sdl /MP /O2 /Oi /Ot /Oy- /GT /GL /D XRCORE_STATIC /D LUABIND_STATIC /D NDEBUG /D _MBCS /D _CRT_SECURE_NO_WARNINGS /D _SILENCE_CXX17_CODECVT_HEADER_DEPRECATION_WARNING /GF /Gm- /MT /GS /Gy /fp:fast /Zc:wchar_t /Zc:forScope /Zc:inline /std:c++23preview /permissive- /Yu"stdafx.h" /Fp"D:\STSoC-3.0\\ogsr_engine\_TEMP\Engine\Release\x64\Luabind\Luabind.pch" /Fo"D:\STSoC-3.0\\ogsr_engine\_TEMP\Engine\Release\x64\Luabind\\" /Fd"D:\STSoC-3.0\\ogsr_engine\_TEMP\Engine\Release\x64\Luabind\Luabind.pdb" /external:W3 /Gd /TP /wd4251 /wd4577 /wd5037 /wd4267 /FC /errorReport:queue /source-charset:utf-8 /we4566 /we4828 /we4715 /we4189 /we4595 /we4834 /we4018 /we4101 /we4552 /we4551 /Zc:__cplusplus /Ob3 src\class.cpp src\class_info.cpp src\class_registry.cpp src\class_rep.cpp src\create_class.cpp src\error.cpp src\find_best_match.cpp src\function.cpp src\implicit_cast.cpp src\link_compatibility.cpp src\object.cpp src\object_rep.cpp src\open.cpp src\pcall.cpp src\ref.cpp src\scope.cpp src\stack_content_by_name.cpp src\weak_ref.cpp src\wrapper_base.cpp src\luabind_memory.cpp
    12>ClCompile:
         C:\Program Files\Microsoft Visual Studio\18\Insiders\VC\Tools\MSVC\14.51.36231\bin\HostX64\x64\CL.exe /c /I./ /I"D:\STSoC-3.0\\3rd_party\Src\d3dx" /I..\..\xrCore /I..\..\Luabind /I..\..\LuaJIT\src /I"D:\STSoC-3.0\\3rd_party\Src\imgui" /I"D:\STSoC-3.0\\3rd_party\Src\DirectXMesh\DirectXMesh" /I"D:\STSoC-3.0\\3rd_party\Src\DirectXTex\DirectXTex\DirectXTex" /I"D:\STSoC-3.0\\3rd_party\Src\DirectXMath\DirectXMath\Inc" /I"D:\STSoC-3.0\\3rd_party\Src\tracy\public" /Zi /nologo /W4 /WX- /diagnostics:column /sdl /MP /O2 /Oi /Ot /Oy- /GT /GL /D WIN32 /D NDEBUG /D _WINDOWS /D _USRDLL /D XRENGINE_STATIC /D XRCORE_STATIC /D XRCDB_STATIC /D XR_PARTICLES_STATIC /D LUABIND_STATIC /D XRRENDER_STATIC /D _MBCS /D _CRT_SECURE_NO_WARNINGS /D _SILENCE_CXX17_CODECVT_HEADER_DEPRECATION_WARNING /GF /Gm- /MT /GS /Gy /fp:fast /Zc:wchar_t /Zc:forScope /Zc:inline /GR /std:c++23preview /permissive- /Yc"stdafx.h" /Fp"D:\STSoC-3.0\\ogsr_engine\_TEMP\Engine\Release\x64\xrRender_R4\xrRender_R4.pch" /Fo"D:\STSoC-3.0\\ogsr_engine\_TEMP\Engine\Release\x64\xrRender_R4\\" /Fd"D:\STSoC-3.0\\ogsr_engine\_TEMP\Engine\Release\x64\xrRender_R4\xrRender_R4.pdb" /external:W4 /Gd /TP /wd4456 /wd4457 /wd4458 /wd4995 /wd4577 /wd4315 /wd4267 /FC /errorReport:queue /source-charset:utf-8 /we4566 /we4828 /we4715 /we4189 /we4595 /we4834 /we4018 /we4101 /we4552 /we4551 /Zc:__cplusplus /Ob3 stdafx.cpp
    26>ComputeStdModulesCompileInputs:
         Чтение файла манифеста библиотеки "C:\Program Files\Microsoft Visual Studio\18\Insiders\VC\Tools\MSVC\14.51.36231\modules\modules.json", который предоставляет данные для библиотеки "microsoft/STL".
         Добавление источника модуля "C:\Program Files\Microsoft Visual Studio\18\Insiders\VC\Tools\MSVC\14.51.36231\modules\std.ixx" из библиотеки "microsoft/STL" для сборки с этим проектом.
         Добавление источника модуля "C:\Program Files\Microsoft Visual Studio\18\Insiders\VC\Tools\MSVC\14.51.36231\modules\std.compat.ixx" из библиотеки "microsoft/STL" для сборки с этим проектом.
    27>ClCompile:
         class.cpp
         class_info.cpp
         class_registry.cpp
    12>ClCompile:
         stdafx.cpp
    27>ClCompile:
         class_rep.cpp
    26>ClCompile:
         C:\Program Files\Microsoft Visual Studio\18\Insiders\VC\Tools\MSVC\14.51.36231\bin\HostX64\x64\CL.exe /c /I..\..\3rd_party\Src\OpenAL_Soft\include\AL /I..\..\3rd_party\Src\eax\Include /I..\..\3rd_party\Src\Xiph\libogg\include /I..\..\3rd_party\Src\Xiph\libvorbis\include /I"D:\STSoC-3.0\\3rd_party\Src\tracy\public" /Zi /nologo /W4 /WX- /diagnostics:column /sdl /MP /O2 /Oi /Ot /Oy- /GT /GL /D XRCORE_STATIC /D XRCDB_STATIC /D NDEBUG /D _WINDOWS /D _USRDLL /D XRSOUND_STATIC /D _MBCS /D _CRT_SECURE_NO_WARNINGS /D _SILENCE_CXX17_CODECVT_HEADER_DEPRECATION_WARNING /GF /Gm- /MT /GS /Gy /fp:fast /Zc:wchar_t /Zc:forScope /Zc:inline /GR /std:c++23preview /permissive- /Yc"stdafx.h" /Fp"D:\STSoC-3.0\\ogsr_engine\_TEMP\Engine\Release\x64\xrSound\xrSound.pch" /Fo"D:\STSoC-3.0\\ogsr_engine\_TEMP\Engine\Release\x64\xrSound\\" /Fd"D:\STSoC-3.0\\ogsr_engine\_TEMP\Engine\Release\x64\xrSound\xrSound.pdb" /external:W4 /Gd /TP /wd4456 /wd4457 /wd4458 /wd4995 /wd4577 /wd4267 /FC /errorReport:queue /source-charset:utf-8 /we4566 /we4828 /we4715 /we4189 /we4595 /we4834 /we4018 /we4101 /we4552 /we4551 /Zc:__cplusplus /Ob3 stdafx.cpp
         stdafx.cpp
         C:\Program Files\Microsoft Visual Studio\18\Insiders\VC\Tools\MSVC\14.51.36231\bin\HostX64\x64\CL.exe /c /I..\..\3rd_party\Src\OpenAL_Soft\include\AL /I..\..\3rd_party\Src\eax\Include /I..\..\3rd_party\Src\Xiph\libogg\include /I..\..\3rd_party\Src\Xiph\libvorbis\include /I"D:\STSoC-3.0\\3rd_party\Src\tracy\public" /Zi /nologo /W4 /WX- /diagnostics:column /sdl /MP /O2 /Oi /Ot /Oy- /GT /GL /D XRCORE_STATIC /D XRCDB_STATIC /D NDEBUG /D _WINDOWS /D _USRDLL /D XRSOUND_STATIC /D _MBCS /D _CRT_SECURE_NO_WARNINGS /D _SILENCE_CXX17_CODECVT_HEADER_DEPRECATION_WARNING /GF /Gm- /MT /GS /Gy /fp:fast /Zc:wchar_t /Zc:forScope /Zc:inline /GR /std:c++23preview /permissive- /Fo"D:\STSoC-3.0\\ogsr_engine\_TEMP\Engine\Release\x64\xrSound\\" /Fd"D:\STSoC-3.0\\ogsr_engine\_TEMP\Engine\Release\x64\xrSound\xrSound.pdb" /external:W4 /Gd /TP /wd4456 /wd4457 /wd4458 /wd4995 /wd4577 /wd4267 /FC /errorReport:queue /source-charset:utf-8 /we4566 /we4828 /we4715 /we4189 /we4595 /we4834 /we4018 /we4101 /we4552 /we4551 /Zc:__cplusplus /Ob3 guids.cpp
         guids.cpp
         C:\Program Files\Microsoft Visual Studio\18\Insiders\VC\Tools\MSVC\14.51.36231\bin\HostX64\x64\CL.exe /c /I..\..\3rd_party\Src\OpenAL_Soft\include\AL /I..\..\3rd_party\Src\eax\Include /I..\..\3rd_party\Src\Xiph\libogg\include /I..\..\3rd_party\Src\Xiph\libvorbis\include /I"D:\STSoC-3.0\\3rd_party\Src\tracy\public" /Zi /nologo /W4 /WX- /diagnostics:column /sdl /MP /O2 /Oi /Ot /Oy- /GT /GL /D XRCORE_STATIC /D XRCDB_STATIC /D NDEBUG /D _WINDOWS /D _USRDLL /D XRSOUND_STATIC /D _MBCS /D _CRT_SECURE_NO_WARNINGS /D _SILENCE_CXX17_CODECVT_HEADER_DEPRECATION_WARNING /GF /Gm- /MT /GS /Gy /fp:fast /Zc:wchar_t /Zc:forScope /Zc:inline /GR /std:c++23preview /permissive- /Yu"stdafx.h" /Fp"D:\STSoC-3.0\\ogsr_engine\_TEMP\Engine\Release\x64\xrSound\xrSound.pch" /Fo"D:\STSoC-3.0\\ogsr_engine\_TEMP\Engine\Release\x64\xrSound\\" /Fd"D:\STSoC-3.0\\ogsr_engine\_TEMP\Engine\Release\x64\xrSound\xrSound.pdb" /external:W4 /Gd /TP /wd4456 /wd4457 /wd4458 /wd4995 /wd4577 /wd4267 /FC /errorReport:queue /source-charset:utf-8 /we4566 /we4828 /we4715 /we4189 /we4595 /we4834 /we4018 /we4101 /we4552 /we4551 /Zc:__cplusplus /Ob3 NotificationClient.cpp sound.cpp SoundRender_Core.cpp SoundRender_Core_Processor.cpp SoundRender_Core_SourceManager.cpp SoundRender_Core_StartStop.cpp OpenALDeviceList.cpp SoundRender_CoreA.cpp SoundRender_Emitter.cpp SoundRender_Emitter_FSM.cpp SoundRender_Emitter_StartStop.cpp SoundRender_Emitter_streamer.cpp SoundRender_Source.cpp SoundRender_Source_loader.cpp SoundRender_Target.cpp SoundRender_TargetA.cpp SoundRender_Environment.cpp SoundRender_Cache.cpp
         NotificationClient.cpp
         sound.cpp
         SoundRender_Core.cpp
         SoundRender_Core_Processor.cpp
    27>ClCompile:
         create_class.cpp
    26>ClCompile:
         SoundRender_Core_SourceManager.cpp
    27>ClCompile:
         error.cpp
         find_best_match.cpp
         function.cpp
    26>ClCompile:
         SoundRender_Core_StartStop.cpp
    27>ClCompile:
         implicit_cast.cpp
         link_compatibility.cpp
    26>ClCompile:
         OpenALDeviceList.cpp
         SoundRender_CoreA.cpp
         SoundRender_Emitter.cpp
         SoundRender_Emitter_FSM.cpp
    27>ClCompile:
         object.cpp
         object_rep.cpp
    26>ClCompile:
         SoundRender_Emitter_StartStop.cpp
         SoundRender_Emitter_streamer.cpp
         SoundRender_Source.cpp
         SoundRender_Source_loader.cpp
    27>ClCompile:
         open.cpp
    26>ClCompile:
         SoundRender_Target.cpp
         SoundRender_TargetA.cpp
         SoundRender_Environment.cpp
         SoundRender_Cache.cpp
    27>ClCompile:
         pcall.cpp
         ref.cpp
         scope.cpp
         stack_content_by_name.cpp
    26>Lib:
         C:\Program Files\Microsoft Visual Studio\18\Insiders\VC\Tools\MSVC\14.51.36231\bin\HostX64\x64\Lib.exe /OUT:"D:\STSoC-3.0\\ogsr_engine\_LIB\Engine\Release\x64\xrSound.lib" /NOLOGO /MACHINE:X64 /LTCG "D:\STSoC-3.0\\ogsr_engine\_TEMP\Engine\Release\x64\xrSound\guids.obj"
         "D:\STSoC-3.0\\ogsr_engine\_TEMP\Engine\Release\x64\xrSound\NotificationClient.obj"
         "D:\STSoC-3.0\\ogsr_engine\_TEMP\Engine\Release\x64\xrSound\sound.obj"
         "D:\STSoC-3.0\\ogsr_engine\_TEMP\Engine\Release\x64\xrSound\stdafx.obj"
         "D:\STSoC-3.0\\ogsr_engine\_TEMP\Engine\Release\x64\xrSound\SoundRender_Core.obj"
         "D:\STSoC-3.0\\ogsr_engine\_TEMP\Engine\Release\x64\xrSound\SoundRender_Core_Processor.obj"
         "D:\STSoC-3.0\\ogsr_engine\_TEMP\Engine\Release\x64\xrSound\SoundRender_Core_SourceManager.obj"
         "D:\STSoC-3.0\\ogsr_engine\_TEMP\Engine\Release\x64\xrSound\SoundRender_Core_StartStop.obj"
         "D:\STSoC-3.0\\ogsr_engine\_TEMP\Engine\Release\x64\xrSound\OpenALDeviceList.obj"
         "D:\STSoC-3.0\\ogsr_engine\_TEMP\Engine\Release\x64\xrSound\SoundRender_CoreA.obj"
         "D:\STSoC-3.0\\ogsr_engine\_TEMP\Engine\Release\x64\xrSound\SoundRender_Emitter.obj"
         "D:\STSoC-3.0\\ogsr_engine\_TEMP\Engine\Release\x64\xrSound\SoundRender_Emitter_FSM.obj"
         "D:\STSoC-3.0\\ogsr_engine\_TEMP\Engine\Release\x64\xrSound\SoundRender_Emitter_StartStop.obj"
         "D:\STSoC-3.0\\ogsr_engine\_TEMP\Engine\Release\x64\xrSound\SoundRender_Emitter_streamer.obj"
         "D:\STSoC-3.0\\ogsr_engine\_TEMP\Engine\Release\x64\xrSound\SoundRender_Source.obj"
         "D:\STSoC-3.0\\ogsr_engine\_TEMP\Engine\Release\x64\xrSound\SoundRender_Source_loader.obj"
         "D:\STSoC-3.0\\ogsr_engine\_TEMP\Engine\Release\x64\xrSound\SoundRender_Target.obj"
         "D:\STSoC-3.0\\ogsr_engine\_TEMP\Engine\Release\x64\xrSound\SoundRender_TargetA.obj"
         "D:\STSoC-3.0\\ogsr_engine\_TEMP\Engine\Release\x64\xrSound\SoundRender_Environment.obj"
         "D:\STSoC-3.0\\ogsr_engine\_TEMP\Engine\Release\x64\xrSound\SoundRender_Cache.obj"
    27>ClCompile:
         weak_ref.cpp
         wrapper_base.cpp
         luabind_memory.cpp
    26>Lib:
         Копирование файла из "D:\STSoC-3.0\ogsr_engine\_TEMP\Engine\Release\x64\xrSound\xrSound.pdb" в "D:\STSoC-3.0\ogsr_engine\_LIB\Engine\Release\x64\xrSound.pdb".
         xrSound.vcxproj -> D:\STSoC-3.0\ogsr_engine\_LIB\Engine\Release\x64\xrSound.lib
       FinalizeBuildStatus:
         Файл "D:\STSoC-3.0\\ogsr_engine\_TEMP\Engine\Release\x64\xrSound\xrSound.tlog\unsuccessfulbuild" удаляется.
         Обращение к "D:\STSoC-3.0\\ogsr_engine\_TEMP\Engine\Release\x64\xrSound\xrSound.tlog\xrSound.lastbuildstate".
    26>Сборка проекта "D:\STSoC-3.0\ogsr_engine\xrSound\xrSound.vcxproj" завершена (целевые объекты Rebuild).
     5>Сборка проекта "D:\STSoC-3.0\ogsr_engine\xrSound\xrSound.vcxproj.metaproj" завершена (целевые объекты Rebuild).
    27>Lib:
         C:\Program Files\Microsoft Visual Studio\18\Insiders\VC\Tools\MSVC\14.51.36231\bin\HostX64\x64\Lib.exe /OUT:"D:\STSoC-3.0\\ogsr_engine\_LIB\Engine\Release\x64\Luabind.lib" /NOLOGO /MACHINE:X64 /LTCG "D:\STSoC-3.0\\ogsr_engine\_TEMP\Engine\Release\x64\Luabind\class.obj"
         "D:\STSoC-3.0\\ogsr_engine\_TEMP\Engine\Release\x64\Luabind\class_info.obj"
         "D:\STSoC-3.0\\ogsr_engine\_TEMP\Engine\Release\x64\Luabind\class_registry.obj"
         "D:\STSoC-3.0\\ogsr_engine\_TEMP\Engine\Release\x64\Luabind\class_rep.obj"
         "D:\STSoC-3.0\\ogsr_engine\_TEMP\Engine\Release\x64\Luabind\create_class.obj"
         "D:\STSoC-3.0\\ogsr_engine\_TEMP\Engine\Release\x64\Luabind\error.obj"
         "D:\STSoC-3.0\\ogsr_engine\_TEMP\Engine\Release\x64\Luabind\find_best_match.obj"
         "D:\STSoC-3.0\\ogsr_engine\_TEMP\Engine\Release\x64\Luabind\function.obj"
         "D:\STSoC-3.0\\ogsr_engine\_TEMP\Engine\Release\x64\Luabind\implicit_cast.obj"
         "D:\STSoC-3.0\\ogsr_engine\_TEMP\Engine\Release\x64\Luabind\link_compatibility.obj"
         "D:\STSoC-3.0\\ogsr_engine\_TEMP\Engine\Release\x64\Luabind\object.obj"
         "D:\STSoC-3.0\\ogsr_engine\_TEMP\Engine\Release\x64\Luabind\object_rep.obj"
         "D:\STSoC-3.0\\ogsr_engine\_TEMP\Engine\Release\x64\Luabind\open.obj"
         "D:\STSoC-3.0\\ogsr_engine\_TEMP\Engine\Release\x64\Luabind\pcall.obj"
         "D:\STSoC-3.0\\ogsr_engine\_TEMP\Engine\Release\x64\Luabind\ref.obj"
         "D:\STSoC-3.0\\ogsr_engine\_TEMP\Engine\Release\x64\Luabind\scope.obj"
         "D:\STSoC-3.0\\ogsr_engine\_TEMP\Engine\Release\x64\Luabind\stack_content_by_name.obj"
         "D:\STSoC-3.0\\ogsr_engine\_TEMP\Engine\Release\x64\Luabind\stdafx.obj"
         "D:\STSoC-3.0\\ogsr_engine\_TEMP\Engine\Release\x64\Luabind\weak_ref.obj"
         "D:\STSoC-3.0\\ogsr_engine\_TEMP\Engine\Release\x64\Luabind\wrapper_base.obj"
         "D:\STSoC-3.0\\ogsr_engine\_TEMP\Engine\Release\x64\Luabind\luabind_memory.obj"
         Копирование файла из "D:\STSoC-3.0\ogsr_engine\_TEMP\Engine\Release\x64\Luabind\Luabind.pdb" в "D:\STSoC-3.0\ogsr_engine\_LIB\Engine\Release\x64\Luabind.pdb".
         luabind.vcxproj -> D:\STSoC-3.0\ogsr_engine\_LIB\Engine\Release\x64\Luabind.lib
       FinalizeBuildStatus:
         Файл "D:\STSoC-3.0\\ogsr_engine\_TEMP\Engine\Release\x64\Luabind\Luabind.tlog\unsuccessfulbuild" удаляется.
         Обращение к "D:\STSoC-3.0\\ogsr_engine\_TEMP\Engine\Release\x64\Luabind\Luabind.tlog\Luabind.lastbuildstate".
    27>Сборка проекта "D:\STSoC-3.0\ogsr_engine\Luabind\luabind.vcxproj" завершена (целевые объекты Rebuild).
     4>Сборка проекта "D:\STSoC-3.0\ogsr_engine\Luabind\luabind.vcxproj.metaproj" завершена (целевые объекты Rebuild).
     7>Проект "D:\STSoC-3.0\ogsr_engine\xrGame\xrGame.vcxproj.metaproj" (7) выполняет сборку "D:\STSoC-3.0\ogsr_engine\xrGame\xrGame.vcxproj" (28) в узле 1 (целевые объекты Rebuild).
    28>_PrepareForClean:
         Файл "D:\STSoC-3.0\\ogsr_engine\_TEMP\Engine\Release\x64\xrGame\xrGame.tlog\xrGame.lastbuildstate" удаляется.
    12>D:\STSoC-3.0\ogsr_engine\Layers\xrRender\blenders\Blender_Recorder.h(30,16): warning C4121: CBlender_Compile: выравнивание члена зависит от упаковки [D:\STSoC-3.0\ogsr_engine\Layers\xrRenderPC_R4\xrRender_R4.vcxproj]
         (компиляция исходного файла "../../../../../../../ogsr_engine/Layers/xrRenderPC_R4/stdafx.cpp")
         
       PrepareForBuild:
         Структурированный вывод включен. Форматирование диагностики компилятора будет отражать иерархию ошибок. Подробнее см. https://aka.ms/cpp/structured-output.
       InitializeBuildStatus:
         Обращение к "D:\STSoC-3.0\\ogsr_engine\_TEMP\Engine\Release\x64\xrGame\xrGame.tlog\unsuccessfulbuild".
       ComputeStdModulesCompileInputs:
         Чтение файла манифеста библиотеки "C:\Program Files\Microsoft Visual Studio\18\Insiders\VC\Tools\MSVC\14.51.36231\modules\modules.json", который предоставляет данные для библиотеки "microsoft/STL".
         Добавление источника модуля "C:\Program Files\Microsoft Visual Studio\18\Insiders\VC\Tools\MSVC\14.51.36231\modules\std.ixx" из библиотеки "microsoft/STL" для сборки с этим проектом.
         Добавление источника модуля "C:\Program Files\Microsoft Visual Studio\18\Insiders\VC\Tools\MSVC\14.51.36231\modules\std.compat.ixx" из библиотеки "microsoft/STL" для сборки с этим проектом.
    12>ClCompile:
         C:\Program Files\Microsoft Visual Studio\18\Insiders\VC\Tools\MSVC\14.51.36231\bin\HostX64\x64\CL.exe /c /I./ /I"D:\STSoC-3.0\\3rd_party\Src\d3dx" /I..\..\xrCore /I..\..\Luabind /I..\..\LuaJIT\src /I"D:\STSoC-3.0\\3rd_party\Src\imgui" /I"D:\STSoC-3.0\\3rd_party\Src\DirectXMesh\DirectXMesh" /I"D:\STSoC-3.0\\3rd_party\Src\DirectXTex\DirectXTex\DirectXTex" /I"D:\STSoC-3.0\\3rd_party\Src\DirectXMath\DirectXMath\Inc" /I"D:\STSoC-3.0\\3rd_party\Src\tracy\public" /Zi /nologo /W4 /WX- /diagnostics:column /sdl /MP /O2 /Oi /Ot /Oy- /GT /GL /D WIN32 /D NDEBUG /D _WINDOWS /D _USRDLL /D XRENGINE_STATIC /D XRCORE_STATIC /D XRCDB_STATIC /D XR_PARTICLES_STATIC /D LUABIND_STATIC /D XRRENDER_STATIC /D _MBCS /D _CRT_SECURE_NO_WARNINGS /D _SILENCE_CXX17_CODECVT_HEADER_DEPRECATION_WARNING /GF /Gm- /MT /GS /Gy /fp:fast /Zc:wchar_t /Zc:forScope /Zc:inline /GR /std:c++23preview /permissive- /Yu"stdafx.h" /Fp"D:\STSoC-3.0\\ogsr_engine\_TEMP\Engine\Release\x64\xrRender_R4\xrRender_R4.pch" /Fo"D:\STSoC-3.0\\ogsr_engine\_TEMP\Engine\Release\x64\xrRender_R4\\" /Fd"D:\STSoC-3.0\\ogsr_engine\_TEMP\Engine\Release\x64\xrRender_R4\xrRender_R4.pdb" /external:W4 /Gd /TP /wd4456 /wd4457 /wd4458 /wd4995 /wd4577 /wd4315 /wd4267 /FC /errorReport:queue /source-charset:utf-8 /we4566 /we4828 /we4715 /we4189 /we4595 /we4834 /we4018 /we4101 /we4552 /we4551 /Zc:__cplusplus /Ob3 ..\xrRenderDX10\imgui_impl_win32.cpp ..\xrRender\ParticleEffectActions.cpp ..\xrRenderDX10\3DFluid\blender_fluid.cpp ..\xrRenderDX10\3DFluid\dx103DFluidData.cpp ..\xrRenderDX10\3DFluid\dx103DFluidEmitters.cpp ..\xrRenderDX10\3DFluid\dx103DFluidGrid.cpp ..\xrRenderDX10\3DFluid\dx103DFluidManager.cpp ..\xrRenderDX10\3DFluid\dx103DFluidObstacles.cpp ..\xrRenderDX10\3DFluid\dx103DFluidRenderer.cpp ..\xrRenderDX10\3DFluid\dx103DFluidVolume.cpp ..\xrRenderDX10\Blender_Recorder_R3.cpp ..\xrRenderDX10\dx10BufferUtils.cpp ..\xrRenderDX10\dx10ConstantBuffer.cpp ..\xrRenderDX10\dx10DetailManager_VS.cpp ..\xrRenderDX10\dx10HW.cpp ..\xrRenderDX10\dx10ResourceManager_Resources.cpp ..\xrRenderDX10\dx10ResourceManager_Scripting.cpp ..\xrRenderDX10\dx10r_constants.cpp ..\xrRenderDX10\dx10r_constants_cache.cpp ..\xrRenderDX10\dx10SH_RT.cpp ..\xrRenderDX10\dx10SH_Texture.cpp ..\xrRenderDX10\dx10StateUtils.cpp ..\xrRenderDX10\dx10Texture.cpp ..\xrRenderDX10\imgui_impl_dx11.cpp ..\xrRenderDX10\StateManager\dx10SamplerStateCache.cpp ..\xrRenderDX10\StateManager\dx10ShaderResourceStateCache.cpp ..\xrRenderDX10\StateManager\dx10State.cpp ..\xrRenderDX10\StateManager\dx10StateCache.cpp ..\xrRenderDX10\StateManager\dx10StateManager.cpp ..\xrRender\Animation.cpp ..\xrRender\blenders\Blender.cpp ..\xrRender\blenders\Blender_Palette.cpp ..\xrRender\blenders\Blender_Recorder.cpp ..\xrRender\blender_BmmD.cpp "..\xrRender\blender_Lm(EbB).cpp" ..\xrRender\blender_Model_EbB.cpp ..\xrRender\blender_particle.cpp ..\xrRender\Blender_Recorder_R2.cpp ..\xrRender\Blender_Recorder_StandartBinding.cpp ..\xrRender\blender_Screen_SET.cpp ..\xrRender\blender_tree.cpp ..\xrRender\ColorMapManager.cpp ..\xrRender\D3DUtils.cpp ..\xrRender\DetailManager.cpp ..\xrRender\DetailManager_CACHE.cpp ..\xrRender\DetailManager_Decompress.cpp ..\xrRender\DetailModel.cpp ..\xrRender\du_box.cpp ..\xrRender\du_cone.cpp ..\xrRender\du_cylinder.cpp ..\xrRender\du_sphere.cpp ..\xrRender\du_sphere_part.cpp ..\xrRender\dxDebugRender.cpp ..\xrRender\dxEnvironmentRender.cpp ..\xrRender\dxFontRender.cpp ..\xrRender\dxLensFlareRender.cpp ..\xrRender\dxRainRender.cpp ..\xrRender\dxRenderDeviceRender.cpp ..\xrRender\dxRenderFactory.cpp ..\xrRender\dxStatsRender.cpp ..\xrRender\dxThunderboltDescRender.cpp ..\xrRender\dxThunderboltRender.cpp ..\xrRender\dxUIRender.cpp ..\xrRender\dxUISequenceVideoItem.cpp ..\xrRender\dxUIShader.cpp ..\xrRender\dxWallMarkArray.cpp ..\xrRender\ETextureParams.cpp ..\xrRender\FBasicVisual.cpp ..\xrRender\FHierrarhyVisual.cpp ..\xrRender\FLOD.cpp ..\xrRender\FProgressive.cpp ..\xrRender\FSkinned.cpp ..\xrRender\FTreeVisual.cpp ..\xrRender\FVisual.cpp ..\xrRender\HOM.cpp ..\xrRender\HWCaps.cpp ..\xrRender\light.cpp ..\xrRender\LightTrack.cpp ..\xrRender\Light_DB.cpp ..\xrRender\Light_Package.cpp ..\xrRender\ModelPool.cpp ..\xrRender\NvTriStrip.cpp ..\xrRender\NvTriStripObjects.cpp ..\xrRender\occRasterizer.cpp ..\xrRender\occRasterizer_core.cpp ..\xrRender\ParticleEffect.cpp ..\xrRender\ParticleEffectDef.cpp ..\xrRender\ParticleGroup.cpp ..\xrRender\PSLibrary.cpp ..\xrRender\rendertarget_phase_blur.cpp ..\xrRender\rendertarget_phase_dof.cpp ..\xrRender\rendertarget_phase_fakescope.cpp ..\xrRender\rendertarget_phase_gasmask_dudv.cpp ..\xrRender\RenderTargetRenderScreenQuad.cpp ..\xrRender\RenderTargetPhaseRainDrops.cpp ..\xrRender\RenderTargetPhaseAA.cpp ..\xrRender\RenderTargetPhaseSSSS.cpp ..\xrRender\rendertarget_phase_nightvision.cpp ..\xrRender\rendertarget_phase_thermalvision.cpp ..\xrRender\ResourceManager.cpp ..\xrRender\ResourceManager_Loader.cpp ..\xrRender\ResourceManager_Reset.cpp ..\xrRender\R_Backend.cpp ..\xrRender\R_Backend_DBG.cpp ..\xrRender\R_Backend_hemi.cpp ..\xrRender\R_Backend_Runtime.cpp ..\xrRender\R_Backend_xform.cpp ..\xrRender\r_constants.cpp ..\xrRender\R_DStreams.cpp ..\xrRender\r__dsgraph_build.cpp ..\xrRender\r__dsgraph_render.cpp ..\xrRender\r__dsgraph_render_lods.cpp ..\xrRender\r__occlusion.cpp ..\xrRender\r__screenshot.cpp ..\xrRender\r__sector.cpp ..\xrRender\r__sector_traversal.cpp ..\xrRender\SectorPortalStructure.cpp ..\xrRender\Shader.cpp ..\xrRender\SH_Atomic.cpp ..\xrRender\SH_Constant.cpp ..\xrRender\SH_Matrix.cpp ..\xrRender\SkeletonAnimated.cpp ..\xrRender\SkeletonCustom.cpp ..\xrRender\SkeletonRigid.cpp ..\xrRender\SkeletonX.cpp ..\xrRender\stats_manager.cpp ..\xrRender\TextureDescrManager.cpp ..\xrRender\tss_def.cpp ..\xrRender\uber_deffer.cpp ..\xrRender\Utils\dxHashHelper.cpp ..\xrRender\VertexCache.cpp ..\xrRender\WallmarksEngine.cpp ..\xrRender\xrRender_console.cpp ..\xrRender\xrStripify.cpp blender_deffer_aref.cpp blender_deffer_flat.cpp blender_deffer_model.cpp ..\xrRender\Debug\dxPixEvents.cpp HUDInitializer.cpp light_smapvis.cpp light_vis.cpp r2_blenders.cpp r2_R_calculate.cpp r2_R_lights.cpp r4.cpp r4_imgui.cpp r4_loader.cpp r4_rendertarget.cpp r4_rendertarget_accum_direct.cpp r4_rendertarget_accum_omnipart_geom.cpp r4_rendertarget_accum_point.cpp r4_rendertarget_accum_point_geom.cpp r4_rendertarget_accum_spot.cpp r4_rendertarget_accum_spot_geom.cpp r4_rendertarget_draw_rain.cpp r4_rendertarget_draw_volume.cpp r4_rendertarget_phase_accumulator.cpp r4_rendertarget_phase_bloom.cpp r4_rendertarget_phase_combine.cpp r4_rendertarget_phase_luminance.cpp r4_rendertarget_phase_lut.cpp r4_rendertarget_phase_occq.cpp r4_rendertarget_phase_PP.cpp r4_rendertarget_phase_scene.cpp r4_rendertarget_phase_smap_D.cpp r4_rendertarget_phase_smap_S.cpp r4_R_rain.cpp r4_R_render.cpp render_phase_sun.cpp R_Backend_LOD.cpp xrRender_R4.cpp
    28>ClCompile:
         C:\Program Files\Microsoft Visual Studio\18\Insiders\VC\Tools\MSVC\14.51.36231\bin\HostX64\x64\CL.exe /c /I.\ /I..\COMMON_AI /I..\COMMON_AI\PATH /I..\COMMON_AI\GRAPH /I..\COMMON_AI\ALGORITHMS /I..\xrCore /I"D:\STSoC-3.0\\3rd_party\Src\ode" /I..\LuaJIT\src /I..\Luabind /I"D:\STSoC-3.0\\3rd_party\Src\d3dx\include" /I"D:\STSoC-3.0\\3rd_party\Src\imgui" /I"D:\STSoC-3.0\\3rd_party\Src\zstd\zstd\lib" /I"D:\STSoC-3.0\\3rd_party\Src\tracy\public" /Zi /nologo /W3 /WX- /diagnostics:column /sdl /MP /O2 /Oi /Ot /Oy- /GT /GL /D XRGAME_STATIC /D XRENGINE_STATIC /D XRCORE_STATIC /D XRCDB_STATIC /D XRSOUND_STATIC /D XR_PARTICLES_STATIC /D LUABIND_STATIC /D NDEBUG /D _WINDOWS /D _USRDLL /D XRGAME_EXPORTS /D dSINGLE /D MSVC /D _MBCS /D _CRT_SECURE_NO_WARNINGS /D _SILENCE_CXX17_CODECVT_HEADER_DEPRECATION_WARNING /GF /Gm- /MT /GS /Gy /fp:fast /Zc:wchar_t /Zc:forScope /Zc:inline /GR /std:c++23preview /permissive- /Yc"stdafx.h" /Fp"D:\STSoC-3.0\\ogsr_engine\_TEMP\Engine\Release\x64\xrGame\xrGame.pch" /Fo"D:\STSoC-3.0\\ogsr_engine\_TEMP\Engine\Release\x64\xrGame\\" /Fd"D:\STSoC-3.0\\ogsr_engine\_TEMP\Engine\Release\x64\xrGame\xrGame.pdb" /external:W3 /Gd /TP /wd4100 /wd4456 /wd4457 /wd4458 /wd4459 /wd4091 /wd4589 /wd4995 /wd4577 /wd5037 /wd4315 /wd4267 /FC /errorReport:queue /source-charset:utf-8 /we4566 /we4828 /we4715 /we4189 /we4595 /we4834 /we4018 /we4101 /we4552 /we4551 /Zc:__cplusplus /Ob3 StdAfx.cpp
    12>ClCompile:
         imgui_impl_win32.cpp
         ParticleEffectActions.cpp
         blender_fluid.cpp
    28>ClCompile:
         StdAfx.cpp
    12>ClCompile:
         dx103DFluidData.cpp
         dx103DFluidEmitters.cpp
         dx103DFluidGrid.cpp
         dx103DFluidManager.cpp
         dx103DFluidObstacles.cpp
         dx103DFluidRenderer.cpp
         dx103DFluidVolume.cpp
         Blender_Recorder_R3.cpp
         dx10BufferUtils.cpp
         dx10ConstantBuffer.cpp
         dx10DetailManager_VS.cpp
         dx10HW.cpp
         dx10ResourceManager_Resources.cpp
         dx10ResourceManager_Scripting.cpp
         dx10r_constants.cpp
         dx10r_constants_cache.cpp
         dx10SH_RT.cpp
         dx10SH_Texture.cpp
         dx10StateUtils.cpp
         dx10Texture.cpp
         imgui_impl_dx11.cpp
         dx10SamplerStateCache.cpp
         dx10ShaderResourceStateCache.cpp
         dx10State.cpp
         dx10StateCache.cpp
    28>ClCompile:
         C:\Program Files\Microsoft Visual Studio\18\Insiders\VC\Tools\MSVC\14.51.36231\bin\HostX64\x64\CL.exe /c /I.\ /I..\COMMON_AI /I..\COMMON_AI\PATH /I..\COMMON_AI\GRAPH /I..\COMMON_AI\ALGORITHMS /I..\xrCore /I"D:\STSoC-3.0\\3rd_party\Src\ode" /I..\LuaJIT\src /I..\Luabind /I"D:\STSoC-3.0\\3rd_party\Src\d3dx\include" /I"D:\STSoC-3.0\\3rd_party\Src\imgui" /I"D:\STSoC-3.0\\3rd_party\Src\zstd\zstd\lib" /I"D:\STSoC-3.0\\3rd_party\Src\tracy\public" /Zi /nologo /W3 /WX- /diagnostics:column /sdl /MP /O2 /Oi /Ot /Oy- /GT /GL /D XRGAME_STATIC /D XRENGINE_STATIC /D XRCORE_STATIC /D XRCDB_STATIC /D XRSOUND_STATIC /D XR_PARTICLES_STATIC /D LUABIND_STATIC /D NDEBUG /D _WINDOWS /D _USRDLL /D XRGAME_EXPORTS /D dSINGLE /D MSVC /D _MBCS /D _CRT_SECURE_NO_WARNINGS /D _SILENCE_CXX17_CODECVT_HEADER_DEPRECATION_WARNING /GF /Gm- /MT /GS /Gy /fp:fast /Zc:wchar_t /Zc:forScope /Zc:inline /GR /std:c++23preview /permissive- /Yu"stdafx.h" /Fp"D:\STSoC-3.0\\ogsr_engine\_TEMP\Engine\Release\x64\xrGame\xrGame.pch" /Fo"D:\STSoC-3.0\\ogsr_engine\_TEMP\Engine\Release\x64\xrGame\\" /Fd"D:\STSoC-3.0\\ogsr_engine\_TEMP\Engine\Release\x64\xrGame\xrGame.pdb" /external:W3 /Gd /TP /wd4100 /wd4456 /wd4457 /wd4458 /wd4459 /wd4091 /wd4589 /wd4995 /wd4577 /wd5037 /wd4315 /wd4267 /FC /errorReport:queue /source-charset:utf-8 /we4566 /we4828 /we4715 /we4189 /we4595 /we4834 /we4018 /we4101 /we4552 /we4551 /Zc:__cplusplus /Ob3 ..\COMMON_AI\random32.cpp ..\COMMON_AI\script_writer_script.cpp AdvancedDetector.cpp embedded_editor\embedded_editor_debug_rt.cpp embedded_editor\embedded_editor_game.cpp embedded_editor\embedded_editor_helper.cpp embedded_editor\embedded_editor_hud.cpp embedded_editor\embedded_editor_main.cpp embedded_editor\embedded_editor_pos_informer.cpp embedded_editor\embedded_editor_settings.cpp embedded_editor\embedded_editor_sound_env.cpp embedded_editor\embedded_editor_weather.cpp ActorCameraCollision.cpp GeometryBits.cpp ai\monsters\anti_aim_ability.cpp ai\monsters\monster_aura.cpp damage_manager.cpp action_base_script.cpp derived_client_classes.cpp EliteDetector.cpp IKFoot.cpp ik_calculate_data.cpp ik_dbg_matrix.cpp ik_foot_collider.cpp ik_limb_state.cpp ik_object_shift.cpp InventoryContainer.cpp LevelDebugScript.cpp level_graph_script.cpp physics_shell_animated.cpp player_hud.cpp player_hud_tune.cpp pose_extrapolation.cpp script_action_wrapper.cpp action_planner_script.cpp script_action_planner_wrapper.cpp action_planner_action_script.cpp script_action_planner_action_wrapper.cpp property_storage_script.cpp property_evaluator_script.cpp script_actor.cpp script_game_object_script4.cpp script_property_evaluator_wrapper.cpp material_manager.cpp memory_manager.cpp memory_space_script.cpp item_manager.cpp danger_manager.cpp danger_object.cpp enemy_manager.cpp hit_memory_manager.cpp script_rq_result.cpp script_vars_storage.cpp SimpleDetectorSHOC.cpp sound_memory_manager.cpp steering_behaviour.cpp trajectories.cpp ui\UIHelper.cpp ui\UIIconParams.cpp ui\UILoadingScreen.cpp ui\UIPdaSpot.cpp visual_memory_manager.cpp visual_memory_params.cpp vision_client.cpp movement_manager.cpp movement_manager_game.cpp movement_manager_level.cpp movement_manager_patrol.cpp movement_manager_physic.cpp location_manager.cpp detail_path_manager.cpp detail_path_manager_smooth.cpp patrol_path_manager.cpp restricted_object.cpp object_handler.cpp object_handler_planner.cpp object_handler_planner_missile.cpp object_handler_planner_weapon.cpp object_actions.cpp object_property_evaluators.cpp script_world_state_script.cpp script_world_property_script.cpp sight_manager.cpp sight_action.cpp sound_player.cpp sound_collection_storage.cpp space_restriction_manager.cpp space_restriction.cpp space_restriction_holder.cpp space_restriction_base.cpp space_restriction_bridge.cpp space_restriction_composition.cpp space_restriction_shape.cpp step_manager.cpp cover_manager.cpp cover_point_script.cpp dbg_draw_frustum.cpp ef_primary.cpp ef_pattern.cpp ef_storage.cpp ef_storage_script.cpp agent_manager.cpp agent_corpse_manager.cpp agent_enemy_manager.cpp agent_explosive_manager.cpp danger_explosive.cpp agent_location_manager.cpp danger_location.cpp danger_cover_location.cpp danger_object_location.cpp agent_member_manager.cpp agent_memory_manager.cpp agent_manager_planner.cpp agent_manager_actions.cpp agent_manager_properties.cpp alife_simulator.cpp alife_simulator_script.cpp ..\COMMON_AI\alife_space.cpp alife_interaction_manager.cpp alife_communication_manager.cpp alife_combat_manager.cpp alife_anomalous_zone.cpp alife_creature_abstract.cpp alife_dynamic_object.cpp alife_human_abstract.cpp ..\COMMON_AI\alife_human_brain.cpp ..\COMMON_AI\alife_human_brain_script.cpp alife_human_object_handler.cpp alife_group_abstract.cpp alife_monster_abstract.cpp alife_monster_base.cpp ..\COMMON_AI\alife_monster_brain.cpp ..\COMMON_AI\alife_monster_brain_script.cpp alife_monster_movement_manager.cpp alife_monster_movement_manager_script.cpp alife_monster_detail_path_manager.cpp alife_monster_detail_path_manager_script.cpp alife_monster_patrol_path_manager.cpp alife_monster_patrol_path_manager_script.cpp alife_object.cpp alife_online_offline_group.cpp alife_smart_zone.cpp alife_trader.cpp alife_trader_abstract.cpp alife_simulator_base.cpp alife_simulator_base2.cpp alife_simulator_header.cpp alife_graph_registry.cpp alife_group_registry.cpp alife_object_registry.cpp alife_schedule_registry.cpp alife_smart_terrain_registry.cpp alife_spawn_registry.cpp alife_spawn_registry_spawn.cpp alife_spawn_registry_header.cpp ..\COMMON_AI\server_entity_wrapper.cpp alife_story_registry.cpp alife_registry_container.cpp alife_smart_terrain_task.cpp alife_smart_terrain_task_script.cpp alife_time_manager.cpp alife_update_manager.cpp alife_storage_manager.cpp alife_surge_manager.cpp alife_switch_manager.cpp saved_game_wrapper.cpp saved_game_wrapper_script.cpp CustomMonster.cpp CustomMonster_VCPU.cpp AI\ai_monsters_misc.cpp script_binder.cpp script_entity.cpp script_object.cpp ai\Monsters\BaseMonster\base_monster.cpp ai\Monsters\BaseMonster\base_monster_anim.cpp ai\Monsters\BaseMonster\base_monster_debug.cpp ai\Monsters\BaseMonster\base_monster_feel.cpp ai\Monsters\BaseMonster\base_monster_misc.cpp ai\Monsters\BaseMonster\base_monster_net.cpp ai\Monsters\BaseMonster\base_monster_path.cpp ai\Monsters\BaseMonster\base_monster_script.cpp ai\Monsters\BaseMonster\base_monster_startup.cpp ai\Monsters\BaseMonster\base_monster_think.cpp ai\Monsters\ai_monster_utils.cpp ai\Monsters\monster_corpse_manager.cpp ai\Monsters\monster_enemy_manager.cpp ai\Monsters\ai_monster_bones.cpp ai\Monsters\monster_corpse_memory.cpp ai\Monsters\monster_enemy_memory.cpp ai\Monsters\monster_hit_memory.cpp ai\Monsters\monster_sound_memory.cpp ai\Monsters\ai_monster_squad.cpp ai\Monsters\ai_monster_squad_attack.cpp ai\Monsters\ai_monster_squad_rest.cpp ai\Monsters\ai_monster_squad_manager.cpp ai\Monsters\ai_monster_motion_stats.cpp ai\Monsters\corpse_cover.cpp ai\Monsters\telekinesis.cpp ai\Monsters\telekinetic_object.cpp TeleWhirlwind.cpp ai\Monsters\invisibility.cpp ai\Monsters\psy_aura.cpp ai\Monsters\energy_holder.cpp ai\Monsters\monster_event_manager.cpp ai\Monsters\melee_checker.cpp ai\Monsters\monster_morale.cpp ai\Monsters\controlled_actor.cpp ai\Monsters\control_manager.cpp ai\Monsters\control_manager_custom.cpp ai\Monsters\control_animation.cpp ai\Monsters\control_direction.cpp ai\Monsters\control_path_builder.cpp ai\Monsters\control_movement.cpp ai\Monsters\control_animation_base.cpp ai\Monsters\control_animation_base_accel.cpp ai\Monsters\control_animation_base_load.cpp ai\Monsters\control_animation_base_update.cpp ai\Monsters\control_direction_base.cpp ai\Monsters\control_path_builder_base.cpp ai\Monsters\control_path_builder_base_path.cpp ai\Monsters\control_path_builder_base_set.cpp ai\Monsters\control_path_builder_base_update.cpp ai\Monsters\control_movement_base.cpp ai\Monsters\control_sequencer.cpp ai\Monsters\control_melee_jump.cpp ai\Monsters\control_rotation_jump.cpp ai\Monsters\anim_triple.cpp ai\Monsters\control_jump.cpp ai\Monsters\control_run_attack.cpp ai\Monsters\control_threaten.cpp ai\Monsters\control_critical_wound.cpp ai\Monsters\anomaly_detector.cpp ai\Monsters\monster_cover_manager.cpp ai\Monsters\monster_home.cpp ai\Monsters\Bloodsucker\bloodsucker.cpp ai\Monsters\Bloodsucker\bloodsucker_state_manager.cpp ai\Monsters\Bloodsucker\bloodsucker_vampire_effector.cpp ai\Monsters\Bloodsucker\bloodsucker_script.cpp ai\Monsters\Bloodsucker\bloodsucker_alien.cpp ai\Monsters\Boar\boar.cpp ai\Monsters\Boar\boar_state_manager.cpp ai\Monsters\Boar\boar_script.cpp AI\Crow\ai_crow.cpp ai\Monsters\Flesh\flesh.cpp ai\Monsters\Flesh\flesh_state_manager.cpp ai\Monsters\Flesh\flesh_script.cpp ai\Monsters\Pseudodog\pseudodog.cpp ai\Monsters\Pseudodog\pseudodog_state_manager.cpp ai\Monsters\Pseudodog\psy_dog.cpp ai\Monsters\Pseudodog\psy_dog_aura.cpp ai\Monsters\Pseudodog\psy_dog_state_manager.cpp ai\Monsters\Pseudodog\pseudodog_script.cpp ai\Monsters\Burer\burer.cpp ai\Monsters\Burer\burer_state_manager.cpp ai\Monsters\Burer\burer_script.cpp ai\Monsters\Burer\burer_fast_gravi.cpp ai\Monsters\Chimera\chimera.cpp ai\Monsters\Chimera\chimera_state_manager.cpp ai\Monsters\Chimera\chimera_script.cpp ai\Monsters\PseudoGigant\pseudo_gigant.cpp ai\Monsters\PseudoGigant\pseudo_gigant_step_effector.cpp ai\Monsters\PseudoGigant\pseudogigant_state_manager.cpp ai\Monsters\PseudoGigant\pseudogigant_script.cpp ai\Monsters\Poltergeist\poltergeist.cpp ai\Monsters\Poltergeist\poltergeist_movement.cpp ai\Monsters\Poltergeist\poltergeist_state_manager.cpp ai\Monsters\Poltergeist\poltergeist_script.cpp ai\Monsters\Poltergeist\poltergeist_ability.cpp ai\Monsters\Poltergeist\poltergeist_flame_thrower.cpp ai\Monsters\Poltergeist\poltergeist_telekinesis.cpp ai\Monsters\Zombie\zombie.cpp ai\Monsters\Zombie\zombie_state_manager.cpp ai\Monsters\Zombie\zombie_script.cpp ai\Monsters\Fracture\fracture.cpp ai\Monsters\Fracture\fracture_state_manager.cpp ai\Monsters\Fracture\fracture_script.cpp ai\Monsters\Snork\snork.cpp ai\Monsters\Snork\snork_state_manager.cpp ai\Monsters\Snork\snork_script.cpp ai\Monsters\Controller\controller.cpp ai\Monsters\Controller\controller_psy_aura.cpp ai\Monsters\Controller\controller_state_manager.cpp ai\Monsters\Controller\controller_script.cpp ai\Monsters\Controller\controller_animation.cpp ai\Monsters\Controller\controller_direction.cpp ai\Monsters\Controller\controller_psy_hit.cpp ai\Monsters\Cat\cat.cpp ai\Monsters\Cat\cat_state_manager.cpp ai\Monsters\Cat\cat_script.cpp ai\Monsters\Tushkano\tushkano.cpp ai\Monsters\Tushkano\tushkano_state_manager.cpp ai\Monsters\Tushkano\tushkano_script.cpp ai\phantom\phantom.cpp ai\Monsters\Dog\dog.cpp ai\Monsters\Dog\dog_state_manager.cpp ai\Monsters\Dog\dog_script.cpp Ai\Trader\ai_trader.cpp ai\trader\ai_trader_script.cpp ai\trader\trader_animation.cpp Ai\Stalker\ai_stalker.cpp Ai\Stalker\ai_stalker_script.cpp stalker_animation_callbacks.cpp stalker_animation_global.cpp stalker_animation_head.cpp stalker_animation_legs.cpp stalker_animation_manager.cpp stalker_animation_manager_debug.cpp stalker_animation_manager_update.cpp stalker_animation_script.cpp stalker_animation_torso.cpp stalker_animation_data_storage.cpp stalker_animation_data.cpp stalker_animation_names.cpp stalker_animation_pair.cpp stalker_animation_state.cpp cover_evaluators.cpp stalker_planner.cpp stalker_base_action.cpp stalker_alife_planner.cpp stalker_alife_actions.cpp stalker_alife_task_actions.cpp stalker_anomaly_planner.cpp stalker_anomaly_actions.cpp stalker_combat_planner.cpp stalker_combat_actions.cpp stalker_combat_action_base.cpp stalker_kill_wounded_planner.cpp stalker_kill_wounded_actions.cpp stalker_danger_planner.cpp stalker_danger_unknown_planner.cpp stalker_danger_unknown_actions.cpp stalker_danger_in_direction_planner.cpp stalker_danger_in_direction_actions.cpp stalker_danger_grenade_planner.cpp stalker_danger_grenade_actions.cpp stalker_danger_by_sound_planner.cpp stalker_danger_by_sound_actions.cpp stalker_danger_property_evaluators.cpp stalker_death_planner.cpp stalker_death_actions.cpp stalker_property_evaluators.cpp stalker_movement_manager.cpp stalker_velocity_collection.cpp stalker_velocity_holder.cpp ai_stalker_alife.cpp ai\stalker\ai_stalker_cover.cpp ai\stalker\ai_stalker_debug.cpp Ai\Stalker\ai_stalker_events.cpp Ai\Stalker\ai_stalker_feel.cpp Ai\Stalker\ai_stalker_fire.cpp Ai\Stalker\ai_stalker_misc.cpp ai\stalker\ai_stalker_script_entity.cpp stalker_sound_data_visitor.cpp stalker_sound_data.cpp game_graph_script.cpp ..\COMMON_AI\GRAPH\level_graph.cpp level_graph_debug.cpp level_graph_debug2.cpp ..\COMMON_AI\GRAPH\level_graph_vertex.cpp ..\COMMON_AI\PATH\patrol_path.cpp ..\COMMON_AI\PATH\patrol_path_storage.cpp ..\COMMON_AI\PATH\patrol_point.cpp script_abstract_action.cpp script_movement_action.cpp script_movement_action_script.cpp patrol_path_params.cpp patrol_path_params_script.cpp script_watch_action.cpp script_watch_action_script.cpp script_animation_action.cpp script_animation_action_script.cpp script_sound_action.cpp script_sound_action_script.cpp script_particle_action.cpp script_particle_action_script.cpp particle_params.cpp particle_params_script.cpp script_object_action.cpp script_object_action_script.cpp script_action_condition.cpp script_action_condition_script.cpp script_monster_action.cpp script_monster_action_script.cpp script_entity_action.cpp script_entity_action_script.cpp script_binder_object.cpp script_binder_object_script.cpp script_binder_object_wrapper.cpp script_effector.cpp script_effector_script.cpp script_effector_wrapper.cpp ..\COMMON_AI\script_flags_script.cpp ..\COMMON_AI\script_fmatrix_script.cpp ..\COMMON_AI\script_fvector_script.cpp script_game_object.cpp script_game_object2.cpp script_game_object3.cpp script_game_object4.cpp script_game_object_inventory_owner.cpp script_game_object_script.cpp script_game_object_script2.cpp script_game_object_script3.cpp script_game_object_script_trader.cpp script_game_object_trader.cpp script_game_object_use.cpp script_game_object_use2.cpp script_hit.cpp script_hit_script.cpp ..\COMMON_AI\script_ini_file_script.cpp script_monster_hit_info_script.cpp ..\COMMON_AI\script_net_packet_script.cpp script_render_device_script.cpp script_sound.cpp script_sound_script.cpp script_sound_info_script.cpp ..\COMMON_AI\script_sound_type_script.cpp ScriptXMLInit.cpp ui_export_script.cpp key_binding_registrator_script.cpp ..\COMMON_AI\script_reader_script.cpp fs_registrator_script.cpp console_registrator_script.cpp base_client_classes_script.cpp script_lanim.cpp ..\COMMON_AI\script_fcolor_script.cpp script_particles.cpp script_particles_script.cpp ..\COMMON_AI\script_engine.cpp ..\COMMON_AI\script_engine_export.cpp script_engine_help.cpp ..\COMMON_AI\script_engine_script.cpp ..\COMMON_AI\ai_sounds.cpp ai_space.cpp CameraFirstEye.cpp cameralook.cpp ActorEffector.cpp ActorEffector_script.cpp EffectorBobbing.cpp EffectorFall.cpp SleepEffector.cpp ai\Monsters\ai_monster_effector.cpp pp_effector_custom.cpp pp_effector_distance.cpp PostprocessAnimator.cpp zone_effector.cpp EffectorShot.cpp EffectorShotX.cpp EffectorZoomInertion.cpp GamePersistent.cpp Level.cpp Level_input.cpp Level_load.cpp Level_network.cpp Level_network_messages.cpp Level_network_spawn.cpp Level_network_start_client.cpp level_script.cpp Level_SLS_Default.cpp Level_SLS_Load.cpp Level_SLS_Save.cpp Level_start.cpp Level_Bullet_Manager.cpp Level_bullet_manager_firetrace.cpp Tracer.cpp seniority_hierarchy_holder.cpp team_hierarchy_holder.cpp squad_hierarchy_holder.cpp group_hierarchy_holder.cpp client_spawn_manager.cpp client_spawn_manager_script.cpp level_sounds.cpp debug_renderer.cpp xr_level_controller.cpp level_debug.cpp Actor.cpp actor_communication.cpp Actor_Events.cpp Actor_Feel.cpp actor_input_handler.cpp Actor_Movement.cpp Actor_Network.cpp Actor_Weapon.cpp ActorAnimation.cpp ActorCameras.cpp ActorCondition.cpp ActorInput.cpp ActorMountedWeapon.cpp ActorVehicle.cpp actor_memory.cpp Entity.cpp entity_alive.cpp EntityCondition.cpp hit_immunity.cpp Wound.cpp GameObject.cpp holder_custom.cpp holder_custom_script.cpp ParticlesPlayer.cpp UsableScriptObject.cpp PHCollideValidator.cpp PHSkeleton.cpp PHDestroyable.cpp PHDestroyableNotificate.cpp PhysicsSkeletonObject.cpp PhysicsShellHolder.cpp ClimableObject.cpp BreakableObject.cpp PHCollisionDamageReceiver.cpp DestroyablePhysicsObject.cpp PhysicObject.cpp PhysicObject_script.cpp HangingLamp.cpp InfoPortion.cpp GameTask.cpp GameTask_script.cpp GametaskManager.cpp encyclopedia_article.cpp AI_PhraseDialogManager.cpp Phrase.cpp PhraseDialog.cpp PhraseDialog_script.cpp PhraseDialogManager.cpp PhraseScript.cpp game_news.cpp actor_statistic_mgr.cpp Inventory.cpp attachable_item.cpp attachment_owner.cpp eatable_item.cpp eatable_item_object.cpp inventory_item.cpp inventory_item_object.cpp inventory_owner_info.cpp InventoryOwner.cpp character_community.cpp ..\COMMON_AI\character_info.cpp character_rank.cpp character_reputation.cpp monster_community.cpp ..\COMMON_AI\specific_character.cpp relation_registry.cpp relation_registry_actions.cpp relation_registry_fights.cpp trade_parameters.cpp purchase_list.cpp physic_item.cpp ShootingObject.cpp Weapon.cpp WeaponDispersion.cpp WeaponFire.cpp WeaponAmmo.cpp WeaponCustomPistol.cpp WeaponPistol.cpp Grenade.cpp Missile.cpp WeaponMagazined.cpp WeaponMagazinedWGrenade.cpp Scope.cpp Silencer.cpp GrenadeLauncher.cpp CustomRocket.cpp ExplosiveRocket.cpp RocketLauncher.cpp WeaponWalther.cpp WeaponVintorez.cpp WeaponKnife.cpp WeaponKnife_script.cpp WeaponGroza.cpp RGD5.cpp WeaponVal.cpp WeaponUSP45.cpp Bolt.cpp WeaponSVU.cpp WeaponRPG7.cpp WeaponRPG7_script.cpp F1.cpp WeaponSVD.cpp WeaponAK74.cpp WeaponLR300.cpp WeaponFN2000.cpp WeaponHPSA.cpp WeaponHPSA_script.cpp WeaponPM.cpp WeaponBinoculars.cpp WeaponBinoculars_script.cpp WeaponBinocularsVision.cpp WeaponShotgun.cpp weaponshotgun_script.cpp WeaponFORT.cpp WeaponRG6.cpp WeaponRG6_script.cpp weaponBM16.cpp weaponBM16_script.cpp WeaponMounted.cpp WeaponStatMgun.cpp WeaponStatMgunFire.cpp WeaponStatMgunIR.cpp artefact_script.cpp Artifact.cpp MercuryBall.cpp GraviArtifact.cpp BlackDrops.cpp Needles.cpp BastArtifact.cpp BlackGraviArtifact.cpp DummyArtifact.cpp ZudaArtifact.cpp ThornArtifact.cpp FadedBall.cpp ElectricBall.cpp RustyHairArtifact.cpp GalantineArtifact.cpp CustomDetector.cpp SimpleDetector.cpp Torch.cpp torch_script.cpp PDA.cpp antirad.cpp BottleItem.cpp FoodItem.cpp medkit.cpp BoneProtections.cpp CustomOutfit.cpp ExoOutfit.cpp MilitaryOutfit.cpp ScientificOutfit.cpp StalkerOutfit.cpp InfoDocument.cpp hud_item_object.cpp HudItem.cpp HudSound.cpp Explosive.cpp ExplosiveItem.cpp ExplosiveScript.cpp wallmark_manager.cpp searchlight.cpp trade.cpp trade2.cpp CustomZone.cpp GraviZone.cpp level_changer.cpp Mincer.cpp mincer_script.cpp MosquitoBald.cpp MosquitoBald_script.cpp RadioactiveZone.cpp script_zone.cpp script_zone_script.cpp TorridZone.cpp ZoneVisual.cpp space_restrictor.cpp HairsZone.cpp HairsZone_script.cpp AmebaZone.cpp NoGravityZone.cpp map_location.cpp map_manager.cpp Car.cpp CarCameras.cpp CarDamageParticles.cpp CarDoors.cpp CarExhaust.cpp CarInput.cpp CarLights.cpp CarScript.cpp CarSound.cpp CarWheels.cpp DBG_Car.cpp CarWeapon.cpp car_memory.cpp Helicopter.cpp Helicopter2.cpp helicopter_script.cpp HelicopterMovementManager.cpp HelicopterWeapon.cpp DelayedActionFuse.cpp InventoryBox.cpp ParticlesObject.cpp xrGame.cpp console_commands.cpp date_time.cpp xrgame_dll_detach.cpp ..\COMMON_AI\object_factory.cpp ..\COMMON_AI\object_factory_register.cpp ..\COMMON_AI\object_factory_script.cpp ..\COMMON_AI\object_item_script.cpp string_table.cpp xrServer.cpp xrServer_balance.cpp game_base.cpp game_cl_single.cpp game_cl_base.cpp game_sv_base.cpp game_sv_base_script.cpp game_sv_event_queue.cpp xr_time.cpp game_sv_single.cpp xrServer_CL_connect.cpp xrServer_Connect.cpp xrServer_Disconnect.cpp ..\COMMON_AI\xrServer_Factory.cpp ..\COMMON_AI\xrServer_Objects_Abstract.cpp ..\COMMON_AI\xrServer_Object_Base.cpp ..\COMMON_AI\xrServer_Objects.cpp ..\COMMON_AI\xrServer_Objects_script.cpp ..\COMMON_AI\xrServer_Objects_script2.cpp ..\COMMON_AI\xrServer_Objects_ALife.cpp ..\COMMON_AI\xrServer_Objects_ALife_script.cpp ..\COMMON_AI\xrServer_Objects_ALife_script2.cpp ..\COMMON_AI\xrServer_Objects_ALife_script3.cpp ..\COMMON_AI\xrServer_Objects_ALife_Items.cpp ..\COMMON_AI\xrServer_Objects_ALife_Items_script.cpp ..\COMMON_AI\xrServer_Objects_ALife_Items_script2.cpp ..\COMMON_AI\xrServer_Objects_ALife_Items_script3.cpp ..\COMMON_AI\xrServer_Objects_ALife_Monsters.cpp ..\COMMON_AI\xrServer_Objects_ALife_Monsters_script.cpp ..\COMMON_AI\xrServer_Objects_ALife_Monsters_script2.cpp ..\COMMON_AI\xrserver_objects_alife_monsters_script3.cpp ..\COMMON_AI\xrServer_Objects_ALife_Monsters_script4.cpp xrServer_perform_GameExport.cpp xrServer_perform_RPgen.cpp xrServer_perform_sls_default.cpp xrServer_perform_sls_save.cpp xrServer_perform_transfer.cpp xrServer_sls_clear.cpp xrServer_process_event.cpp xrServer_process_event_destroy.cpp xrServer_process_event_ownership.cpp xrServer_process_event_reject.cpp xrServer_process_spawn.cpp xrServer_process_update.cpp PHDebug.cpp PHWorld.cpp PHWorldScript.cpp Physics.cpp physics_game.cpp PhysicsGamePars.cpp PHShellCreator.cpp PHStaticGeomShell.cpp MathUtils.cpp PHDynamicData.cpp PHInterpolation.cpp PHContactBodyEffector.cpp ..\COMMON_AI\PHNetState.cpp PHMoveStorage.cpp DisablingParams.cpp PHDisabling.cpp PHActorCharacter.cpp PHMovementDynamicActivate.cpp PHAICharacter.cpp PHCapture.cpp PHCaptureInit.cpp PHMovementControl.cpp ElevatorState.cpp PHSimpleCharacter.cpp PHCharacter.cpp PhysicsShell.cpp PhysicsShellScript.cpp PhysicsShellAnimator.cpp animation_movement_controller.cpp PHElement.cpp PHElementNetState.cpp PHJoint.cpp PHShell.cpp PHShellActivate.cpp ShellHit.cpp PHFracture.cpp PHJointDestroyInfo.cpp PHShellSplitter.cpp PHSplitedShell.cpp PHObject.cpp Geometry.cpp PHGeometryOwner.cpp PHIsland.cpp PHCommander.cpp PHScriptCall.cpp PHSimpleCalls.cpp PHSimpleCallsScript.cpp character_hit_animations.cpp CharacterPhysicsSupport.cpp death_anims.cpp interactive_motion.cpp "tri-colliderknoopc\dTriBox.cpp" "tri-colliderknoopc\dTriCylinder.cpp" "tri-colliderKNoOPC\dTriList.cpp" "tri-colliderknoopc\dTriSphere.cpp" dCylinder\dCylinder.cpp dRayMotions.cpp DamagableItem.cpp PHSoundPlayer.cpp PHActivationShape.cpp Hit.cpp Ik\aint.cxx Ik\Dof7control.cpp Ik\eqn.cxx Ik\eulersolver.cxx ik_anim_state.cpp Ik\IKLimb.cpp IKLimbsController.cpp Ik\jtlimits.cxx Ik\limb.cxx Ik\math3d.cpp Ik\mathTrig.cpp MainMenu.cpp UI.cpp ui_base.cpp UIDialogHolder.cpp ui\UIInventoryWnd.cpp ui\UIWeaponModWnd.cpp ui\uiinventorywnd2.cpp ui\UIInventoryWnd3.cpp ui\UIOutfitSlot.cpp ui\UITradeWnd.cpp ui\UIPdaAux.cpp ui\UIPdaContactsWnd.cpp ui\UIPdaListItem.cpp ui\UIPdaWnd.cpp ui\map_hint.cpp map_spot.cpp ui\UIMap.cpp ui\UIMapWnd.cpp ui\UIMapWndActions.cpp ui\UITalkDialogWnd.cpp ui\UITalkWnd.cpp ui\UICarBodyWnd.cpp ui\UIDiaryWnd2.cpp ui\UIEncyclopediaArticleWnd.cpp ui\UIEncyclopediaWnd.cpp ui\UINewsItemWnd.cpp ui\UINewsWnd.cpp ui\UIArtefactPanel.cpp ui\UICarPanel.cpp ui\UIMainIngameWnd.cpp ui\UIMessagesWindow.cpp ui\UIMotionIcon.cpp ui\UIPdaMsgListItem.cpp UIZoneMap.cpp ui\UIColorAnimatorWrapper.cpp ui\UIActorInfo.cpp ui\UIStalkersRankingWnd.cpp ui\UIDebugFonts.cpp ui\UIOptionsItem.cpp ui\UIOptionsManager.cpp ui\UIOptionsManagerScript.cpp ui\UIEventsWnd.cpp ui\UITaskDescrWnd.cpp ui\UITaskItem.cpp ui\MMSound.cpp ui\UIMMShniaga.cpp ui\UIEditKeyBind.cpp ui\UIKeyBinding.cpp ui\UICharacterInfo.cpp ui\UIWpnParams.cpp ui\ui_af_params.cpp ui\UIItemInfo.cpp ui\UIOutfitInfo.cpp ui\UIInventoryUtilities.cpp ui\UIBtnHint.cpp ui\UIWndCallback.cpp ui\UITextureMaster.cpp ui\UIXmlInit.cpp ui\xrUIXmlParser.cpp ui\UIMessageBox.cpp ui\UIMessageBox_script.cpp ui\UIMessageBoxEx.cpp ui\UIPropertiesBox.cpp ui\UIPropertiesBox_script.cpp ui\UIAnimatedStatic.cpp UICustomItem.cpp ui\UIMultiTextStatic.cpp ui\UIStatic.cpp ui\UIStatic_script.cpp UIStaticItem.cpp ui\UITextBanner.cpp ui\UIEditBox.cpp ui\UIEditBoxEx.cpp ui\UICustomEdit.cpp ui\UIEditBox_script.cpp ui\UIDialogWnd.cpp ui\UIFrameLineWnd.cpp ui\UIFrameWindow.cpp ui\UIWindow.cpp ui\UIWindow_script.cpp ui\UIProgressBar.cpp ui\UIProgressBar_script.cpp ui\UIProgressShape.cpp ui\UITabButton.cpp ui\UITabControl.cpp ui\UITabControl_script.cpp ui\UITreeViewItem.cpp ui\UIScriptWnd.cpp ui\UIScriptWnd_script.cpp ui\uiscriptwnd_script2.cpp ui\UI3tButton.cpp ui\UIButton.cpp ui\UIButton_script.cpp ui\UICheckButton.cpp ui\UIRadioButton.cpp ui\UIComboBox.cpp ui\UIComboBox_script.cpp ui\UI_IB_Static.cpp ui\UITrackBar.cpp ui\UIFrameLine.cpp UIFrameRect.cpp ui\UIScrollView.cpp ui\UIListBox.cpp ui\UIListBoxItem.cpp ui\UILine.cpp ui\UILines.cpp ui\UISubLine.cpp ui\UICellCustomItems.cpp ui\UICellItem.cpp ui\UICellItemFactory.cpp ui\UIDragDropListEx.cpp ui\UILabel.cpp ui\UIScrollBar.cpp ui\UIScrollBox.cpp ui\UICustomSpin.cpp ui\UISpinNum.cpp ui\UISpinText.cpp ui\UIListItem.cpp ui\UIListWnd.cpp ui\UIListWnd_script.cpp ui\UIListItemEx.cpp HitMarker.cpp HUDManager.cpp UIGameCustom.cpp UIGameCustom_script.cpp UIGameSP.cpp ui\UIGameLog.cpp HUDCrosshair.cpp HUDTarget.cpp UICursor.cpp ui\UIGameTutorial.cpp ui\UIGameTutorialSimpleItem.cpp ui\UIGameTutorialVideoItem.cpp
         random32.cpp
    12>ClCompile:
         dx10StateManager.cpp
    28>ClCompile:
         script_writer_script.cpp
         AdvancedDetector.cpp
    12>ClCompile:
         Animation.cpp
    28>ClCompile:
         embedded_editor_debug_rt.cpp
         embedded_editor_game.cpp
         embedded_editor_helper.cpp
         embedded_editor_hud.cpp
         embedded_editor_main.cpp
    12>ClCompile:
         Blender.cpp
         Blender_Palette.cpp
         Blender_Recorder.cpp
         blender_BmmD.cpp
         blender_Lm(EbB).cpp
         blender_Model_EbB.cpp
         blender_particle.cpp
         Blender_Recorder_R2.cpp
         Blender_Recorder_StandartBinding.cpp
         blender_Screen_SET.cpp
    28>ClCompile:
         embedded_editor_pos_informer.cpp
    12>ClCompile:
         blender_tree.cpp
         ColorMapManager.cpp
    28>ClCompile:
         embedded_editor_settings.cpp
    12>ClCompile:
         D3DUtils.cpp
         DetailManager.cpp
         DetailManager_CACHE.cpp
    28>ClCompile:
         embedded_editor_sound_env.cpp
    12>ClCompile:
         DetailManager_Decompress.cpp
         DetailModel.cpp
         du_box.cpp
    28>ClCompile:
         embedded_editor_weather.cpp
    12>ClCompile:
         du_cone.cpp
         du_cylinder.cpp
         du_sphere.cpp
         du_sphere_part.cpp
         dxDebugRender.cpp
         dxEnvironmentRender.cpp
         dxFontRender.cpp
         dxLensFlareRender.cpp
         dxRainRender.cpp
         dxRenderDeviceRender.cpp
         dxRenderFactory.cpp
         dxStatsRender.cpp
         dxThunderboltDescRender.cpp
         dxThunderboltRender.cpp
    28>ClCompile:
         ActorCameraCollision.cpp
    12>ClCompile:
         dxUIRender.cpp
         dxUISequenceVideoItem.cpp
         dxUIShader.cpp
         dxWallMarkArray.cpp
         ETextureParams.cpp
         FBasicVisual.cpp
         FHierrarhyVisual.cpp
         FLOD.cpp
         FProgressive.cpp
         FSkinned.cpp
         FTreeVisual.cpp
    28>ClCompile:
         GeometryBits.cpp
    12>ClCompile:
         FVisual.cpp
         HOM.cpp
    28>ClCompile:
         anti_aim_ability.cpp
    12>ClCompile:
         HWCaps.cpp
         light.cpp
         LightTrack.cpp
         Light_DB.cpp
    28>ClCompile:
         monster_aura.cpp
    12>ClCompile:
         Light_Package.cpp
         ModelPool.cpp
         NvTriStrip.cpp
         NvTriStripObjects.cpp
         occRasterizer.cpp
         occRasterizer_core.cpp
         ParticleEffect.cpp
         D:\STSoC-3.0\ogsr_engine\Layers\xrRender\ModelPool.cpp(234) :  TODO :   "SIMP: проверить все эти оверрайды, добавить в вики"
         ParticleEffectDef.cpp
         ParticleGroup.cpp
    28>ClCompile:
         damage_manager.cpp
    12>ClCompile:
         PSLibrary.cpp
    12>D:\STSoC-3.0\ogsr_engine\Layers\xrRender\ParticleEffectDef.cpp(43,47): warning C4244: return: преобразование "float" в "u32", возможна потеря данных [D:\STSoC-3.0\ogsr_engine\Layers\xrRenderPC_R4\xrRender_R4.vcxproj]
         (компиляция исходного файла "/xrRender/ParticleEffectDef.cpp")
         
         rendertarget_phase_blur.cpp
    28>ClCompile:
         action_base_script.cpp
    12>ClCompile:
         rendertarget_phase_dof.cpp
    28>ClCompile:
         derived_client_classes.cpp
    12>ClCompile:
         rendertarget_phase_fakescope.cpp
         rendertarget_phase_gasmask_dudv.cpp
         RenderTargetRenderScreenQuad.cpp
         RenderTargetPhaseRainDrops.cpp
         RenderTargetPhaseAA.cpp
         RenderTargetPhaseSSSS.cpp
         rendertarget_phase_nightvision.cpp
         rendertarget_phase_thermalvision.cpp
         ResourceManager.cpp
         ResourceManager_Loader.cpp
         ResourceManager_Reset.cpp
         R_Backend.cpp
         R_Backend_DBG.cpp
         R_Backend_hemi.cpp
         R_Backend_Runtime.cpp
         R_Backend_xform.cpp
    12>D:\STSoC-3.0\ogsr_engine\Layers\xrRender\R_Backend_Runtime.cpp(178,13): warning C5054: оператор '+': устарел при перечислении различных типов [D:\STSoC-3.0\ogsr_engine\Layers\xrRenderPC_R4\xrRender_R4.vcxproj]
         (компиляция исходного файла "/xrRender/R_Backend_Runtime.cpp")
         
    12>D:\STSoC-3.0\ogsr_engine\Layers\xrRender\R_Backend_Runtime.cpp(198,13): warning C5054: оператор '+': устарел при перечислении различных типов [D:\STSoC-3.0\ogsr_engine\Layers\xrRenderPC_R4\xrRender_R4.vcxproj]
         (компиляция исходного файла "/xrRender/R_Backend_Runtime.cpp")
         
    12>D:\STSoC-3.0\ogsr_engine\Layers\xrRender\R_Backend_Runtime.cpp(218,13): warning C5054: оператор '+': устарел при перечислении различных типов [D:\STSoC-3.0\ogsr_engine\Layers\xrRenderPC_R4\xrRender_R4.vcxproj]
         (компиляция исходного файла "/xrRender/R_Backend_Runtime.cpp")
         
    12>D:\STSoC-3.0\ogsr_engine\Layers\xrRender\R_Backend_Runtime.cpp(238,13): warning C5054: оператор '+': устарел при перечислении различных типов [D:\STSoC-3.0\ogsr_engine\Layers\xrRenderPC_R4\xrRender_R4.vcxproj]
         (компиляция исходного файла "/xrRender/R_Backend_Runtime.cpp")
         
    12>D:\STSoC-3.0\ogsr_engine\Layers\xrRender\R_Backend_Runtime.cpp(258,13): warning C5054: оператор '+': устарел при перечислении различных типов [D:\STSoC-3.0\ogsr_engine\Layers\xrRenderPC_R4\xrRender_R4.vcxproj]
         (компиляция исходного файла "/xrRender/R_Backend_Runtime.cpp")
         
         r_constants.cpp
         R_DStreams.cpp
         r__dsgraph_build.cpp
         r__dsgraph_render.cpp
         r__dsgraph_render_lods.cpp
         r__occlusion.cpp
    28>ClCompile:
         EliteDetector.cpp
         IKFoot.cpp
    12>ClCompile:
         r__screenshot.cpp
         r__sector.cpp
         r__sector_traversal.cpp
         SectorPortalStructure.cpp
         Shader.cpp
         SH_Atomic.cpp
         SH_Constant.cpp
         SH_Matrix.cpp
         SkeletonAnimated.cpp
         SkeletonCustom.cpp
         SkeletonRigid.cpp
    28>ClCompile:
         D:\STSoC-3.0\ogsr_engine\xrGame\IKFoot.cpp(395) :  TODO :   "KRodin: в строке ниже происходит какая-то черная магия, на которую естественно ругается PVS, я не представляю как это работает, и как должно работать, и что будет, если этот код изменить. Может быть поставить просто Fmatrix{} вместо foot?"
    12>ClCompile:
         SkeletonX.cpp
    28>ClCompile:
         ik_calculate_data.cpp
    12>ClCompile:
         stats_manager.cpp
    28>ClCompile:
         ik_dbg_matrix.cpp
    12>ClCompile:
         TextureDescrManager.cpp
    28>ClCompile:
         ik_foot_collider.cpp
    12>ClCompile:
         tss_def.cpp
    28>ClCompile:
         ik_limb_state.cpp
    12>ClCompile:
         uber_deffer.cpp
         dxHashHelper.cpp
         VertexCache.cpp
         WallmarksEngine.cpp
         xrRender_console.cpp
         xrStripify.cpp
         blender_deffer_aref.cpp
         blender_deffer_flat.cpp
         D:\STSoC-3.0\ogsr_engine\Layers\xrRender\xrRender_console.cpp(946) :  TODO :   "Simp: В общем эта настройка работает, но надо убирать мипмапы у текстур ui. Да и заметного влияния на fps я не вижу."
         blender_deffer_model.cpp
    28>ClCompile:
         ik_object_shift.cpp
    12>ClCompile:
         dxPixEvents.cpp
    28>ClCompile:
         InventoryContainer.cpp
    12>ClCompile:
         HUDInitializer.cpp
         light_smapvis.cpp
         light_vis.cpp
         r2_blenders.cpp
         r2_R_calculate.cpp
         r2_R_lights.cpp
    28>ClCompile:
         LevelDebugScript.cpp
    12>ClCompile:
         r4.cpp
         r4_imgui.cpp
         D:\STSoC-3.0\ogsr_engine\Layers\xrRenderPC_R4\r2_R_calculate.cpp(215) :  TODO :   "Simp: Раскомментировать когда будет новый TTP"
         D:\STSoC-3.0\ogsr_engine\Layers\xrRenderPC_R4\r2_R_calculate.cpp(355) :  TODO :   "Simp: Раскомментировать когда будет новый TTP"
         r4_loader.cpp
    28>ClCompile:
         level_graph_script.cpp
    12>ClCompile:
         r4_rendertarget.cpp
    28>ClCompile:
         physics_shell_animated.cpp
    12>ClCompile:
         r4_rendertarget_accum_direct.cpp
         r4_rendertarget_accum_omnipart_geom.cpp
         r4_rendertarget_accum_point.cpp
         r4_rendertarget_accum_point_geom.cpp
         r4_rendertarget_accum_spot.cpp
         r4_rendertarget_accum_spot_geom.cpp
         r4_rendertarget_draw_rain.cpp
         r4_rendertarget_draw_volume.cpp
         r4_rendertarget_phase_accumulator.cpp
         r4_rendertarget_phase_bloom.cpp
         r4_rendertarget_phase_combine.cpp
         r4_rendertarget_phase_luminance.cpp
         D:\STSoC-3.0\ogsr_engine\Layers\xrRenderPC_R4\r4_rendertarget_phase_combine.cpp(200) :  TODO :   "Simp: Ощущение что есть микроподергивания лучей (из-за TAA jitter?)"
         D:\STSoC-3.0\ogsr_engine\Layers\xrRenderPC_R4\r4_rendertarget_phase_combine.cpp(221) :  TODO :   "Simp: Если отключить новый блум, то старый, который рендерится до прицела, багует, потому что рендрится очень рано. Пока запретил отключение нового блума."
         D:\STSoC-3.0\ogsr_engine\Layers\xrRenderPC_R4\r4_rendertarget_phase_combine.cpp(236) :  TODO :   "Simp: эффект шлема багует в прицеле, надо бы придумать решение получше"
    28>ClCompile:
         player_hud.cpp
    12>ClCompile:
         r4_rendertarget_phase_lut.cpp
         r4_rendertarget_phase_occq.cpp
         r4_rendertarget_phase_PP.cpp
         r4_rendertarget_phase_scene.cpp
         r4_rendertarget_phase_smap_D.cpp
         r4_rendertarget_phase_smap_S.cpp
         r4_R_rain.cpp
         r4_R_render.cpp
         render_phase_sun.cpp
         D:\STSoC-3.0\ogsr_engine\Layers\xrRenderPC_R4\r4_rendertarget_phase_smap_S.cpp(26) :  TODO :   "can optimize for multi-lights covering more than say 50%..."
         R_Backend_LOD.cpp
    28>ClCompile:
         player_hud_tune.cpp
    12>ClCompile:
         xrRender_R4.cpp
    28>ClCompile:
         pose_extrapolation.cpp
         script_action_wrapper.cpp
    12>Lib:
         C:\Program Files\Microsoft Visual Studio\18\Insiders\VC\Tools\MSVC\14.51.36231\bin\HostX64\x64\Lib.exe /OUT:"D:\STSoC-3.0\\ogsr_engine\_LIB\Engine\Release\x64\xrRender_R4.lib" /NOLOGO /MACHINE:X64 /LTCG "D:\STSoC-3.0\\ogsr_engine\_TEMP\Engine\Release\x64\xrRender_R4\imgui_impl_win32.obj"
         "D:\STSoC-3.0\\ogsr_engine\_TEMP\Engine\Release\x64\xrRender_R4\ParticleEffectActions.obj"
         "D:\STSoC-3.0\\ogsr_engine\_TEMP\Engine\Release\x64\xrRender_R4\blender_fluid.obj"
         "D:\STSoC-3.0\\ogsr_engine\_TEMP\Engine\Release\x64\xrRender_R4\dx103DFluidData.obj"
         "D:\STSoC-3.0\\ogsr_engine\_TEMP\Engine\Release\x64\xrRender_R4\dx103DFluidEmitters.obj"
         "D:\STSoC-3.0\\ogsr_engine\_TEMP\Engine\Release\x64\xrRender_R4\dx103DFluidGrid.obj"
         "D:\STSoC-3.0\\ogsr_engine\_TEMP\Engine\Release\x64\xrRender_R4\dx103DFluidManager.obj"
         "D:\STSoC-3.0\\ogsr_engine\_TEMP\Engine\Release\x64\xrRender_R4\dx103DFluidObstacles.obj"
         "D:\STSoC-3.0\\ogsr_engine\_TEMP\Engine\Release\x64\xrRender_R4\dx103DFluidRenderer.obj"
         "D:\STSoC-3.0\\ogsr_engine\_TEMP\Engine\Release\x64\xrRender_R4\dx103DFluidVolume.obj"
         "D:\STSoC-3.0\\ogsr_engine\_TEMP\Engine\Release\x64\xrRender_R4\Blender_Recorder_R3.obj"
         "D:\STSoC-3.0\\ogsr_engine\_TEMP\Engine\Release\x64\xrRender_R4\dx10BufferUtils.obj"
         "D:\STSoC-3.0\\ogsr_engine\_TEMP\Engine\Release\x64\xrRender_R4\dx10ConstantBuffer.obj"
         "D:\STSoC-3.0\\ogsr_engine\_TEMP\Engine\Release\x64\xrRender_R4\dx10DetailManager_VS.obj"
         "D:\STSoC-3.0\\ogsr_engine\_TEMP\Engine\Release\x64\xrRender_R4\dx10HW.obj"
         "D:\STSoC-3.0\\ogsr_engine\_TEMP\Engine\Release\x64\xrRender_R4\dx10ResourceManager_Resources.obj"
         "D:\STSoC-3.0\\ogsr_engine\_TEMP\Engine\Release\x64\xrRender_R4\dx10ResourceManager_Scripting.obj"
         "D:\STSoC-3.0\\ogsr_engine\_TEMP\Engine\Release\x64\xrRender_R4\dx10r_constants.obj"
         "D:\STSoC-3.0\\ogsr_engine\_TEMP\Engine\Release\x64\xrRender_R4\dx10r_constants_cache.obj"
         "D:\STSoC-3.0\\ogsr_engine\_TEMP\Engine\Release\x64\xrRender_R4\dx10SH_RT.obj"
         "D:\STSoC-3.0\\ogsr_engine\_TEMP\Engine\Release\x64\xrRender_R4\dx10SH_Texture.obj"
         "D:\STSoC-3.0\\ogsr_engine\_TEMP\Engine\Release\x64\xrRender_R4\dx10StateUtils.obj"
         "D:\STSoC-3.0\\ogsr_engine\_TEMP\Engine\Release\x64\xrRender_R4\dx10Texture.obj"
         "D:\STSoC-3.0\\ogsr_engine\_TEMP\Engine\Release\x64\xrRender_R4\imgui_impl_dx11.obj"
         "D:\STSoC-3.0\\ogsr_engine\_TEMP\Engine\Release\x64\xrRender_R4\dx10SamplerStateCache.obj"
         "D:\STSoC-3.0\\ogsr_engine\_TEMP\Engine\Release\x64\xrRender_R4\dx10ShaderResourceStateCache.obj"
         "D:\STSoC-3.0\\ogsr_engine\_TEMP\Engine\Release\x64\xrRender_R4\dx10State.obj"
         "D:\STSoC-3.0\\ogsr_engine\_TEMP\Engine\Release\x64\xrRender_R4\dx10StateCache.obj"
         "D:\STSoC-3.0\\ogsr_engine\_TEMP\Engine\Release\x64\xrRender_R4\dx10StateManager.obj"
         "D:\STSoC-3.0\\ogsr_engine\_TEMP\Engine\Release\x64\xrRender_R4\Animation.obj"
         "D:\STSoC-3.0\\ogsr_engine\_TEMP\Engine\Release\x64\xrRender_R4\Blender.obj"
         "D:\STSoC-3.0\\ogsr_engine\_TEMP\Engine\Release\x64\xrRender_R4\Blender_Palette.obj"
         "D:\STSoC-3.0\\ogsr_engine\_TEMP\Engine\Release\x64\xrRender_R4\Blender_Recorder.obj"
         "D:\STSoC-3.0\\ogsr_engine\_TEMP\Engine\Release\x64\xrRender_R4\blender_BmmD.obj"
         "D:\STSoC-3.0\\ogsr_engine\_TEMP\Engine\Release\x64\xrRender_R4\blender_Lm(EbB).obj"
         "D:\STSoC-3.0\\ogsr_engine\_TEMP\Engine\Release\x64\xrRender_R4\blender_Model_EbB.obj"
         "D:\STSoC-3.0\\ogsr_engine\_TEMP\Engine\Release\x64\xrRender_R4\blender_particle.obj"
         "D:\STSoC-3.0\\ogsr_engine\_TEMP\Engine\Release\x64\xrRender_R4\Blender_Recorder_R2.obj"
         "D:\STSoC-3.0\\ogsr_engine\_TEMP\Engine\Release\x64\xrRender_R4\Blender_Recorder_StandartBinding.obj"
         "D:\STSoC-3.0\\ogsr_engine\_TEMP\Engine\Release\x64\xrRender_R4\blender_Screen_SET.obj"
         "D:\STSoC-3.0\\ogsr_engine\_TEMP\Engine\Release\x64\xrRender_R4\blender_tree.obj"
         "D:\STSoC-3.0\\ogsr_engine\_TEMP\Engine\Release\x64\xrRender_R4\ColorMapManager.obj"
         "D:\STSoC-3.0\\ogsr_engine\_TEMP\Engine\Release\x64\xrRender_R4\D3DUtils.obj"
         "D:\STSoC-3.0\\ogsr_engine\_TEMP\Engine\Release\x64\xrRender_R4\DetailManager.obj"
         "D:\STSoC-3.0\\ogsr_engine\_TEMP\Engine\Release\x64\xrRender_R4\DetailManager_CACHE.obj"
         "D:\STSoC-3.0\\ogsr_engine\_TEMP\Engine\Release\x64\xrRender_R4\DetailManager_Decompress.obj"
         "D:\STSoC-3.0\\ogsr_engine\_TEMP\Engine\Release\x64\xrRender_R4\DetailModel.obj"
         "D:\STSoC-3.0\\ogsr_engine\_TEMP\Engine\Release\x64\xrRender_R4\du_box.obj"
         "D:\STSoC-3.0\\ogsr_engine\_TEMP\Engine\Release\x64\xrRender_R4\du_cone.obj"
         "D:\STSoC-3.0\\ogsr_engine\_TEMP\Engine\Release\x64\xrRender_R4\du_cylinder.obj"
         "D:\STSoC-3.0\\ogsr_engine\_TEMP\Engine\Release\x64\xrRender_R4\du_sphere.obj"
         "D:\STSoC-3.0\\ogsr_engine\_TEMP\Engine\Release\x64\xrRender_R4\du_sphere_part.obj"
         "D:\STSoC-3.0\\ogsr_engine\_TEMP\Engine\Release\x64\xrRender_R4\dxDebugRender.obj"
         "D:\STSoC-3.0\\ogsr_engine\_TEMP\Engine\Release\x64\xrRender_R4\dxEnvironmentRender.obj"
         "D:\STSoC-3.0\\ogsr_engine\_TEMP\Engine\Release\x64\xrRender_R4\dxFontRender.obj"
         "D:\STSoC-3.0\\ogsr_engine\_TEMP\Engine\Release\x64\xrRender_R4\dxLensFlareRender.obj"
         "D:\STSoC-3.0\\ogsr_engine\_TEMP\Engine\Release\x64\xrRender_R4\dxRainRender.obj"
         "D:\STSoC-3.0\\ogsr_engine\_TEMP\Engine\Release\x64\xrRender_R4\dxRenderDeviceRender.obj"
         "D:\STSoC-3.0\\ogsr_engine\_TEMP\Engine\Release\x64\xrRender_R4\dxRenderFactory.obj"
         "D:\STSoC-3.0\\ogsr_engine\_TEMP\Engine\Release\x64\xrRender_R4\dxStatsRender.obj"
         "D:\STSoC-3.0\\ogsr_engine\_TEMP\Engine\Release\x64\xrRender_R4\dxThunderboltDescRender.obj"
         "D:\STSoC-3.0\\ogsr_engine\_TEMP\Engine\Release\x64\xrRender_R4\dxThunderboltRender.obj"
         "D:\STSoC-3.0\\ogsr_engine\_TEMP\Engine\Release\x64\xrRender_R4\dxUIRender.obj"
         "D:\STSoC-3.0\\ogsr_engine\_TEMP\Engine\Release\x64\xrRender_R4\dxUISequenceVideoItem.obj"
         "D:\STSoC-3.0\\ogsr_engine\_TEMP\Engine\Release\x64\xrRender_R4\dxUIShader.obj"
         "D:\STSoC-3.0\\ogsr_engine\_TEMP\Engine\Release\x64\xrRender_R4\dxWallMarkArray.obj"
         "D:\STSoC-3.0\\ogsr_engine\_TEMP\Engine\Release\x64\xrRender_R4\ETextureParams.obj"
         "D:\STSoC-3.0\\ogsr_engine\_TEMP\Engine\Release\x64\xrRender_R4\FBasicVisual.obj"
         "D:\STSoC-3.0\\ogsr_engine\_TEMP\Engine\Release\x64\xrRender_R4\FHierrarhyVisual.obj"
         "D:\STSoC-3.0\\ogsr_engine\_TEMP\Engine\Release\x64\xrRender_R4\FLOD.obj"
         "D:\STSoC-3.0\\ogsr_engine\_TEMP\Engine\Release\x64\xrRender_R4\FProgressive.obj"
         "D:\STSoC-3.0\\ogsr_engine\_TEMP\Engine\Release\x64\xrRender_R4\FSkinned.obj"
         "D:\STSoC-3.0\\ogsr_engine\_TEMP\Engine\Release\x64\xrRender_R4\FTreeVisual.obj"
         "D:\STSoC-3.0\\ogsr_engine\_TEMP\Engine\Release\x64\xrRender_R4\FVisual.obj"
         "D:\STSoC-3.0\\ogsr_engine\_TEMP\Engine\Release\x64\xrRender_R4\HOM.obj"
         "D:\STSoC-3.0\\ogsr_engine\_TEMP\Engine\Release\x64\xrRender_R4\HWCaps.obj"
         "D:\STSoC-3.0\\ogsr_engine\_TEMP\Engine\Release\x64\xrRender_R4\light.obj"
         "D:\STSoC-3.0\\ogsr_engine\_TEMP\Engine\Release\x64\xrRender_R4\LightTrack.obj"
         "D:\STSoC-3.0\\ogsr_engine\_TEMP\Engine\Release\x64\xrRender_R4\Light_DB.obj"
         "D:\STSoC-3.0\\ogsr_engine\_TEMP\Engine\Release\x64\xrRender_R4\Light_Package.obj"
         "D:\STSoC-3.0\\ogsr_engine\_TEMP\Engine\Release\x64\xrRender_R4\ModelPool.obj"
         "D:\STSoC-3.0\\ogsr_engine\_TEMP\Engine\Release\x64\xrRender_R4\NvTriStrip.obj"
         "D:\STSoC-3.0\\ogsr_engine\_TEMP\Engine\Release\x64\xrRender_R4\NvTriStripObjects.obj"
         "D:\STSoC-3.0\\ogsr_engine\_TEMP\Engine\Release\x64\xrRender_R4\occRasterizer.obj"
         "D:\STSoC-3.0\\ogsr_engine\_TEMP\Engine\Release\x64\xrRender_R4\occRasterizer_core.obj"
         "D:\STSoC-3.0\\ogsr_engine\_TEMP\Engine\Release\x64\xrRender_R4\ParticleEffect.obj"
         "D:\STSoC-3.0\\ogsr_engine\_TEMP\Engine\Release\x64\xrRender_R4\ParticleEffectDef.obj"
         "D:\STSoC-3.0\\ogsr_engine\_TEMP\Engine\Release\x64\xrRender_R4\ParticleGroup.obj"
         "D:\STSoC-3.0\\ogsr_engine\_TEMP\Engine\Release\x64\xrRender_R4\PSLibrary.obj"
         "D:\STSoC-3.0\\ogsr_engine\_TEMP\Engine\Release\x64\xrRender_R4\rendertarget_phase_blur.obj"
         "D:\STSoC-3.0\\ogsr_engine\_TEMP\Engine\Release\x64\xrRender_R4\rendertarget_phase_dof.obj"
         "D:\STSoC-3.0\\ogsr_engine\_TEMP\Engine\Release\x64\xrRender_R4\rendertarget_phase_fakescope.obj"
         "D:\STSoC-3.0\\ogsr_engine\_TEMP\Engine\Release\x64\xrRender_R4\rendertarget_phase_gasmask_dudv.obj"
         "D:\STSoC-3.0\\ogsr_engine\_TEMP\Engine\Release\x64\xrRender_R4\RenderTargetRenderScreenQuad.obj"
         "D:\STSoC-3.0\\ogsr_engine\_TEMP\Engine\Release\x64\xrRender_R4\RenderTargetPhaseRainDrops.obj"
         "D:\STSoC-3.0\\ogsr_engine\_TEMP\Engine\Release\x64\xrRender_R4\RenderTargetPhaseAA.obj"
         "D:\STSoC-3.0\\ogsr_engine\_TEMP\Engine\Release\x64\xrRender_R4\RenderTargetPhaseSSSS.obj"
         "D:\STSoC-3.0\\ogsr_engine\_TEMP\Engine\Release\x64\xrRender_R4\rendertarget_phase_nightvision.obj"
         "D:\STSoC-3.0\\ogsr_engine\_TEMP\Engine\Release\x64\xrRender_R4\rendertarget_phase_thermalvision.obj"
         "D:\STSoC-3.0\\ogsr_engine\_TEMP\Engine\Release\x64\xrRender_R4\ResourceManager.obj"
         "D:\STSoC-3.0\\ogsr_engine\_TEMP\Engine\Release\x64\xrRender_R4\ResourceManager_Loader.obj"
         "D:\STSoC-3.0\\ogsr_engine\_TEMP\Engine\Release\x64\xrRender_R4\ResourceManager_Reset.obj"
         "D:\STSoC-3.0\\ogsr_engine\_TEMP\Engine\Release\x64\xrRender_R4\R_Backend.obj"
         "D:\STSoC-3.0\\ogsr_engine\_TEMP\Engine\Release\x64\xrRender_R4\R_Backend_DBG.obj"
         "D:\STSoC-3.0\\ogsr_engine\_TEMP\Engine\Release\x64\xrRender_R4\R_Backend_hemi.obj"
         "D:\STSoC-3.0\\ogsr_engine\_TEMP\Engine\Release\x64\xrRender_R4\R_Backend_Runtime.obj"
         "D:\STSoC-3.0\\ogsr_engine\_TEMP\Engine\Release\x64\xrRender_R4\R_Backend_xform.obj"
         "D:\STSoC-3.0\\ogsr_engine\_TEMP\Engine\Release\x64\xrRender_R4\r_constants.obj"
         "D:\STSoC-3.0\\ogsr_engine\_TEMP\Engine\Release\x64\xrRender_R4\R_DStreams.obj"
         "D:\STSoC-3.0\\ogsr_engine\_TEMP\Engine\Release\x64\xrRender_R4\r__dsgraph_build.obj"
         "D:\STSoC-3.0\\ogsr_engine\_TEMP\Engine\Release\x64\xrRender_R4\r__dsgraph_render.obj"
         "D:\STSoC-3.0\\ogsr_engine\_TEMP\Engine\Release\x64\xrRender_R4\r__dsgraph_render_lods.obj"
         "D:\STSoC-3.0\\ogsr_engine\_TEMP\Engine\Release\x64\xrRender_R4\r__occlusion.obj"
         "D:\STSoC-3.0\\ogsr_engine\_TEMP\Engine\Release\x64\xrRender_R4\r__screenshot.obj"
         "D:\STSoC-3.0\\ogsr_engine\_TEMP\Engine\Release\x64\xrRender_R4\r__sector.obj"
         "D:\STSoC-3.0\\ogsr_engine\_TEMP\Engine\Release\x64\xrRender_R4\r__sector_traversal.obj"
         "D:\STSoC-3.0\\ogsr_engine\_TEMP\Engine\Release\x64\xrRender_R4\SectorPortalStructure.obj"
         "D:\STSoC-3.0\\ogsr_engine\_TEMP\Engine\Release\x64\xrRender_R4\Shader.obj"
         "D:\STSoC-3.0\\ogsr_engine\_TEMP\Engine\Release\x64\xrRender_R4\SH_Atomic.obj"
         "D:\STSoC-3.0\\ogsr_engine\_TEMP\Engine\Release\x64\xrRender_R4\SH_Constant.obj"
         "D:\STSoC-3.0\\ogsr_engine\_TEMP\Engine\Release\x64\xrRender_R4\SH_Matrix.obj"
         "D:\STSoC-3.0\\ogsr_engine\_TEMP\Engine\Release\x64\xrRender_R4\SkeletonAnimated.obj"
         "D:\STSoC-3.0\\ogsr_engine\_TEMP\Engine\Release\x64\xrRender_R4\SkeletonCustom.obj"
         "D:\STSoC-3.0\\ogsr_engine\_TEMP\Engine\Release\x64\xrRender_R4\SkeletonRigid.obj"
         "D:\STSoC-3.0\\ogsr_engine\_TEMP\Engine\Release\x64\xrRender_R4\SkeletonX.obj"
         "D:\STSoC-3.0\\ogsr_engine\_TEMP\Engine\Release\x64\xrRender_R4\stats_manager.obj"
         "D:\STSoC-3.0\\ogsr_engine\_TEMP\Engine\Release\x64\xrRender_R4\TextureDescrManager.obj"
         "D:\STSoC-3.0\\ogsr_engine\_TEMP\Engine\Release\x64\xrRender_R4\tss_def.obj"
         "D:\STSoC-3.0\\ogsr_engine\_TEMP\Engine\Release\x64\xrRender_R4\uber_deffer.obj"
         "D:\STSoC-3.0\\ogsr_engine\_TEMP\Engine\Release\x64\xrRender_R4\dxHashHelper.obj"
         "D:\STSoC-3.0\\ogsr_engine\_TEMP\Engine\Release\x64\xrRender_R4\VertexCache.obj"
         "D:\STSoC-3.0\\ogsr_engine\_TEMP\Engine\Release\x64\xrRender_R4\WallmarksEngine.obj"
         "D:\STSoC-3.0\\ogsr_engine\_TEMP\Engine\Release\x64\xrRender_R4\xrRender_console.obj"
         "D:\STSoC-3.0\\ogsr_engine\_TEMP\Engine\Release\x64\xrRender_R4\xrStripify.obj"
         "D:\STSoC-3.0\\ogsr_engine\_TEMP\Engine\Release\x64\xrRender_R4\blender_deffer_aref.obj"
         "D:\STSoC-3.0\\ogsr_engine\_TEMP\Engine\Release\x64\xrRender_R4\blender_deffer_flat.obj"
         "D:\STSoC-3.0\\ogsr_engine\_TEMP\Engine\Release\x64\xrRender_R4\blender_deffer_model.obj"
         "D:\STSoC-3.0\\ogsr_engine\_TEMP\Engine\Release\x64\xrRender_R4\dxPixEvents.obj"
         "D:\STSoC-3.0\\ogsr_engine\_TEMP\Engine\Release\x64\xrRender_R4\HUDInitializer.obj"
         "D:\STSoC-3.0\\ogsr_engine\_TEMP\Engine\Release\x64\xrRender_R4\light_smapvis.obj"
         "D:\STSoC-3.0\\ogsr_engine\_TEMP\Engine\Release\x64\xrRender_R4\light_vis.obj"
         "D:\STSoC-3.0\\ogsr_engine\_TEMP\Engine\Release\x64\xrRender_R4\r2_blenders.obj"
         "D:\STSoC-3.0\\ogsr_engine\_TEMP\Engine\Release\x64\xrRender_R4\r2_R_calculate.obj"
         "D:\STSoC-3.0\\ogsr_engine\_TEMP\Engine\Release\x64\xrRender_R4\r2_R_lights.obj"
         "D:\STSoC-3.0\\ogsr_engine\_TEMP\Engine\Release\x64\xrRender_R4\r4.obj"
         "D:\STSoC-3.0\\ogsr_engine\_TEMP\Engine\Release\x64\xrRender_R4\r4_imgui.obj"
         "D:\STSoC-3.0\\ogsr_engine\_TEMP\Engine\Release\x64\xrRender_R4\r4_loader.obj"
         "D:\STSoC-3.0\\ogsr_engine\_TEMP\Engine\Release\x64\xrRender_R4\r4_rendertarget.obj"
         "D:\STSoC-3.0\\ogsr_engine\_TEMP\Engine\Release\x64\xrRender_R4\r4_rendertarget_accum_direct.obj"
         "D:\STSoC-3.0\\ogsr_engine\_TEMP\Engine\Release\x64\xrRender_R4\r4_rendertarget_accum_omnipart_geom.obj"
         "D:\STSoC-3.0\\ogsr_engine\_TEMP\Engine\Release\x64\xrRender_R4\r4_rendertarget_accum_point.obj"
         "D:\STSoC-3.0\\ogsr_engine\_TEMP\Engine\Release\x64\xrRender_R4\r4_rendertarget_accum_point_geom.obj"
         "D:\STSoC-3.0\\ogsr_engine\_TEMP\Engine\Release\x64\xrRender_R4\r4_rendertarget_accum_spot.obj"
         "D:\STSoC-3.0\\ogsr_engine\_TEMP\Engine\Release\x64\xrRender_R4\r4_rendertarget_accum_spot_geom.obj"
         "D:\STSoC-3.0\\ogsr_engine\_TEMP\Engine\Release\x64\xrRender_R4\r4_rendertarget_draw_rain.obj"
         "D:\STSoC-3.0\\ogsr_engine\_TEMP\Engine\Release\x64\xrRender_R4\r4_rendertarget_draw_volume.obj"
         "D:\STSoC-3.0\\ogsr_engine\_TEMP\Engine\Release\x64\xrRender_R4\r4_rendertarget_phase_accumulator.obj"
         "D:\STSoC-3.0\\ogsr_engine\_TEMP\Engine\Release\x64\xrRender_R4\r4_rendertarget_phase_bloom.obj"
         "D:\STSoC-3.0\\ogsr_engine\_TEMP\Engine\Release\x64\xrRender_R4\r4_rendertarget_phase_combine.obj"
         "D:\STSoC-3.0\\ogsr_engine\_TEMP\Engine\Release\x64\xrRender_R4\r4_rendertarget_phase_luminance.obj"
         "D:\STSoC-3.0\\ogsr_engine\_TEMP\Engine\Release\x64\xrRender_R4\r4_rendertarget_phase_lut.obj"
         "D:\STSoC-3.0\\ogsr_engine\_TEMP\Engine\Release\x64\xrRender_R4\r4_rendertarget_phase_occq.obj"
         "D:\STSoC-3.0\\ogsr_engine\_TEMP\Engine\Release\x64\xrRender_R4\r4_rendertarget_phase_PP.obj"
         "D:\STSoC-3.0\\ogsr_engine\_TEMP\Engine\Release\x64\xrRender_R4\r4_rendertarget_phase_scene.obj"
         "D:\STSoC-3.0\\ogsr_engine\_TEMP\Engine\Release\x64\xrRender_R4\r4_rendertarget_phase_smap_D.obj"
         "D:\STSoC-3.0\\ogsr_engine\_TEMP\Engine\Release\x64\xrRender_R4\r4_rendertarget_phase_smap_S.obj"
         "D:\STSoC-3.0\\ogsr_engine\_TEMP\Engine\Release\x64\xrRender_R4\r4_R_rain.obj"
         "D:\STSoC-3.0\\ogsr_engine\_TEMP\Engine\Release\x64\xrRender_R4\r4_R_render.obj"
         "D:\STSoC-3.0\\ogsr_engine\_TEMP\Engine\Release\x64\xrRender_R4\render_phase_sun.obj"
         "D:\STSoC-3.0\\ogsr_engine\_TEMP\Engine\Release\x64\xrRender_R4\R_Backend_LOD.obj"
         "D:\STSoC-3.0\\ogsr_engine\_TEMP\Engine\Release\x64\xrRender_R4\stdafx.obj"
         "D:\STSoC-3.0\\ogsr_engine\_TEMP\Engine\Release\x64\xrRender_R4\xrRender_R4.obj"
    28>ClCompile:
         action_planner_script.cpp
         script_action_planner_wrapper.cpp
         action_planner_action_script.cpp
         script_action_planner_action_wrapper.cpp
    12>Lib:
         Копирование файла из "D:\STSoC-3.0\ogsr_engine\_TEMP\Engine\Release\x64\xrRender_R4\xrRender_R4.pdb" в "D:\STSoC-3.0\ogsr_engine\_LIB\Engine\Release\x64\xrRender_R4.pdb".
         xrRender_R4.vcxproj -> D:\STSoC-3.0\ogsr_engine\_LIB\Engine\Release\x64\xrRender_R4.lib
       FinalizeBuildStatus:
         Файл "D:\STSoC-3.0\\ogsr_engine\_TEMP\Engine\Release\x64\xrRender_R4\xrRender_R4.tlog\unsuccessfulbuild" удаляется.
         Обращение к "D:\STSoC-3.0\\ogsr_engine\_TEMP\Engine\Release\x64\xrRender_R4\xrRender_R4.tlog\xrRender_R4.lastbuildstate".
    12>Сборка проекта "D:\STSoC-3.0\ogsr_engine\Layers\xrRenderPC_R4\xrRender_R4.vcxproj" завершена (целевые объекты Rebuild).
    28>ClCompile:
         property_storage_script.cpp
         property_evaluator_script.cpp
         script_actor.cpp
         script_game_object_script4.cpp
         script_property_evaluator_wrapper.cpp
         material_manager.cpp
         memory_manager.cpp
         memory_space_script.cpp
         item_manager.cpp
         danger_manager.cpp
         danger_object.cpp
         enemy_manager.cpp
         hit_memory_manager.cpp
         script_rq_result.cpp
         script_vars_storage.cpp
         SimpleDetectorSHOC.cpp
         sound_memory_manager.cpp
         steering_behaviour.cpp
         trajectories.cpp
         UIHelper.cpp
         UIIconParams.cpp
         UILoadingScreen.cpp
         UIPdaSpot.cpp
         visual_memory_manager.cpp
         visual_memory_params.cpp
         vision_client.cpp
         movement_manager.cpp
         movement_manager_game.cpp
         movement_manager_level.cpp
         D:\STSoC-3.0\ogsr_engine\xrGame\movement_manager.cpp(147) :  TODO :   "Optimize this in case of slowdown or not intended behaviour"
         movement_manager_patrol.cpp
         movement_manager_physic.cpp
         location_manager.cpp
         detail_path_manager.cpp
         detail_path_manager_smooth.cpp
         patrol_path_manager.cpp
         D:\STSoC-3.0\ogsr_engine\xrGame\movement_manager_physic.cpp(224) :  TODO :   "Dima to ? : is this correct?"
         D:\STSoC-3.0\ogsr_engine\xrGame\detail_path_manager_smooth.cpp(709) :  TODO :   "KRodin: цикл смысла не имеет. В будущем или выпилить его, или попытаться исправить."
         restricted_object.cpp
         object_handler.cpp
         D:\STSoC-3.0\ogsr_engine\xrGame\space_restriction_bridge_inline.h(26) :  TODO :   "Dima to Dima : _Warning : this place can be optimized in case of a slowdown"
         object_handler_planner.cpp
         D:\STSoC-3.0\ogsr_engine\xrGame\space_restriction_bridge_inline.h(26) :  TODO :   "Dima to Dima : _Warning : this place can be optimized in case of a slowdown"
         object_handler_planner_missile.cpp
         D:\STSoC-3.0\ogsr_engine\xrGame\object_handler_planner.cpp(427) :  TODO :   "Dima to Dima : safe, but not optimal!"
         D:\STSoC-3.0\ogsr_engine\xrGame\object_handler_planner.cpp(439) :  TODO :   "Dima to Dima : safe, but not optimal!"
         object_handler_planner_weapon.cpp
         object_actions.cpp
         object_property_evaluators.cpp
         script_world_state_script.cpp
         script_world_property_script.cpp
         sight_manager.cpp
         sight_action.cpp
         sound_player.cpp
         sound_collection_storage.cpp
         space_restriction_manager.cpp
         D:\STSoC-3.0\ogsr_engine\xrGame\space_restriction_bridge_inline.h(26) :  TODO :   "Dima to Dima : _Warning : this place can be optimized in case of a slowdown"
         space_restriction.cpp
         space_restriction_holder.cpp
         space_restriction_base.cpp
         space_restriction_bridge.cpp
         D:\STSoC-3.0\ogsr_engine\xrGame\space_restriction_bridge_inline.h(26) :  TODO :   "Dima to Dima : _Warning : this place can be optimized in case of a slowdown"
         D:\STSoC-3.0\ogsr_engine\xrGame\space_restriction_bridge_inline.h(26) :  TODO :   "Dima to Dima : _Warning : this place can be optimized in case of a slowdown"
         D:\STSoC-3.0\ogsr_engine\xrGame\space_restriction_holder.cpp(24) :  TODO :   "SIMP: need fix ASAN report here!"
         D:\STSoC-3.0\ogsr_engine\xrGame\space_restriction_bridge_inline.h(26) :  TODO :   "Dima to Dima : _Warning : this place can be optimized in case of a slowdown"
         space_restriction_composition.cpp
         space_restriction_shape.cpp
         step_manager.cpp
         cover_manager.cpp
         D:\STSoC-3.0\ogsr_engine\xrGame\space_restriction_bridge_inline.h(26) :  TODO :   "Dima to Dima : _Warning : this place can be optimized in case of a slowdown"
         D:\STSoC-3.0\ogsr_engine\xrGame\cover_manager.cpp(67) :  TODO :   "Simp: Раскомментировать когда будет новый TTP"
         cover_point_script.cpp
         dbg_draw_frustum.cpp
         ef_primary.cpp
         ef_pattern.cpp
         ef_storage.cpp
         ef_storage_script.cpp
         agent_manager.cpp
         agent_corpse_manager.cpp
         D:\STSoC-3.0\ogsr_engine\xrGame\ef_primary.cpp(235) :  TODO :   "Dima to Dima : Implement relation function"
         D:\STSoC-3.0\ogsr_engine\xrGame\ef_primary.cpp(241) :  TODO :   "Dima to Dima : Implement greed function"
         D:\STSoC-3.0\ogsr_engine\xrGame\ef_primary.cpp(247) :  TODO :   "Dima to Dima : Implement aggressiveness function"
         D:\STSoC-3.0\ogsr_engine\xrGame\ef_primary.cpp(253) :  TODO :   "Dima to Dima : Implement enemy equipment cost function"
         D:\STSoC-3.0\ogsr_engine\xrGame\ef_primary.cpp(281) :  TODO :   "Dima to Dima : Implement enemy anomality function"
         D:\STSoC-3.0\ogsr_engine\xrGame\ef_primary.cpp(356) :  TODO :   "Dima to Dima : Append ItemDeterioration with non-ALife non-weapon branch"
         D:\STSoC-3.0\ogsr_engine\xrGame\ef_primary.cpp(372) :  TODO :   "Dima to Dima : Append EquipmentPreference with non-ALife branch"
         D:\STSoC-3.0\ogsr_engine\xrGame\ef_primary.cpp(401) :  TODO :   "Dima to Dima : Append MainWeaponPreference with non-ALife branch"
         D:\STSoC-3.0\ogsr_engine\xrGame\ef_primary.cpp(463) :  TODO :   "Dima to Dima : Append ItemValue with non-ALife branch"
         D:\STSoC-3.0\ogsr_engine\xrGame\ef_primary.cpp(479) :  TODO :   "Dima to Dima : Append WeaponAmmoCount with non-ALife branch"
         agent_enemy_manager.cpp
         agent_explosive_manager.cpp
         danger_explosive.cpp
         agent_location_manager.cpp
         danger_location.cpp
         danger_cover_location.cpp
         danger_object_location.cpp
         agent_member_manager.cpp
         agent_memory_manager.cpp
         agent_manager_planner.cpp
         agent_manager_actions.cpp
         agent_manager_properties.cpp
         alife_simulator.cpp
         alife_simulator_script.cpp
         alife_space.cpp
         alife_interaction_manager.cpp
         alife_communication_manager.cpp
         alife_combat_manager.cpp
         alife_anomalous_zone.cpp
         alife_creature_abstract.cpp
         alife_dynamic_object.cpp
         alife_human_abstract.cpp
         alife_human_brain.cpp
         alife_human_brain_script.cpp
         alife_human_object_handler.cpp
         alife_group_abstract.cpp
         alife_monster_abstract.cpp
         alife_monster_base.cpp
         alife_monster_brain.cpp
         alife_monster_brain_script.cpp
         alife_monster_movement_manager.cpp
         alife_monster_movement_manager_script.cpp
         alife_monster_detail_path_manager.cpp
         alife_monster_detail_path_manager_script.cpp
         alife_monster_patrol_path_manager.cpp
         alife_monster_patrol_path_manager_script.cpp
         alife_object.cpp
         alife_online_offline_group.cpp
         alife_smart_zone.cpp
         alife_trader.cpp
         alife_trader_abstract.cpp
         alife_simulator_base.cpp
         alife_simulator_base2.cpp
         alife_simulator_header.cpp
         alife_graph_registry.cpp
         alife_group_registry.cpp
         alife_object_registry.cpp
         alife_schedule_registry.cpp
         alife_smart_terrain_registry.cpp
         alife_spawn_registry.cpp
         alife_spawn_registry_spawn.cpp
         alife_spawn_registry_header.cpp
         server_entity_wrapper.cpp
         alife_story_registry.cpp
         alife_registry_container.cpp
         alife_smart_terrain_task.cpp
         alife_smart_terrain_task_script.cpp
         alife_time_manager.cpp
         alife_update_manager.cpp
         alife_storage_manager.cpp
         alife_surge_manager.cpp
         alife_switch_manager.cpp
         saved_game_wrapper.cpp
         saved_game_wrapper_script.cpp
         CustomMonster.cpp
         CustomMonster_VCPU.cpp
         ai_monsters_misc.cpp
         script_binder.cpp
         D:\STSoC-3.0\ogsr_engine\xrGame\CustomMonster.cpp(462) :  TODO :   "Dima to All : this is FAKE, network is not supported here!"
         script_entity.cpp
         script_object.cpp
         base_monster.cpp
         base_monster_anim.cpp
         base_monster_debug.cpp
         base_monster_feel.cpp
         base_monster_misc.cpp
         base_monster_net.cpp
         base_monster_path.cpp
         base_monster_script.cpp
         base_monster_startup.cpp
         base_monster_think.cpp
         ai_monster_utils.cpp
         monster_corpse_manager.cpp
         monster_enemy_manager.cpp
         ai_monster_bones.cpp
         monster_corpse_memory.cpp
         monster_enemy_memory.cpp
         monster_hit_memory.cpp
         monster_sound_memory.cpp
         ai_monster_squad.cpp
         ai_monster_squad_attack.cpp
         ai_monster_squad_rest.cpp
         ai_monster_squad_manager.cpp
         ai_monster_motion_stats.cpp
         corpse_cover.cpp
         telekinesis.cpp
         telekinetic_object.cpp
         TeleWhirlwind.cpp
         invisibility.cpp
         psy_aura.cpp
         energy_holder.cpp
         monster_event_manager.cpp
         melee_checker.cpp
         monster_morale.cpp
         controlled_actor.cpp
         control_manager.cpp
         control_manager_custom.cpp
         control_animation.cpp
         control_direction.cpp
         control_path_builder.cpp
         control_movement.cpp
         control_animation_base.cpp
         control_animation_base_accel.cpp
         control_animation_base_load.cpp
         control_animation_base_update.cpp
         control_direction_base.cpp
         control_path_builder_base.cpp
         control_path_builder_base_path.cpp
         control_path_builder_base_set.cpp
         control_path_builder_base_update.cpp
         control_movement_base.cpp
         control_sequencer.cpp
         control_melee_jump.cpp
         control_rotation_jump.cpp
         anim_triple.cpp
         control_jump.cpp
         control_run_attack.cpp
         control_threaten.cpp
         control_critical_wound.cpp
         anomaly_detector.cpp
         monster_cover_manager.cpp
         monster_home.cpp
         D:\STSoC-3.0\ogsr_engine\xrGame\space_restriction_bridge_inline.h(26) :  TODO :   "Dima to Dima : _Warning : this place can be optimized in case of a slowdown"
         bloodsucker.cpp
         bloodsucker_state_manager.cpp
         bloodsucker_vampire_effector.cpp
         bloodsucker_script.cpp
         bloodsucker_alien.cpp
         D:\STSoC-3.0\ogsr_engine\xrGame\ai\Monsters\Bloodsucker\bloodsucker.cpp(627) :  TODO :   "KRodin: тут недоперенесено из ЗП, очевидно."
         boar.cpp
         boar_state_manager.cpp
         boar_script.cpp
         ai_crow.cpp
         flesh.cpp
         flesh_state_manager.cpp
         flesh_script.cpp
         pseudodog.cpp
         pseudodog_state_manager.cpp
         psy_dog.cpp
         psy_dog_aura.cpp
         psy_dog_state_manager.cpp
         pseudodog_script.cpp
         burer.cpp
         burer_state_manager.cpp
         burer_script.cpp
         burer_fast_gravi.cpp
         chimera.cpp
         chimera_state_manager.cpp
         chimera_script.cpp
         pseudo_gigant.cpp
         pseudo_gigant_step_effector.cpp
         pseudogigant_state_manager.cpp
         pseudogigant_script.cpp
         poltergeist.cpp
         poltergeist_movement.cpp
         poltergeist_state_manager.cpp
         poltergeist_script.cpp
         poltergeist_ability.cpp
         poltergeist_flame_thrower.cpp
         poltergeist_telekinesis.cpp
         zombie.cpp
         zombie_state_manager.cpp
         zombie_script.cpp
         fracture.cpp
         fracture_state_manager.cpp
         fracture_script.cpp
         snork.cpp
         snork_state_manager.cpp
         snork_script.cpp
         controller.cpp
         controller_psy_aura.cpp
         controller_state_manager.cpp
         controller_script.cpp
         controller_animation.cpp
         controller_direction.cpp
         controller_psy_hit.cpp
         cat.cpp
         cat_state_manager.cpp
         cat_script.cpp
         tushkano.cpp
         tushkano_state_manager.cpp
         tushkano_script.cpp
         phantom.cpp
         dog.cpp
         dog_state_manager.cpp
         dog_script.cpp
         ai_trader.cpp
         ai_trader_script.cpp
         trader_animation.cpp
         ai_stalker.cpp
         ai_stalker_script.cpp
         stalker_animation_callbacks.cpp
         stalker_animation_global.cpp
         D:\STSoC-3.0\ogsr_engine\xrGame\Ai\Stalker\ai_stalker.cpp(290) :  TODO :   "KD: Поскольку весь лут непися пока обрабатывается в скриптах, в этом месте отключено удаление лута"
         stalker_animation_head.cpp
         stalker_animation_legs.cpp
         stalker_animation_manager.cpp
         stalker_animation_manager_debug.cpp
         stalker_animation_manager_update.cpp
         stalker_animation_script.cpp
         stalker_animation_torso.cpp
         stalker_animation_data_storage.cpp
         stalker_animation_data.cpp
         stalker_animation_names.cpp
         stalker_animation_pair.cpp
         stalker_animation_state.cpp
         cover_evaluators.cpp
         stalker_planner.cpp
         stalker_base_action.cpp
         stalker_alife_planner.cpp
         stalker_alife_actions.cpp
         stalker_alife_task_actions.cpp
         stalker_anomaly_planner.cpp
         stalker_anomaly_actions.cpp
         stalker_combat_planner.cpp
         D:\STSoC-3.0\ogsr_engine\xrGame\space_restriction_bridge_inline.h(26) :  TODO :   "Dima to Dima : _Warning : this place can be optimized in case of a slowdown"
         stalker_combat_actions.cpp
         stalker_combat_action_base.cpp
         stalker_kill_wounded_planner.cpp
         stalker_kill_wounded_actions.cpp
         stalker_danger_planner.cpp
         stalker_danger_unknown_planner.cpp
         stalker_danger_unknown_actions.cpp
         stalker_danger_in_direction_planner.cpp
         stalker_danger_in_direction_actions.cpp
         stalker_danger_grenade_planner.cpp
         stalker_danger_grenade_actions.cpp
         stalker_danger_by_sound_planner.cpp
         stalker_danger_by_sound_actions.cpp
         stalker_danger_property_evaluators.cpp
         stalker_death_planner.cpp
         stalker_death_actions.cpp
         stalker_property_evaluators.cpp
         stalker_movement_manager.cpp
         stalker_velocity_collection.cpp
         stalker_velocity_holder.cpp
         ai_stalker_alife.cpp
         ai_stalker_cover.cpp
         ai_stalker_debug.cpp
         ai_stalker_events.cpp
         ai_stalker_feel.cpp
         ai_stalker_fire.cpp
         ai_stalker_misc.cpp
         ai_stalker_script_entity.cpp
         D:\STSoC-3.0\ogsr_engine\xrGame\Ai\Stalker\ai_stalker_fire.cpp(271) :  TODO :   "Dima to Dima : forward-back bone impulse direction has been determined incorrectly!"
         stalker_sound_data_visitor.cpp
         D:\STSoC-3.0\ogsr_engine\xrGame\ai\stalker\ai_stalker_script_entity.cpp(39) :  TODO :   "Dima to Dima : Return correct medikit"
         D:\STSoC-3.0\ogsr_engine\xrGame\ai\stalker\ai_stalker_script_entity.cpp(45) :  TODO :   "Dima to Dima : Return correct food"
         stalker_sound_data.cpp
         game_graph_script.cpp
         level_graph.cpp
         level_graph_debug.cpp
         level_graph_debug2.cpp
         level_graph_vertex.cpp
         patrol_path.cpp
         patrol_path_storage.cpp
         D:\STSoC-3.0\ogsr_engine\xrGame\space_restriction_bridge_inline.h(26) :  TODO :   "Dima to Dima : _Warning : this place can be optimized in case of a slowdown"
         patrol_point.cpp
         script_abstract_action.cpp
         script_movement_action.cpp
         script_movement_action_script.cpp
         patrol_path_params.cpp
         patrol_path_params_script.cpp
         script_watch_action.cpp
         script_watch_action_script.cpp
         script_animation_action.cpp
         script_animation_action_script.cpp
         script_sound_action.cpp
         script_sound_action_script.cpp
         script_particle_action.cpp
         script_particle_action_script.cpp
         particle_params.cpp
         particle_params_script.cpp
         script_object_action.cpp
         script_object_action_script.cpp
         script_action_condition.cpp
         script_action_condition_script.cpp
         script_monster_action.cpp
         script_monster_action_script.cpp
         script_entity_action.cpp
         script_entity_action_script.cpp
         script_binder_object.cpp
         script_binder_object_script.cpp
         script_binder_object_wrapper.cpp
         script_effector.cpp
         script_effector_script.cpp
         script_effector_wrapper.cpp
         script_flags_script.cpp
         script_fmatrix_script.cpp
         script_fvector_script.cpp
         script_game_object.cpp
         script_game_object2.cpp
         script_game_object3.cpp
         script_game_object4.cpp
         D:\STSoC-3.0\ogsr_engine\xrGame\script_game_object2.cpp(173) :  TODO :   "Dima to Dima : find out why user defined conversion operators work incorrect"
         script_game_object_inventory_owner.cpp
         script_game_object_script.cpp
         script_game_object_script2.cpp
         script_game_object_script3.cpp
         script_game_object_script_trader.cpp
         script_game_object_trader.cpp
         script_game_object_use.cpp
         script_game_object_use2.cpp
         script_hit.cpp
         script_hit_script.cpp
         script_ini_file_script.cpp
         script_monster_hit_info_script.cpp
         script_net_packet_script.cpp
         script_render_device_script.cpp
         script_sound.cpp
         script_sound_script.cpp
         script_sound_info_script.cpp
         script_sound_type_script.cpp
         ScriptXMLInit.cpp
         ui_export_script.cpp
         key_binding_registrator_script.cpp
         script_reader_script.cpp
         fs_registrator_script.cpp
         console_registrator_script.cpp
         base_client_classes_script.cpp
         script_lanim.cpp
         script_fcolor_script.cpp
         script_particles.cpp
         script_particles_script.cpp
         script_engine.cpp
         script_engine_export.cpp
         D:\STSoC-3.0\ogsr_engine\xrGame\base_client_classes_script.cpp(22) :  TODO :   "KRodin: так и хочется порезать четыре говнофункции ниже. Какой-то недоэкспорт непонятно для чего нужный."
         script_engine_help.cpp
         script_engine_script.cpp
         ai_sounds.cpp
         ai_space.cpp
         CameraFirstEye.cpp
         cameralook.cpp
         ActorEffector.cpp
         ActorEffector_script.cpp
         EffectorBobbing.cpp
         EffectorFall.cpp
         SleepEffector.cpp
         ai_monster_effector.cpp
         pp_effector_custom.cpp
         pp_effector_distance.cpp
         PostprocessAnimator.cpp
         zone_effector.cpp
         EffectorShot.cpp
         EffectorShotX.cpp
         EffectorZoomInertion.cpp
         GamePersistent.cpp
         Level.cpp
         Level_input.cpp
         D:\STSoC-3.0\ogsr_engine\xrGame\space_restriction_bridge_inline.h(26) :  TODO :   "Dima to Dima : _Warning : this place can be optimized in case of a slowdown"
         Level_load.cpp
         Level_network.cpp
         Level_network_messages.cpp
         Level_network_spawn.cpp
         D:\STSoC-3.0\ogsr_engine\xrGame\space_restriction_bridge_inline.h(26) :  TODO :   "Dima to Dima : _Warning : this place can be optimized in case of a slowdown"
         Level_network_start_client.cpp
         level_script.cpp
         Level_SLS_Default.cpp
         Level_SLS_Load.cpp
         Level_SLS_Save.cpp
         Level_start.cpp
         Level_Bullet_Manager.cpp
         Level_bullet_manager_firetrace.cpp
         Tracer.cpp
         seniority_hierarchy_holder.cpp
         D:\STSoC-3.0\ogsr_engine\xrGame\Level_Bullet_Manager.cpp(267) :  TODO :   "а как насчет bullet->speed==0"
         team_hierarchy_holder.cpp
         squad_hierarchy_holder.cpp
         group_hierarchy_holder.cpp
         client_spawn_manager.cpp
         client_spawn_manager_script.cpp
         level_sounds.cpp
         debug_renderer.cpp
         xr_level_controller.cpp
         level_debug.cpp
         Actor.cpp
         actor_communication.cpp
         Actor_Events.cpp
         Actor_Feel.cpp
         D:\STSoC-3.0\ogsr_engine\xrGame\Actor_Events.cpp(27) :  TODO :   "KRodin: заменить на прямые вызовы вместо этих всратых ивентов!"
         D:\STSoC-3.0\ogsr_engine\xrGame\Actor.cpp(629) :  TODO :   "Dima to Dima : forward-back bone impulse direction has been determined incorrectly!"
         D:\STSoC-3.0\ogsr_engine\xrGame\Actor.cpp(842) :  TODO :   "Simp: подумать над тем что передавать в y и w"
         actor_input_handler.cpp
         Actor_Movement.cpp
         Actor_Network.cpp
         D:\STSoC-3.0\ogsr_engine\xrGame\Actor_Movement.cpp(109) :  TODO :   "KRodin: этот код работает некорректно, условие срабатывает при входе-выходе из присяда. Из-за этого происходит 'дергание' анимаций оружия. Код этот не сильно важен, я думаю если актор застрянет - он все равно не будет двигаться."
         Actor_Weapon.cpp
         ActorAnimation.cpp
         ActorCameras.cpp
         D:\STSoC-3.0\ogsr_engine\xrGame\Actor_Network.cpp(233) :  TODO :   "Dima to MadMax : do not comment inventory owner net_Destroy!!!"
         ActorCondition.cpp
         ActorInput.cpp
         ActorMountedWeapon.cpp
         ActorVehicle.cpp
         actor_memory.cpp
         Entity.cpp
         entity_alive.cpp
         EntityCondition.cpp
         D:\STSoC-3.0\ogsr_engine\xrGame\Entity.cpp(143) :  TODO :   "Jim to Dima: no specific figures or comments needed"
         hit_immunity.cpp
         Wound.cpp
         GameObject.cpp
         holder_custom.cpp
         holder_custom_script.cpp
         ParticlesPlayer.cpp
         UsableScriptObject.cpp
         PHCollideValidator.cpp
         PHSkeleton.cpp
         PHDestroyable.cpp
         PHDestroyableNotificate.cpp
         PhysicsSkeletonObject.cpp
         PhysicsShellHolder.cpp
         ClimableObject.cpp
         BreakableObject.cpp
         PHCollisionDamageReceiver.cpp
         DestroyablePhysicsObject.cpp
         PhysicObject.cpp
         PhysicObject_script.cpp
         HangingLamp.cpp
         InfoPortion.cpp
         GameTask.cpp
         GameTask_script.cpp
         GametaskManager.cpp
         encyclopedia_article.cpp
         AI_PhraseDialogManager.cpp
         Phrase.cpp
         PhraseDialog.cpp
         PhraseDialog_script.cpp
         PhraseDialogManager.cpp
         PhraseScript.cpp
         game_news.cpp
         actor_statistic_mgr.cpp
         D:\STSoC-3.0\ogsr_engine\xrGame\game_news.cpp(54) :  TODO :   "Satan->Satan : insert carry-over"
         Inventory.cpp
         D:\STSoC-3.0\ogsr_engine\xrGame\PhraseScript.cpp(49) :  TODO :   "Andy->Andy how to check infoportion existence in XML ?"
         attachable_item.cpp
         attachment_owner.cpp
         eatable_item.cpp
         eatable_item_object.cpp
         inventory_item.cpp
         inventory_item_object.cpp
         inventory_owner_info.cpp
         InventoryOwner.cpp
         character_community.cpp
         D:\STSoC-3.0\ogsr_engine\xrGame\inventory_item.cpp(518) :  TODO :   "TO ALL: serious performance problem"
         D:\STSoC-3.0\ogsr_engine\xrGame\inventory_item.cpp(583) :  TODO :   "Dima to Andy : why CInventoryItem::CanTrade can be called for the item, which doesn't have owner?"
         character_info.cpp
         character_rank.cpp
         character_reputation.cpp
         monster_community.cpp
         specific_character.cpp
         relation_registry.cpp
         relation_registry_actions.cpp
         relation_registry_fights.cpp
         trade_parameters.cpp
         purchase_list.cpp
         physic_item.cpp
         ShootingObject.cpp
         Weapon.cpp
         WeaponDispersion.cpp
         WeaponFire.cpp
         D:\STSoC-3.0\ogsr_engine\xrGame\WeaponFire.cpp(28) :  TODO :   "KRodin: мне кажется, или здесь должно быть && вместо & ? Надо б посмотреть, работает ли оно вообще."
         D:\STSoC-3.0\ogsr_engine\xrGame\Weapon.cpp(4008) :  TODO :   "WTF???"
         WeaponAmmo.cpp
         WeaponCustomPistol.cpp
         WeaponPistol.cpp
         Grenade.cpp
         Missile.cpp
         WeaponMagazined.cpp
         WeaponMagazinedWGrenade.cpp
         D:\STSoC-3.0\ogsr_engine\xrGame\Grenade.cpp(300) :  TODO :   "Dima to Yura : It crashes, because on net_Spawn object doesn't use AI locations, but on net_Destroy it does use them"
         Scope.cpp
         Silencer.cpp
         GrenadeLauncher.cpp
         CustomRocket.cpp
         ExplosiveRocket.cpp
         RocketLauncher.cpp
         WeaponWalther.cpp
         WeaponVintorez.cpp
         WeaponKnife.cpp
         WeaponKnife_script.cpp
         WeaponGroza.cpp
         RGD5.cpp
         WeaponVal.cpp
         WeaponUSP45.cpp
         Bolt.cpp
         WeaponSVU.cpp
         WeaponRPG7.cpp
         WeaponRPG7_script.cpp
         F1.cpp
         WeaponSVD.cpp
         WeaponAK74.cpp
         WeaponLR300.cpp
         WeaponFN2000.cpp
         WeaponHPSA.cpp
         WeaponHPSA_script.cpp
         WeaponPM.cpp
         WeaponBinoculars.cpp
         WeaponBinoculars_script.cpp
         WeaponBinocularsVision.cpp
         WeaponShotgun.cpp
         weaponshotgun_script.cpp
         WeaponFORT.cpp
         WeaponRG6.cpp
         WeaponRG6_script.cpp
         weaponBM16.cpp
         weaponBM16_script.cpp
         WeaponMounted.cpp
         WeaponStatMgun.cpp
         WeaponStatMgunFire.cpp
         WeaponStatMgunIR.cpp
         artefact_script.cpp
         Artifact.cpp
         MercuryBall.cpp
         GraviArtifact.cpp
         BlackDrops.cpp
         Needles.cpp
         BastArtifact.cpp
         BlackGraviArtifact.cpp
         DummyArtifact.cpp
         ZudaArtifact.cpp
         ThornArtifact.cpp
         FadedBall.cpp
         ElectricBall.cpp
         RustyHairArtifact.cpp
         GalantineArtifact.cpp
         CustomDetector.cpp
         SimpleDetector.cpp
         Torch.cpp
         torch_script.cpp
         D:\STSoC-3.0\ogsr_engine\xrGame\Torch.cpp(343) :  TODO :   "Simp: Добавить отдельную команду/настройку?"
         PDA.cpp
         antirad.cpp
         BottleItem.cpp
         FoodItem.cpp
         medkit.cpp
         BoneProtections.cpp
         CustomOutfit.cpp
         ExoOutfit.cpp
         MilitaryOutfit.cpp
         ScientificOutfit.cpp
         StalkerOutfit.cpp
         InfoDocument.cpp
         hud_item_object.cpp
         HudItem.cpp
         HudSound.cpp
         Explosive.cpp
         ExplosiveItem.cpp
         ExplosiveScript.cpp
         wallmark_manager.cpp
         searchlight.cpp
         trade.cpp
         trade2.cpp
         CustomZone.cpp
         GraviZone.cpp
         level_changer.cpp
         Mincer.cpp
         mincer_script.cpp
         MosquitoBald.cpp
         MosquitoBald_script.cpp
         RadioactiveZone.cpp
         script_zone.cpp
         script_zone_script.cpp
         TorridZone.cpp
         ZoneVisual.cpp
         space_restrictor.cpp
         HairsZone.cpp
         HairsZone_script.cpp
         D:\STSoC-3.0\ogsr_engine\xrGame\space_restriction_bridge_inline.h(26) :  TODO :   "Dima to Dima : _Warning : this place can be optimized in case of a slowdown"
         AmebaZone.cpp
         NoGravityZone.cpp
         map_location.cpp
         map_manager.cpp
         Car.cpp
         CarCameras.cpp
         CarDamageParticles.cpp
         D:\STSoC-3.0\ogsr_engine\xrGame\Car.cpp(851) :  TODO :   " replace below by P_build_Shell or call inherited"
         CarDoors.cpp
         CarExhaust.cpp
         CarInput.cpp
         CarLights.cpp
         CarScript.cpp
         CarSound.cpp
         CarWheels.cpp
         DBG_Car.cpp
         CarWeapon.cpp
         car_memory.cpp
         D:\STSoC-3.0\ogsr_engine\xrGame\CarWeapon.cpp(221) :  TODO :   "KRodin: а может тут сразу возвращать id стреляющего, а не машины?"
         Helicopter.cpp
         Helicopter2.cpp
         helicopter_script.cpp
         HelicopterMovementManager.cpp
         D:\STSoC-3.0\ogsr_engine\xrGame\Helicopter2.cpp(221) :  TODO :   "KRodin: а почему только хиты от актора, сталкеров и аномалий передаются в каллбек? Почему бы не передавать хиты от любвх объектов? Надо подумать над этим."
         HelicopterWeapon.cpp
         DelayedActionFuse.cpp
         InventoryBox.cpp
         ParticlesObject.cpp
         xrGame.cpp
         console_commands.cpp
         date_time.cpp
         xrgame_dll_detach.cpp
         object_factory.cpp
         object_factory_register.cpp
         object_factory_script.cpp
         object_item_script.cpp
         string_table.cpp
         xrServer.cpp
         xrServer_balance.cpp
         game_base.cpp
         game_cl_single.cpp
         game_cl_base.cpp
         game_sv_base.cpp
         game_sv_base_script.cpp
         game_sv_event_queue.cpp
         xr_time.cpp
         game_sv_single.cpp
         xrServer_CL_connect.cpp
         xrServer_Connect.cpp
         xrServer_Disconnect.cpp
         xrServer_Factory.cpp
         xrServer_Objects_Abstract.cpp
         xrServer_Object_Base.cpp
         xrServer_Objects.cpp
         xrServer_Objects_script.cpp
         xrServer_Objects_script2.cpp
         xrServer_Objects_ALife.cpp
         xrServer_Objects_ALife_script.cpp
         xrServer_Objects_ALife_script2.cpp
         xrServer_Objects_ALife_script3.cpp
         xrServer_Objects_ALife_Items.cpp
         xrServer_Objects_ALife_Items_script.cpp
         xrServer_Objects_ALife_Items_script2.cpp
         xrServer_Objects_ALife_Items_script3.cpp
         xrServer_Objects_ALife_Monsters.cpp
         xrServer_Objects_ALife_Monsters_script.cpp
         xrServer_Objects_ALife_Monsters_script2.cpp
         xrserver_objects_alife_monsters_script3.cpp
         xrServer_Objects_ALife_Monsters_script4.cpp
         xrServer_perform_GameExport.cpp
         xrServer_perform_RPgen.cpp
         xrServer_perform_sls_default.cpp
         xrServer_perform_sls_save.cpp
         xrServer_perform_transfer.cpp
         xrServer_sls_clear.cpp
         xrServer_process_event.cpp
         xrServer_process_event_destroy.cpp
         xrServer_process_event_ownership.cpp
         xrServer_process_event_reject.cpp
         D:\STSoC-3.0\ogsr_engine\xrGame\xrServer_process_event.cpp(13) :  TODO :   "KRodin: заменить на прямые вызовы вместо этих всратых ивентов!"
         xrServer_process_spawn.cpp
         xrServer_process_update.cpp
         PHDebug.cpp
         PHWorld.cpp
         PHWorldScript.cpp
         Physics.cpp
         physics_game.cpp
         PhysicsGamePars.cpp
         PHShellCreator.cpp
         PHStaticGeomShell.cpp
         MathUtils.cpp
         PHDynamicData.cpp
         PHInterpolation.cpp
         PHContactBodyEffector.cpp
         PHNetState.cpp
         PHMoveStorage.cpp
         DisablingParams.cpp
         PHDisabling.cpp
         PHActorCharacter.cpp
         PHMovementDynamicActivate.cpp
         PHAICharacter.cpp
         PHCapture.cpp
         PHCaptureInit.cpp
         PHMovementControl.cpp
         ElevatorState.cpp
         PHSimpleCharacter.cpp
         PHCharacter.cpp
         PhysicsShell.cpp
         PhysicsShellScript.cpp
         PhysicsShellAnimator.cpp
         animation_movement_controller.cpp
         PHElement.cpp
         PHElementNetState.cpp
         PHJoint.cpp
         PHShell.cpp
         D:\STSoC-3.0\ogsr_engine\xrGame\PHElement.cpp(1116) :  TODO :   remake it using Geometry functions
         PHShellActivate.cpp
         ShellHit.cpp
         PHFracture.cpp
         PHJointDestroyInfo.cpp
         PHShellSplitter.cpp
         D:\STSoC-3.0\ogsr_engine\xrGame\ShellHit.cpp(17) :  TODO :   "Kosya to kosya:this code shold treat all hit types"
         PHSplitedShell.cpp
         PHObject.cpp
         Geometry.cpp
         PHGeometryOwner.cpp
         PHIsland.cpp
         PHCommander.cpp
         PHScriptCall.cpp
         PHSimpleCalls.cpp
         PHSimpleCallsScript.cpp
         character_hit_animations.cpp
         CharacterPhysicsSupport.cpp
         death_anims.cpp
         interactive_motion.cpp
         dTriBox.cpp
         dTriCylinder.cpp
         dTriList.cpp
         dTriSphere.cpp
         dCylinder.cpp
         dRayMotions.cpp
         DamagableItem.cpp
         PHSoundPlayer.cpp
         PHActivationShape.cpp
         Hit.cpp
         aint.cxx
         Dof7control.cpp
         eqn.cxx
         eulersolver.cxx
         ik_anim_state.cpp
         IKLimb.cpp
         IKLimbsController.cpp
         jtlimits.cxx
         limb.cxx
         math3d.cpp
         mathTrig.cpp
         MainMenu.cpp
         UI.cpp
         ui_base.cpp
         UIDialogHolder.cpp
         UIInventoryWnd.cpp
         UIWeaponModWnd.cpp
         uiinventorywnd2.cpp
         UIInventoryWnd3.cpp
         UIOutfitSlot.cpp
         UITradeWnd.cpp
         UIPdaAux.cpp
         UIPdaContactsWnd.cpp
         UIPdaListItem.cpp
         UIPdaWnd.cpp
         map_hint.cpp
         map_spot.cpp
         UIMap.cpp
         UIMapWnd.cpp
         UIMapWndActions.cpp
         UITalkDialogWnd.cpp
         UITalkWnd.cpp
         UICarBodyWnd.cpp
         UIDiaryWnd2.cpp
         UIEncyclopediaArticleWnd.cpp
         UIEncyclopediaWnd.cpp
         UINewsItemWnd.cpp
         UINewsWnd.cpp
         UIArtefactPanel.cpp
         UICarPanel.cpp
         UIMainIngameWnd.cpp
         UIMessagesWindow.cpp
         UIMotionIcon.cpp
         UIPdaMsgListItem.cpp
         UIZoneMap.cpp
         UIColorAnimatorWrapper.cpp
         UIActorInfo.cpp
         UIStalkersRankingWnd.cpp
         UIDebugFonts.cpp
         UIOptionsItem.cpp
         D:\STSoC-3.0\ogsr_engine\xrGame\ui\UIOptionsItem.cpp(76) :  TODO :   "KRodin: желательно убрать этот хардкод, как в ЗП, конечно, но пока меня устраивает. Перетаскивать полностью движковые классы опций оттуда я точно не буду."
         UIOptionsManager.cpp
         UIOptionsManagerScript.cpp
         UIEventsWnd.cpp
         UITaskDescrWnd.cpp
         UITaskItem.cpp
         MMSound.cpp
         UIMMShniaga.cpp
         UIEditKeyBind.cpp
         UIKeyBinding.cpp
         UICharacterInfo.cpp
         UIWpnParams.cpp
         ui_af_params.cpp
         UIItemInfo.cpp
         UIOutfitInfo.cpp
         UIInventoryUtilities.cpp
         UIBtnHint.cpp
         UIWndCallback.cpp
         UITextureMaster.cpp
         UIXmlInit.cpp
         xrUIXmlParser.cpp
         UIMessageBox.cpp
         UIMessageBox_script.cpp
         UIMessageBoxEx.cpp
         UIPropertiesBox.cpp
         UIPropertiesBox_script.cpp
         UIAnimatedStatic.cpp
         UICustomItem.cpp
         UIMultiTextStatic.cpp
         UIStatic.cpp
         UIStatic_script.cpp
         UIStaticItem.cpp
         UITextBanner.cpp
         D:\STSoC-3.0\ogsr_engine\xrGame\ui\UIStatic.cpp(558) :  TODO :   "Satan->Satan : need adaptation"
         D:\STSoC-3.0\ogsr_engine\xrGame\ui\UIStatic.cpp(571) :  TODO :   "Satan->Satan : need adaptation"
         UIEditBox.cpp
         UIEditBoxEx.cpp
         UICustomEdit.cpp
         UIEditBox_script.cpp
         UIDialogWnd.cpp
         UIFrameLineWnd.cpp
         UIFrameWindow.cpp
         UIWindow.cpp
         UIWindow_script.cpp
         UIProgressBar.cpp
         UIProgressBar_script.cpp
         UIProgressShape.cpp
         D:\STSoC-3.0\ogsr_engine\xrGame\ui\UIWindow_script.cpp(246) :  TODO :   "KRodin: ивент RADIOBUTTON_SET нигде не вызывается. Надо доделать по необходимости."
         D:\STSoC-3.0\ogsr_engine\xrGame\ui\UIWindow_script.cpp(275) :  TODO :   "KRodin: ивент PDA_CONTACTS_WND_CONTACT_SELECTED нигде не вызывается. Надо доделать по необходимости. Хотя я не очень представляю, для чего он может понадобиться в скриптах."
         UITabButton.cpp
         UITabControl.cpp
         UITabControl_script.cpp
         UITreeViewItem.cpp
         UIScriptWnd.cpp
         UIScriptWnd_script.cpp
         uiscriptwnd_script2.cpp
         UI3tButton.cpp
         UIButton.cpp
         UIButton_script.cpp
         UICheckButton.cpp
         UIRadioButton.cpp
         UIComboBox.cpp
         UIComboBox_script.cpp
         UI_IB_Static.cpp
         UITrackBar.cpp
         UIFrameLine.cpp
         UIFrameRect.cpp
         UIScrollView.cpp
         UIListBox.cpp
         UIListBoxItem.cpp
         UILine.cpp
         UILines.cpp
         UISubLine.cpp
         UICellCustomItems.cpp
         UICellItem.cpp
         UICellItemFactory.cpp
         UIDragDropListEx.cpp
         UILabel.cpp
         UIScrollBar.cpp
         UIScrollBox.cpp
         UICustomSpin.cpp
         UISpinNum.cpp
         UISpinText.cpp
         UIListItem.cpp
         UIListWnd.cpp
         UIListWnd_script.cpp
         UIListItemEx.cpp
         HitMarker.cpp
         HUDManager.cpp
         UIGameCustom.cpp
         UIGameCustom_script.cpp
         UIGameSP.cpp
         UIGameLog.cpp
         HUDCrosshair.cpp
         HUDTarget.cpp
         UICursor.cpp
         UIGameTutorial.cpp
         UIGameTutorialSimpleItem.cpp
         UIGameTutorialVideoItem.cpp
       Lib:
         C:\Program Files\Microsoft Visual Studio\18\Insiders\VC\Tools\MSVC\14.51.36231\bin\HostX64\x64\Lib.exe /OUT:"D:\STSoC-3.0\\ogsr_engine\_LIB\Engine\Release\x64\xrGame.lib" /NOLOGO /MACHINE:X64 /LTCG "D:\STSoC-3.0\\ogsr_engine\_TEMP\Engine\Release\x64\xrGame\random32.obj"
         "D:\STSoC-3.0\\ogsr_engine\_TEMP\Engine\Release\x64\xrGame\script_writer_script.obj"
         "D:\STSoC-3.0\\ogsr_engine\_TEMP\Engine\Release\x64\xrGame\AdvancedDetector.obj"
         "D:\STSoC-3.0\\ogsr_engine\_TEMP\Engine\Release\x64\xrGame\embedded_editor_debug_rt.obj"
         "D:\STSoC-3.0\\ogsr_engine\_TEMP\Engine\Release\x64\xrGame\embedded_editor_game.obj"
         "D:\STSoC-3.0\\ogsr_engine\_TEMP\Engine\Release\x64\xrGame\embedded_editor_helper.obj"
         "D:\STSoC-3.0\\ogsr_engine\_TEMP\Engine\Release\x64\xrGame\embedded_editor_hud.obj"
         "D:\STSoC-3.0\\ogsr_engine\_TEMP\Engine\Release\x64\xrGame\embedded_editor_main.obj"
         "D:\STSoC-3.0\\ogsr_engine\_TEMP\Engine\Release\x64\xrGame\embedded_editor_pos_informer.obj"
         "D:\STSoC-3.0\\ogsr_engine\_TEMP\Engine\Release\x64\xrGame\embedded_editor_settings.obj"
         "D:\STSoC-3.0\\ogsr_engine\_TEMP\Engine\Release\x64\xrGame\embedded_editor_sound_env.obj"
         "D:\STSoC-3.0\\ogsr_engine\_TEMP\Engine\Release\x64\xrGame\embedded_editor_weather.obj"
         "D:\STSoC-3.0\\ogsr_engine\_TEMP\Engine\Release\x64\xrGame\ActorCameraCollision.obj"
         "D:\STSoC-3.0\\ogsr_engine\_TEMP\Engine\Release\x64\xrGame\GeometryBits.obj"
         "D:\STSoC-3.0\\ogsr_engine\_TEMP\Engine\Release\x64\xrGame\anti_aim_ability.obj"
         "D:\STSoC-3.0\\ogsr_engine\_TEMP\Engine\Release\x64\xrGame\monster_aura.obj"
         "D:\STSoC-3.0\\ogsr_engine\_TEMP\Engine\Release\x64\xrGame\damage_manager.obj"
         "D:\STSoC-3.0\\ogsr_engine\_TEMP\Engine\Release\x64\xrGame\action_base_script.obj"
         "D:\STSoC-3.0\\ogsr_engine\_TEMP\Engine\Release\x64\xrGame\derived_client_classes.obj"
         "D:\STSoC-3.0\\ogsr_engine\_TEMP\Engine\Release\x64\xrGame\EliteDetector.obj"
         "D:\STSoC-3.0\\ogsr_engine\_TEMP\Engine\Release\x64\xrGame\IKFoot.obj"
         "D:\STSoC-3.0\\ogsr_engine\_TEMP\Engine\Release\x64\xrGame\ik_calculate_data.obj"
         "D:\STSoC-3.0\\ogsr_engine\_TEMP\Engine\Release\x64\xrGame\ik_dbg_matrix.obj"
         "D:\STSoC-3.0\\ogsr_engine\_TEMP\Engine\Release\x64\xrGame\ik_foot_collider.obj"
         "D:\STSoC-3.0\\ogsr_engine\_TEMP\Engine\Release\x64\xrGame\ik_limb_state.obj"
         "D:\STSoC-3.0\\ogsr_engine\_TEMP\Engine\Release\x64\xrGame\ik_object_shift.obj"
         "D:\STSoC-3.0\\ogsr_engine\_TEMP\Engine\Release\x64\xrGame\InventoryContainer.obj"
         "D:\STSoC-3.0\\ogsr_engine\_TEMP\Engine\Release\x64\xrGame\LevelDebugScript.obj"
         "D:\STSoC-3.0\\ogsr_engine\_TEMP\Engine\Release\x64\xrGame\level_graph_script.obj"
         "D:\STSoC-3.0\\ogsr_engine\_TEMP\Engine\Release\x64\xrGame\physics_shell_animated.obj"
         "D:\STSoC-3.0\\ogsr_engine\_TEMP\Engine\Release\x64\xrGame\player_hud.obj"
         "D:\STSoC-3.0\\ogsr_engine\_TEMP\Engine\Release\x64\xrGame\player_hud_tune.obj"
         "D:\STSoC-3.0\\ogsr_engine\_TEMP\Engine\Release\x64\xrGame\pose_extrapolation.obj"
         "D:\STSoC-3.0\\ogsr_engine\_TEMP\Engine\Release\x64\xrGame\script_action_wrapper.obj"
         "D:\STSoC-3.0\\ogsr_engine\_TEMP\Engine\Release\x64\xrGame\action_planner_script.obj"
         "D:\STSoC-3.0\\ogsr_engine\_TEMP\Engine\Release\x64\xrGame\script_action_planner_wrapper.obj"
         "D:\STSoC-3.0\\ogsr_engine\_TEMP\Engine\Release\x64\xrGame\action_planner_action_script.obj"
         "D:\STSoC-3.0\\ogsr_engine\_TEMP\Engine\Release\x64\xrGame\script_action_planner_action_wrapper.obj"
         "D:\STSoC-3.0\\ogsr_engine\_TEMP\Engine\Release\x64\xrGame\property_storage_script.obj"
         "D:\STSoC-3.0\\ogsr_engine\_TEMP\Engine\Release\x64\xrGame\property_evaluator_script.obj"
         "D:\STSoC-3.0\\ogsr_engine\_TEMP\Engine\Release\x64\xrGame\script_actor.obj"
         "D:\STSoC-3.0\\ogsr_engine\_TEMP\Engine\Release\x64\xrGame\script_game_object_script4.obj"
         "D:\STSoC-3.0\\ogsr_engine\_TEMP\Engine\Release\x64\xrGame\script_property_evaluator_wrapper.obj"
         "D:\STSoC-3.0\\ogsr_engine\_TEMP\Engine\Release\x64\xrGame\material_manager.obj"
         "D:\STSoC-3.0\\ogsr_engine\_TEMP\Engine\Release\x64\xrGame\memory_manager.obj"
         "D:\STSoC-3.0\\ogsr_engine\_TEMP\Engine\Release\x64\xrGame\memory_space_script.obj"
         "D:\STSoC-3.0\\ogsr_engine\_TEMP\Engine\Release\x64\xrGame\item_manager.obj"
         "D:\STSoC-3.0\\ogsr_engine\_TEMP\Engine\Release\x64\xrGame\danger_manager.obj"
         "D:\STSoC-3.0\\ogsr_engine\_TEMP\Engine\Release\x64\xrGame\danger_object.obj"
         "D:\STSoC-3.0\\ogsr_engine\_TEMP\Engine\Release\x64\xrGame\enemy_manager.obj"
         "D:\STSoC-3.0\\ogsr_engine\_TEMP\Engine\Release\x64\xrGame\hit_memory_manager.obj"
         "D:\STSoC-3.0\\ogsr_engine\_TEMP\Engine\Release\x64\xrGame\script_rq_result.obj"
         "D:\STSoC-3.0\\ogsr_engine\_TEMP\Engine\Release\x64\xrGame\script_vars_storage.obj"
         "D:\STSoC-3.0\\ogsr_engine\_TEMP\Engine\Release\x64\xrGame\SimpleDetectorSHOC.obj"
         "D:\STSoC-3.0\\ogsr_engine\_TEMP\Engine\Release\x64\xrGame\sound_memory_manager.obj"
         "D:\STSoC-3.0\\ogsr_engine\_TEMP\Engine\Release\x64\xrGame\steering_behaviour.obj"
         "D:\STSoC-3.0\\ogsr_engine\_TEMP\Engine\Release\x64\xrGame\trajectories.obj"
         "D:\STSoC-3.0\\ogsr_engine\_TEMP\Engine\Release\x64\xrGame\UIHelper.obj"
         "D:\STSoC-3.0\\ogsr_engine\_TEMP\Engine\Release\x64\xrGame\UIIconParams.obj"
         "D:\STSoC-3.0\\ogsr_engine\_TEMP\Engine\Release\x64\xrGame\UILoadingScreen.obj"
         "D:\STSoC-3.0\\ogsr_engine\_TEMP\Engine\Release\x64\xrGame\UIPdaSpot.obj"
         "D:\STSoC-3.0\\ogsr_engine\_TEMP\Engine\Release\x64\xrGame\visual_memory_manager.obj"
         "D:\STSoC-3.0\\ogsr_engine\_TEMP\Engine\Release\x64\xrGame\visual_memory_params.obj"
         "D:\STSoC-3.0\\ogsr_engine\_TEMP\Engine\Release\x64\xrGame\vision_client.obj"
         "D:\STSoC-3.0\\ogsr_engine\_TEMP\Engine\Release\x64\xrGame\movement_manager.obj"
         "D:\STSoC-3.0\\ogsr_engine\_TEMP\Engine\Release\x64\xrGame\movement_manager_game.obj"
         "D:\STSoC-3.0\\ogsr_engine\_TEMP\Engine\Release\x64\xrGame\movement_manager_level.obj"
         "D:\STSoC-3.0\\ogsr_engine\_TEMP\Engine\Release\x64\xrGame\movement_manager_patrol.obj"
         "D:\STSoC-3.0\\ogsr_engine\_TEMP\Engine\Release\x64\xrGame\movement_manager_physic.obj"
         "D:\STSoC-3.0\\ogsr_engine\_TEMP\Engine\Release\x64\xrGame\location_manager.obj"
         "D:\STSoC-3.0\\ogsr_engine\_TEMP\Engine\Release\x64\xrGame\detail_path_manager.obj"
         "D:\STSoC-3.0\\ogsr_engine\_TEMP\Engine\Release\x64\xrGame\detail_path_manager_smooth.obj"
         "D:\STSoC-3.0\\ogsr_engine\_TEMP\Engine\Release\x64\xrGame\patrol_path_manager.obj"
         "D:\STSoC-3.0\\ogsr_engine\_TEMP\Engine\Release\x64\xrGame\restricted_object.obj"
         "D:\STSoC-3.0\\ogsr_engine\_TEMP\Engine\Release\x64\xrGame\object_handler.obj"
         "D:\STSoC-3.0\\ogsr_engine\_TEMP\Engine\Release\x64\xrGame\object_handler_planner.obj"
         "D:\STSoC-3.0\\ogsr_engine\_TEMP\Engine\Release\x64\xrGame\object_handler_planner_missile.obj"
         "D:\STSoC-3.0\\ogsr_engine\_TEMP\Engine\Release\x64\xrGame\object_handler_planner_weapon.obj"
         "D:\STSoC-3.0\\ogsr_engine\_TEMP\Engine\Release\x64\xrGame\object_actions.obj"
         "D:\STSoC-3.0\\ogsr_engine\_TEMP\Engine\Release\x64\xrGame\object_property_evaluators.obj"
         "D:\STSoC-3.0\\ogsr_engine\_TEMP\Engine\Release\x64\xrGame\script_world_state_script.obj"
         "D:\STSoC-3.0\\ogsr_engine\_TEMP\Engine\Release\x64\xrGame\script_world_property_script.obj"
         "D:\STSoC-3.0\\ogsr_engine\_TEMP\Engine\Release\x64\xrGame\sight_manager.obj"
         "D:\STSoC-3.0\\ogsr_engine\_TEMP\Engine\Release\x64\xrGame\sight_action.obj"
         "D:\STSoC-3.0\\ogsr_engine\_TEMP\Engine\Release\x64\xrGame\sound_player.obj"
         "D:\STSoC-3.0\\ogsr_engine\_TEMP\Engine\Release\x64\xrGame\sound_collection_storage.obj"
         "D:\STSoC-3.0\\ogsr_engine\_TEMP\Engine\Release\x64\xrGame\space_restriction_manager.obj"
         "D:\STSoC-3.0\\ogsr_engine\_TEMP\Engine\Release\x64\xrGame\space_restriction.obj"
         "D:\STSoC-3.0\\ogsr_engine\_TEMP\Engine\Release\x64\xrGame\space_restriction_holder.obj"
         "D:\STSoC-3.0\\ogsr_engine\_TEMP\Engine\Release\x64\xrGame\space_restriction_base.obj"
         "D:\STSoC-3.0\\ogsr_engine\_TEMP\Engine\Release\x64\xrGame\space_restriction_bridge.obj"
         "D:\STSoC-3.0\\ogsr_engine\_TEMP\Engine\Release\x64\xrGame\space_restriction_composition.obj"
         "D:\STSoC-3.0\\ogsr_engine\_TEMP\Engine\Release\x64\xrGame\space_restriction_shape.obj"
         "D:\STSoC-3.0\\ogsr_engine\_TEMP\Engine\Release\x64\xrGame\step_manager.obj"
         "D:\STSoC-3.0\\ogsr_engine\_TEMP\Engine\Release\x64\xrGame\cover_manager.obj"
         "D:\STSoC-3.0\\ogsr_engine\_TEMP\Engine\Release\x64\xrGame\cover_point_script.obj"
         "D:\STSoC-3.0\\ogsr_engine\_TEMP\Engine\Release\x64\xrGame\dbg_draw_frustum.obj"
         "D:\STSoC-3.0\\ogsr_engine\_TEMP\Engine\Release\x64\xrGame\ef_primary.obj"
         "D:\STSoC-3.0\\ogsr_engine\_TEMP\Engine\Release\x64\xrGame\ef_pattern.obj"
         "D:\STSoC-3.0\\ogsr_engine\_TEMP\Engine\Release\x64\xrGame\ef_storage.obj"
         "D:\STSoC-3.0\\ogsr_engine\_TEMP\Engine\Release\x64\xrGame\ef_storage_script.obj"
         "D:\STSoC-3.0\\ogsr_engine\_TEMP\Engine\Release\x64\xrGame\agent_manager.obj"
         "D:\STSoC-3.0\\ogsr_engine\_TEMP\Engine\Release\x64\xrGame\agent_corpse_manager.obj"
         "D:\STSoC-3.0\\ogsr_engine\_TEMP\Engine\Release\x64\xrGame\agent_enemy_manager.obj"
         "D:\STSoC-3.0\\ogsr_engine\_TEMP\Engine\Release\x64\xrGame\agent_explosive_manager.obj"
         "D:\STSoC-3.0\\ogsr_engine\_TEMP\Engine\Release\x64\xrGame\danger_explosive.obj"
         "D:\STSoC-3.0\\ogsr_engine\_TEMP\Engine\Release\x64\xrGame\agent_location_manager.obj"
         "D:\STSoC-3.0\\ogsr_engine\_TEMP\Engine\Release\x64\xrGame\danger_location.obj"
         "D:\STSoC-3.0\\ogsr_engine\_TEMP\Engine\Release\x64\xrGame\danger_cover_location.obj"
         "D:\STSoC-3.0\\ogsr_engine\_TEMP\Engine\Release\x64\xrGame\danger_object_location.obj"
         "D:\STSoC-3.0\\ogsr_engine\_TEMP\Engine\Release\x64\xrGame\agent_member_manager.obj"
         "D:\STSoC-3.0\\ogsr_engine\_TEMP\Engine\Release\x64\xrGame\agent_memory_manager.obj"
         "D:\STSoC-3.0\\ogsr_engine\_TEMP\Engine\Release\x64\xrGame\agent_manager_planner.obj"
         "D:\STSoC-3.0\\ogsr_engine\_TEMP\Engine\Release\x64\xrGame\agent_manager_actions.obj"
         "D:\STSoC-3.0\\ogsr_engine\_TEMP\Engine\Release\x64\xrGame\agent_manager_properties.obj"
         "D:\STSoC-3.0\\ogsr_engine\_TEMP\Engine\Release\x64\xrGame\alife_simulator.obj"
         "D:\STSoC-3.0\\ogsr_engine\_TEMP\Engine\Release\x64\xrGame\alife_simulator_script.obj"
         "D:\STSoC-3.0\\ogsr_engine\_TEMP\Engine\Release\x64\xrGame\alife_space.obj"
         "D:\STSoC-3.0\\ogsr_engine\_TEMP\Engine\Release\x64\xrGame\alife_interaction_manager.obj"
         "D:\STSoC-3.0\\ogsr_engine\_TEMP\Engine\Release\x64\xrGame\alife_communication_manager.obj"
         "D:\STSoC-3.0\\ogsr_engine\_TEMP\Engine\Release\x64\xrGame\alife_combat_manager.obj"
         "D:\STSoC-3.0\\ogsr_engine\_TEMP\Engine\Release\x64\xrGame\alife_anomalous_zone.obj"
         "D:\STSoC-3.0\\ogsr_engine\_TEMP\Engine\Release\x64\xrGame\alife_creature_abstract.obj"
         "D:\STSoC-3.0\\ogsr_engine\_TEMP\Engine\Release\x64\xrGame\alife_dynamic_object.obj"
         "D:\STSoC-3.0\\ogsr_engine\_TEMP\Engine\Release\x64\xrGame\alife_human_abstract.obj"
         "D:\STSoC-3.0\\ogsr_engine\_TEMP\Engine\Release\x64\xrGame\alife_human_brain.obj"
         "D:\STSoC-3.0\\ogsr_engine\_TEMP\Engine\Release\x64\xrGame\alife_human_brain_script.obj"
         "D:\STSoC-3.0\\ogsr_engine\_TEMP\Engine\Release\x64\xrGame\alife_human_object_handler.obj"
         "D:\STSoC-3.0\\ogsr_engine\_TEMP\Engine\Release\x64\xrGame\alife_group_abstract.obj"
         "D:\STSoC-3.0\\ogsr_engine\_TEMP\Engine\Release\x64\xrGame\alife_monster_abstract.obj"
         "D:\STSoC-3.0\\ogsr_engine\_TEMP\Engine\Release\x64\xrGame\alife_monster_base.obj"
         "D:\STSoC-3.0\\ogsr_engine\_TEMP\Engine\Release\x64\xrGame\alife_monster_brain.obj"
         "D:\STSoC-3.0\\ogsr_engine\_TEMP\Engine\Release\x64\xrGame\alife_monster_brain_script.obj"
         "D:\STSoC-3.0\\ogsr_engine\_TEMP\Engine\Release\x64\xrGame\alife_monster_movement_manager.obj"
         "D:\STSoC-3.0\\ogsr_engine\_TEMP\Engine\Release\x64\xrGame\alife_monster_movement_manager_script.obj"
         "D:\STSoC-3.0\\ogsr_engine\_TEMP\Engine\Release\x64\xrGame\alife_monster_detail_path_manager.obj"
         "D:\STSoC-3.0\\ogsr_engine\_TEMP\Engine\Release\x64\xrGame\alife_monster_detail_path_manager_script.obj"
         "D:\STSoC-3.0\\ogsr_engine\_TEMP\Engine\Release\x64\xrGame\alife_monster_patrol_path_manager.obj"
         "D:\STSoC-3.0\\ogsr_engine\_TEMP\Engine\Release\x64\xrGame\alife_monster_patrol_path_manager_script.obj"
         "D:\STSoC-3.0\\ogsr_engine\_TEMP\Engine\Release\x64\xrGame\alife_object.obj"
         "D:\STSoC-3.0\\ogsr_engine\_TEMP\Engine\Release\x64\xrGame\alife_online_offline_group.obj"
         "D:\STSoC-3.0\\ogsr_engine\_TEMP\Engine\Release\x64\xrGame\alife_smart_zone.obj"
         "D:\STSoC-3.0\\ogsr_engine\_TEMP\Engine\Release\x64\xrGame\alife_trader.obj"
         "D:\STSoC-3.0\\ogsr_engine\_TEMP\Engine\Release\x64\xrGame\alife_trader_abstract.obj"
         "D:\STSoC-3.0\\ogsr_engine\_TEMP\Engine\Release\x64\xrGame\alife_simulator_base.obj"
         "D:\STSoC-3.0\\ogsr_engine\_TEMP\Engine\Release\x64\xrGame\alife_simulator_base2.obj"
         "D:\STSoC-3.0\\ogsr_engine\_TEMP\Engine\Release\x64\xrGame\alife_simulator_header.obj"
         "D:\STSoC-3.0\\ogsr_engine\_TEMP\Engine\Release\x64\xrGame\alife_graph_registry.obj"
         "D:\STSoC-3.0\\ogsr_engine\_TEMP\Engine\Release\x64\xrGame\alife_group_registry.obj"
         "D:\STSoC-3.0\\ogsr_engine\_TEMP\Engine\Release\x64\xrGame\alife_object_registry.obj"
         "D:\STSoC-3.0\\ogsr_engine\_TEMP\Engine\Release\x64\xrGame\alife_schedule_registry.obj"
         "D:\STSoC-3.0\\ogsr_engine\_TEMP\Engine\Release\x64\xrGame\alife_smart_terrain_registry.obj"
         "D:\STSoC-3.0\\ogsr_engine\_TEMP\Engine\Release\x64\xrGame\alife_spawn_registry.obj"
         "D:\STSoC-3.0\\ogsr_engine\_TEMP\Engine\Release\x64\xrGame\alife_spawn_registry_spawn.obj"
         "D:\STSoC-3.0\\ogsr_engine\_TEMP\Engine\Release\x64\xrGame\alife_spawn_registry_header.obj"
         "D:\STSoC-3.0\\ogsr_engine\_TEMP\Engine\Release\x64\xrGame\server_entity_wrapper.obj"
         "D:\STSoC-3.0\\ogsr_engine\_TEMP\Engine\Release\x64\xrGame\alife_story_registry.obj"
         "D:\STSoC-3.0\\ogsr_engine\_TEMP\Engine\Release\x64\xrGame\alife_registry_container.obj"
         "D:\STSoC-3.0\\ogsr_engine\_TEMP\Engine\Release\x64\xrGame\alife_smart_terrain_task.obj"
         "D:\STSoC-3.0\\ogsr_engine\_TEMP\Engine\Release\x64\xrGame\alife_smart_terrain_task_script.obj"
         "D:\STSoC-3.0\\ogsr_engine\_TEMP\Engine\Release\x64\xrGame\alife_time_manager.obj"
         "D:\STSoC-3.0\\ogsr_engine\_TEMP\Engine\Release\x64\xrGame\alife_update_manager.obj"
         "D:\STSoC-3.0\\ogsr_engine\_TEMP\Engine\Release\x64\xrGame\alife_storage_manager.obj"
         "D:\STSoC-3.0\\ogsr_engine\_TEMP\Engine\Release\x64\xrGame\alife_surge_manager.obj"
         "D:\STSoC-3.0\\ogsr_engine\_TEMP\Engine\Release\x64\xrGame\alife_switch_manager.obj"
         "D:\STSoC-3.0\\ogsr_engine\_TEMP\Engine\Release\x64\xrGame\saved_game_wrapper.obj"
         "D:\STSoC-3.0\\ogsr_engine\_TEMP\Engine\Release\x64\xrGame\saved_game_wrapper_script.obj"
         "D:\STSoC-3.0\\ogsr_engine\_TEMP\Engine\Release\x64\xrGame\CustomMonster.obj"
         "D:\STSoC-3.0\\ogsr_engine\_TEMP\Engine\Release\x64\xrGame\CustomMonster_VCPU.obj"
         "D:\STSoC-3.0\\ogsr_engine\_TEMP\Engine\Release\x64\xrGame\ai_monsters_misc.obj"
         "D:\STSoC-3.0\\ogsr_engine\_TEMP\Engine\Release\x64\xrGame\script_binder.obj"
         "D:\STSoC-3.0\\ogsr_engine\_TEMP\Engine\Release\x64\xrGame\script_entity.obj"
         "D:\STSoC-3.0\\ogsr_engine\_TEMP\Engine\Release\x64\xrGame\script_object.obj"
         "D:\STSoC-3.0\\ogsr_engine\_TEMP\Engine\Release\x64\xrGame\base_monster.obj"
         "D:\STSoC-3.0\\ogsr_engine\_TEMP\Engine\Release\x64\xrGame\base_monster_anim.obj"
         "D:\STSoC-3.0\\ogsr_engine\_TEMP\Engine\Release\x64\xrGame\base_monster_debug.obj"
         "D:\STSoC-3.0\\ogsr_engine\_TEMP\Engine\Release\x64\xrGame\base_monster_feel.obj"
         "D:\STSoC-3.0\\ogsr_engine\_TEMP\Engine\Release\x64\xrGame\base_monster_misc.obj"
         "D:\STSoC-3.0\\ogsr_engine\_TEMP\Engine\Release\x64\xrGame\base_monster_net.obj"
         "D:\STSoC-3.0\\ogsr_engine\_TEMP\Engine\Release\x64\xrGame\base_monster_path.obj"
         "D:\STSoC-3.0\\ogsr_engine\_TEMP\Engine\Release\x64\xrGame\base_monster_script.obj"
         "D:\STSoC-3.0\\ogsr_engine\_TEMP\Engine\Release\x64\xrGame\base_monster_startup.obj"
         "D:\STSoC-3.0\\ogsr_engine\_TEMP\Engine\Release\x64\xrGame\base_monster_think.obj"
         "D:\STSoC-3.0\\ogsr_engine\_TEMP\Engine\Release\x64\xrGame\ai_monster_utils.obj"
         "D:\STSoC-3.0\\ogsr_engine\_TEMP\Engine\Release\x64\xrGame\monster_corpse_manager.obj"
         "D:\STSoC-3.0\\ogsr_engine\_TEMP\Engine\Release\x64\xrGame\monster_enemy_manager.obj"
         "D:\STSoC-3.0\\ogsr_engine\_TEMP\Engine\Release\x64\xrGame\ai_monster_bones.obj"
         "D:\STSoC-3.0\\ogsr_engine\_TEMP\Engine\Release\x64\xrGame\monster_corpse_memory.obj"
         "D:\STSoC-3.0\\ogsr_engine\_TEMP\Engine\Release\x64\xrGame\monster_enemy_memory.obj"
         "D:\STSoC-3.0\\ogsr_engine\_TEMP\Engine\Release\x64\xrGame\monster_hit_memory.obj"
         "D:\STSoC-3.0\\ogsr_engine\_TEMP\Engine\Release\x64\xrGame\monster_sound_memory.obj"
         "D:\STSoC-3.0\\ogsr_engine\_TEMP\Engine\Release\x64\xrGame\ai_monster_squad.obj"
         "D:\STSoC-3.0\\ogsr_engine\_TEMP\Engine\Release\x64\xrGame\ai_monster_squad_attack.obj"
         "D:\STSoC-3.0\\ogsr_engine\_TEMP\Engine\Release\x64\xrGame\ai_monster_squad_rest.obj"
         "D:\STSoC-3.0\\ogsr_engine\_TEMP\Engine\Release\x64\xrGame\ai_monster_squad_manager.obj"
         "D:\STSoC-3.0\\ogsr_engine\_TEMP\Engine\Release\x64\xrGame\ai_monster_motion_stats.obj"
         "D:\STSoC-3.0\\ogsr_engine\_TEMP\Engine\Release\x64\xrGame\corpse_cover.obj"
         "D:\STSoC-3.0\\ogsr_engine\_TEMP\Engine\Release\x64\xrGame\telekinesis.obj"
         "D:\STSoC-3.0\\ogsr_engine\_TEMP\Engine\Release\x64\xrGame\telekinetic_object.obj"
         "D:\STSoC-3.0\\ogsr_engine\_TEMP\Engine\Release\x64\xrGame\TeleWhirlwind.obj"
         "D:\STSoC-3.0\\ogsr_engine\_TEMP\Engine\Release\x64\xrGame\invisibility.obj"
         "D:\STSoC-3.0\\ogsr_engine\_TEMP\Engine\Release\x64\xrGame\psy_aura.obj"
         "D:\STSoC-3.0\\ogsr_engine\_TEMP\Engine\Release\x64\xrGame\energy_holder.obj"
         "D:\STSoC-3.0\\ogsr_engine\_TEMP\Engine\Release\x64\xrGame\monster_event_manager.obj"
         "D:\STSoC-3.0\\ogsr_engine\_TEMP\Engine\Release\x64\xrGame\melee_checker.obj"
         "D:\STSoC-3.0\\ogsr_engine\_TEMP\Engine\Release\x64\xrGame\monster_morale.obj"
         "D:\STSoC-3.0\\ogsr_engine\_TEMP\Engine\Release\x64\xrGame\controlled_actor.obj"
         "D:\STSoC-3.0\\ogsr_engine\_TEMP\Engine\Release\x64\xrGame\control_manager.obj"
         "D:\STSoC-3.0\\ogsr_engine\_TEMP\Engine\Release\x64\xrGame\control_manager_custom.obj"
         "D:\STSoC-3.0\\ogsr_engine\_TEMP\Engine\Release\x64\xrGame\control_animation.obj"
         "D:\STSoC-3.0\\ogsr_engine\_TEMP\Engine\Release\x64\xrGame\control_direction.obj"
         "D:\STSoC-3.0\\ogsr_engine\_TEMP\Engine\Release\x64\xrGame\control_path_builder.obj"
         "D:\STSoC-3.0\\ogsr_engine\_TEMP\Engine\Release\x64\xrGame\control_movement.obj"
         "D:\STSoC-3.0\\ogsr_engine\_TEMP\Engine\Release\x64\xrGame\control_animation_base.obj"
         "D:\STSoC-3.0\\ogsr_engine\_TEMP\Engine\Release\x64\xrGame\control_animation_base_accel.obj"
         "D:\STSoC-3.0\\ogsr_engine\_TEMP\Engine\Release\x64\xrGame\control_animation_base_load.obj"
         "D:\STSoC-3.0\\ogsr_engine\_TEMP\Engine\Release\x64\xrGame\control_animation_base_update.obj"
         "D:\STSoC-3.0\\ogsr_engine\_TEMP\Engine\Release\x64\xrGame\control_direction_base.obj"
         "D:\STSoC-3.0\\ogsr_engine\_TEMP\Engine\Release\x64\xrGame\control_path_builder_base.obj"
         "D:\STSoC-3.0\\ogsr_engine\_TEMP\Engine\Release\x64\xrGame\control_path_builder_base_path.obj"
         "D:\STSoC-3.0\\ogsr_engine\_TEMP\Engine\Release\x64\xrGame\control_path_builder_base_set.obj"
         "D:\STSoC-3.0\\ogsr_engine\_TEMP\Engine\Release\x64\xrGame\control_path_builder_base_update.obj"
         "D:\STSoC-3.0\\ogsr_engine\_TEMP\Engine\Release\x64\xrGame\control_movement_base.obj"
         "D:\STSoC-3.0\\ogsr_engine\_TEMP\Engine\Release\x64\xrGame\control_sequencer.obj"
         "D:\STSoC-3.0\\ogsr_engine\_TEMP\Engine\Release\x64\xrGame\control_melee_jump.obj"
         "D:\STSoC-3.0\\ogsr_engine\_TEMP\Engine\Release\x64\xrGame\control_rotation_jump.obj"
         "D:\STSoC-3.0\\ogsr_engine\_TEMP\Engine\Release\x64\xrGame\anim_triple.obj"
         "D:\STSoC-3.0\\ogsr_engine\_TEMP\Engine\Release\x64\xrGame\control_jump.obj"
         "D:\STSoC-3.0\\ogsr_engine\_TEMP\Engine\Release\x64\xrGame\control_run_attack.obj"
         "D:\STSoC-3.0\\ogsr_engine\_TEMP\Engine\Release\x64\xrGame\control_threaten.obj"
         "D:\STSoC-3.0\\ogsr_engine\_TEMP\Engine\Release\x64\xrGame\control_critical_wound.obj"
         "D:\STSoC-3.0\\ogsr_engine\_TEMP\Engine\Release\x64\xrGame\anomaly_detector.obj"
         "D:\STSoC-3.0\\ogsr_engine\_TEMP\Engine\Release\x64\xrGame\monster_cover_manager.obj"
         "D:\STSoC-3.0\\ogsr_engine\_TEMP\Engine\Release\x64\xrGame\monster_home.obj"
         "D:\STSoC-3.0\\ogsr_engine\_TEMP\Engine\Release\x64\xrGame\bloodsucker.obj"
         "D:\STSoC-3.0\\ogsr_engine\_TEMP\Engine\Release\x64\xrGame\bloodsucker_state_manager.obj"
         "D:\STSoC-3.0\\ogsr_engine\_TEMP\Engine\Release\x64\xrGame\bloodsucker_vampire_effector.obj"
         "D:\STSoC-3.0\\ogsr_engine\_TEMP\Engine\Release\x64\xrGame\bloodsucker_script.obj"
         "D:\STSoC-3.0\\ogsr_engine\_TEMP\Engine\Release\x64\xrGame\bloodsucker_alien.obj"
         "D:\STSoC-3.0\\ogsr_engine\_TEMP\Engine\Release\x64\xrGame\boar.obj"
         "D:\STSoC-3.0\\ogsr_engine\_TEMP\Engine\Release\x64\xrGame\boar_state_manager.obj"
         "D:\STSoC-3.0\\ogsr_engine\_TEMP\Engine\Release\x64\xrGame\boar_script.obj"
         "D:\STSoC-3.0\\ogsr_engine\_TEMP\Engine\Release\x64\xrGame\ai_crow.obj"
         "D:\STSoC-3.0\\ogsr_engine\_TEMP\Engine\Release\x64\xrGame\flesh.obj"
         "D:\STSoC-3.0\\ogsr_engine\_TEMP\Engine\Release\x64\xrGame\flesh_state_manager.obj"
         "D:\STSoC-3.0\\ogsr_engine\_TEMP\Engine\Release\x64\xrGame\flesh_script.obj"
         "D:\STSoC-3.0\\ogsr_engine\_TEMP\Engine\Release\x64\xrGame\pseudodog.obj"
         "D:\STSoC-3.0\\ogsr_engine\_TEMP\Engine\Release\x64\xrGame\pseudodog_state_manager.obj"
         "D:\STSoC-3.0\\ogsr_engine\_TEMP\Engine\Release\x64\xrGame\psy_dog.obj"
         "D:\STSoC-3.0\\ogsr_engine\_TEMP\Engine\Release\x64\xrGame\psy_dog_aura.obj"
         "D:\STSoC-3.0\\ogsr_engine\_TEMP\Engine\Release\x64\xrGame\psy_dog_state_manager.obj"
         "D:\STSoC-3.0\\ogsr_engine\_TEMP\Engine\Release\x64\xrGame\pseudodog_script.obj"
         "D:\STSoC-3.0\\ogsr_engine\_TEMP\Engine\Release\x64\xrGame\burer.obj"
         "D:\STSoC-3.0\\ogsr_engine\_TEMP\Engine\Release\x64\xrGame\burer_state_manager.obj"
         "D:\STSoC-3.0\\ogsr_engine\_TEMP\Engine\Release\x64\xrGame\burer_script.obj"
         "D:\STSoC-3.0\\ogsr_engine\_TEMP\Engine\Release\x64\xrGame\burer_fast_gravi.obj"
         "D:\STSoC-3.0\\ogsr_engine\_TEMP\Engine\Release\x64\xrGame\chimera.obj"
         "D:\STSoC-3.0\\ogsr_engine\_TEMP\Engine\Release\x64\xrGame\chimera_state_manager.obj"
         "D:\STSoC-3.0\\ogsr_engine\_TEMP\Engine\Release\x64\xrGame\chimera_script.obj"
         "D:\STSoC-3.0\\ogsr_engine\_TEMP\Engine\Release\x64\xrGame\pseudo_gigant.obj"
         "D:\STSoC-3.0\\ogsr_engine\_TEMP\Engine\Release\x64\xrGame\pseudo_gigant_step_effector.obj"
         "D:\STSoC-3.0\\ogsr_engine\_TEMP\Engine\Release\x64\xrGame\pseudogigant_state_manager.obj"
         "D:\STSoC-3.0\\ogsr_engine\_TEMP\Engine\Release\x64\xrGame\pseudogigant_script.obj"
         "D:\STSoC-3.0\\ogsr_engine\_TEMP\Engine\Release\x64\xrGame\poltergeist.obj"
         "D:\STSoC-3.0\\ogsr_engine\_TEMP\Engine\Release\x64\xrGame\poltergeist_movement.obj"
         "D:\STSoC-3.0\\ogsr_engine\_TEMP\Engine\Release\x64\xrGame\poltergeist_state_manager.obj"
         "D:\STSoC-3.0\\ogsr_engine\_TEMP\Engine\Release\x64\xrGame\poltergeist_script.obj"
         "D:\STSoC-3.0\\ogsr_engine\_TEMP\Engine\Release\x64\xrGame\poltergeist_ability.obj"
         "D:\STSoC-3.0\\ogsr_engine\_TEMP\Engine\Release\x64\xrGame\poltergeist_flame_thrower.obj"
         "D:\STSoC-3.0\\ogsr_engine\_TEMP\Engine\Release\x64\xrGame\poltergeist_telekinesis.obj"
         "D:\STSoC-3.0\\ogsr_engine\_TEMP\Engine\Release\x64\xrGame\zombie.obj"
         "D:\STSoC-3.0\\ogsr_engine\_TEMP\Engine\Release\x64\xrGame\zombie_state_manager.obj"
         "D:\STSoC-3.0\\ogsr_engine\_TEMP\Engine\Release\x64\xrGame\zombie_script.obj"
         "D:\STSoC-3.0\\ogsr_engine\_TEMP\Engine\Release\x64\xrGame\fracture.obj"
         "D:\STSoC-3.0\\ogsr_engine\_TEMP\Engine\Release\x64\xrGame\fracture_state_manager.obj"
         "D:\STSoC-3.0\\ogsr_engine\_TEMP\Engine\Release\x64\xrGame\fracture_script.obj"
         "D:\STSoC-3.0\\ogsr_engine\_TEMP\Engine\Release\x64\xrGame\snork.obj"
         "D:\STSoC-3.0\\ogsr_engine\_TEMP\Engine\Release\x64\xrGame\snork_state_manager.obj"
         "D:\STSoC-3.0\\ogsr_engine\_TEMP\Engine\Release\x64\xrGame\snork_script.obj"
         "D:\STSoC-3.0\\ogsr_engine\_TEMP\Engine\Release\x64\xrGame\controller.obj"
         "D:\STSoC-3.0\\ogsr_engine\_TEMP\Engine\Release\x64\xrGame\controller_psy_aura.obj"
         "D:\STSoC-3.0\\ogsr_engine\_TEMP\Engine\Release\x64\xrGame\controller_state_manager.obj"
         "D:\STSoC-3.0\\ogsr_engine\_TEMP\Engine\Release\x64\xrGame\controller_script.obj"
         "D:\STSoC-3.0\\ogsr_engine\_TEMP\Engine\Release\x64\xrGame\controller_animation.obj"
         "D:\STSoC-3.0\\ogsr_engine\_TEMP\Engine\Release\x64\xrGame\controller_direction.obj"
         "D:\STSoC-3.0\\ogsr_engine\_TEMP\Engine\Release\x64\xrGame\controller_psy_hit.obj"
         "D:\STSoC-3.0\\ogsr_engine\_TEMP\Engine\Release\x64\xrGame\cat.obj"
         "D:\STSoC-3.0\\ogsr_engine\_TEMP\Engine\Release\x64\xrGame\cat_state_manager.obj"
         "D:\STSoC-3.0\\ogsr_engine\_TEMP\Engine\Release\x64\xrGame\cat_script.obj"
         "D:\STSoC-3.0\\ogsr_engine\_TEMP\Engine\Release\x64\xrGame\tushkano.obj"
         "D:\STSoC-3.0\\ogsr_engine\_TEMP\Engine\Release\x64\xrGame\tushkano_state_manager.obj"
         "D:\STSoC-3.0\\ogsr_engine\_TEMP\Engine\Release\x64\xrGame\tushkano_script.obj"
         "D:\STSoC-3.0\\ogsr_engine\_TEMP\Engine\Release\x64\xrGame\phantom.obj"
         "D:\STSoC-3.0\\ogsr_engine\_TEMP\Engine\Release\x64\xrGame\dog.obj"
         "D:\STSoC-3.0\\ogsr_engine\_TEMP\Engine\Release\x64\xrGame\dog_state_manager.obj"
         "D:\STSoC-3.0\\ogsr_engine\_TEMP\Engine\Release\x64\xrGame\dog_script.obj"
         "D:\STSoC-3.0\\ogsr_engine\_TEMP\Engine\Release\x64\xrGame\ai_trader.obj"
         "D:\STSoC-3.0\\ogsr_engine\_TEMP\Engine\Release\x64\xrGame\ai_trader_script.obj"
         "D:\STSoC-3.0\\ogsr_engine\_TEMP\Engine\Release\x64\xrGame\trader_animation.obj"
         "D:\STSoC-3.0\\ogsr_engine\_TEMP\Engine\Release\x64\xrGame\ai_stalker.obj"
         "D:\STSoC-3.0\\ogsr_engine\_TEMP\Engine\Release\x64\xrGame\ai_stalker_script.obj"
         "D:\STSoC-3.0\\ogsr_engine\_TEMP\Engine\Release\x64\xrGame\stalker_animation_callbacks.obj"
         "D:\STSoC-3.0\\ogsr_engine\_TEMP\Engine\Release\x64\xrGame\stalker_animation_global.obj"
         "D:\STSoC-3.0\\ogsr_engine\_TEMP\Engine\Release\x64\xrGame\stalker_animation_head.obj"
         "D:\STSoC-3.0\\ogsr_engine\_TEMP\Engine\Release\x64\xrGame\stalker_animation_legs.obj"
         "D:\STSoC-3.0\\ogsr_engine\_TEMP\Engine\Release\x64\xrGame\stalker_animation_manager.obj"
         "D:\STSoC-3.0\\ogsr_engine\_TEMP\Engine\Release\x64\xrGame\stalker_animation_manager_debug.obj"
         "D:\STSoC-3.0\\ogsr_engine\_TEMP\Engine\Release\x64\xrGame\stalker_animation_manager_update.obj"
         "D:\STSoC-3.0\\ogsr_engine\_TEMP\Engine\Release\x64\xrGame\stalker_animation_script.obj"
         "D:\STSoC-3.0\\ogsr_engine\_TEMP\Engine\Release\x64\xrGame\stalker_animation_torso.obj"
         "D:\STSoC-3.0\\ogsr_engine\_TEMP\Engine\Release\x64\xrGame\stalker_animation_data_storage.obj"
         "D:\STSoC-3.0\\ogsr_engine\_TEMP\Engine\Release\x64\xrGame\stalker_animation_data.obj"
         "D:\STSoC-3.0\\ogsr_engine\_TEMP\Engine\Release\x64\xrGame\stalker_animation_names.obj"
         "D:\STSoC-3.0\\ogsr_engine\_TEMP\Engine\Release\x64\xrGame\stalker_animation_pair.obj"
         "D:\STSoC-3.0\\ogsr_engine\_TEMP\Engine\Release\x64\xrGame\stalker_animation_state.obj"
         "D:\STSoC-3.0\\ogsr_engine\_TEMP\Engine\Release\x64\xrGame\cover_evaluators.obj"
         "D:\STSoC-3.0\\ogsr_engine\_TEMP\Engine\Release\x64\xrGame\stalker_planner.obj"
         "D:\STSoC-3.0\\ogsr_engine\_TEMP\Engine\Release\x64\xrGame\stalker_base_action.obj"
         "D:\STSoC-3.0\\ogsr_engine\_TEMP\Engine\Release\x64\xrGame\stalker_alife_planner.obj"
         "D:\STSoC-3.0\\ogsr_engine\_TEMP\Engine\Release\x64\xrGame\stalker_alife_actions.obj"
         "D:\STSoC-3.0\\ogsr_engine\_TEMP\Engine\Release\x64\xrGame\stalker_alife_task_actions.obj"
         "D:\STSoC-3.0\\ogsr_engine\_TEMP\Engine\Release\x64\xrGame\stalker_anomaly_planner.obj"
         "D:\STSoC-3.0\\ogsr_engine\_TEMP\Engine\Release\x64\xrGame\stalker_anomaly_actions.obj"
         "D:\STSoC-3.0\\ogsr_engine\_TEMP\Engine\Release\x64\xrGame\stalker_combat_planner.obj"
         "D:\STSoC-3.0\\ogsr_engine\_TEMP\Engine\Release\x64\xrGame\stalker_combat_actions.obj"
         "D:\STSoC-3.0\\ogsr_engine\_TEMP\Engine\Release\x64\xrGame\stalker_combat_action_base.obj"
         "D:\STSoC-3.0\\ogsr_engine\_TEMP\Engine\Release\x64\xrGame\stalker_kill_wounded_planner.obj"
         "D:\STSoC-3.0\\ogsr_engine\_TEMP\Engine\Release\x64\xrGame\stalker_kill_wounded_actions.obj"
         "D:\STSoC-3.0\\ogsr_engine\_TEMP\Engine\Release\x64\xrGame\stalker_danger_planner.obj"
         "D:\STSoC-3.0\\ogsr_engine\_TEMP\Engine\Release\x64\xrGame\stalker_danger_unknown_planner.obj"
         "D:\STSoC-3.0\\ogsr_engine\_TEMP\Engine\Release\x64\xrGame\stalker_danger_unknown_actions.obj"
         "D:\STSoC-3.0\\ogsr_engine\_TEMP\Engine\Release\x64\xrGame\stalker_danger_in_direction_planner.obj"
         "D:\STSoC-3.0\\ogsr_engine\_TEMP\Engine\Release\x64\xrGame\stalker_danger_in_direction_actions.obj"
         "D:\STSoC-3.0\\ogsr_engine\_TEMP\Engine\Release\x64\xrGame\stalker_danger_grenade_planner.obj"
         "D:\STSoC-3.0\\ogsr_engine\_TEMP\Engine\Release\x64\xrGame\stalker_danger_grenade_actions.obj"
         "D:\STSoC-3.0\\ogsr_engine\_TEMP\Engine\Release\x64\xrGame\stalker_danger_by_sound_planner.obj"
         "D:\STSoC-3.0\\ogsr_engine\_TEMP\Engine\Release\x64\xrGame\stalker_danger_by_sound_actions.obj"
         "D:\STSoC-3.0\\ogsr_engine\_TEMP\Engine\Release\x64\xrGame\stalker_danger_property_evaluators.obj"
         "D:\STSoC-3.0\\ogsr_engine\_TEMP\Engine\Release\x64\xrGame\stalker_death_planner.obj"
         "D:\STSoC-3.0\\ogsr_engine\_TEMP\Engine\Release\x64\xrGame\stalker_death_actions.obj"
         "D:\STSoC-3.0\\ogsr_engine\_TEMP\Engine\Release\x64\xrGame\stalker_property_evaluators.obj"
         "D:\STSoC-3.0\\ogsr_engine\_TEMP\Engine\Release\x64\xrGame\stalker_movement_manager.obj"
         "D:\STSoC-3.0\\ogsr_engine\_TEMP\Engine\Release\x64\xrGame\stalker_velocity_collection.obj"
         "D:\STSoC-3.0\\ogsr_engine\_TEMP\Engine\Release\x64\xrGame\stalker_velocity_holder.obj"
         "D:\STSoC-3.0\\ogsr_engine\_TEMP\Engine\Release\x64\xrGame\ai_stalker_alife.obj"
         "D:\STSoC-3.0\\ogsr_engine\_TEMP\Engine\Release\x64\xrGame\ai_stalker_cover.obj"
         "D:\STSoC-3.0\\ogsr_engine\_TEMP\Engine\Release\x64\xrGame\ai_stalker_debug.obj"
         "D:\STSoC-3.0\\ogsr_engine\_TEMP\Engine\Release\x64\xrGame\ai_stalker_events.obj"
         "D:\STSoC-3.0\\ogsr_engine\_TEMP\Engine\Release\x64\xrGame\ai_stalker_feel.obj"
         "D:\STSoC-3.0\\ogsr_engine\_TEMP\Engine\Release\x64\xrGame\ai_stalker_fire.obj"
         "D:\STSoC-3.0\\ogsr_engine\_TEMP\Engine\Release\x64\xrGame\ai_stalker_misc.obj"
         "D:\STSoC-3.0\\ogsr_engine\_TEMP\Engine\Release\x64\xrGame\ai_stalker_script_entity.obj"
         "D:\STSoC-3.0\\ogsr_engine\_TEMP\Engine\Release\x64\xrGame\stalker_sound_data_visitor.obj"
         "D:\STSoC-3.0\\ogsr_engine\_TEMP\Engine\Release\x64\xrGame\stalker_sound_data.obj"
         "D:\STSoC-3.0\\ogsr_engine\_TEMP\Engine\Release\x64\xrGame\game_graph_script.obj"
         "D:\STSoC-3.0\\ogsr_engine\_TEMP\Engine\Release\x64\xrGame\level_graph.obj"
         "D:\STSoC-3.0\\ogsr_engine\_TEMP\Engine\Release\x64\xrGame\level_graph_debug.obj"
         "D:\STSoC-3.0\\ogsr_engine\_TEMP\Engine\Release\x64\xrGame\level_graph_debug2.obj"
         "D:\STSoC-3.0\\ogsr_engine\_TEMP\Engine\Release\x64\xrGame\level_graph_vertex.obj"
         "D:\STSoC-3.0\\ogsr_engine\_TEMP\Engine\Release\x64\xrGame\patrol_path.obj"
         "D:\STSoC-3.0\\ogsr_engine\_TEMP\Engine\Release\x64\xrGame\patrol_path_storage.obj"
         "D:\STSoC-3.0\\ogsr_engine\_TEMP\Engine\Release\x64\xrGame\patrol_point.obj"
         "D:\STSoC-3.0\\ogsr_engine\_TEMP\Engine\Release\x64\xrGame\script_abstract_action.obj"
         "D:\STSoC-3.0\\ogsr_engine\_TEMP\Engine\Release\x64\xrGame\script_movement_action.obj"
         "D:\STSoC-3.0\\ogsr_engine\_TEMP\Engine\Release\x64\xrGame\script_movement_action_script.obj"
         "D:\STSoC-3.0\\ogsr_engine\_TEMP\Engine\Release\x64\xrGame\patrol_path_params.obj"
         "D:\STSoC-3.0\\ogsr_engine\_TEMP\Engine\Release\x64\xrGame\patrol_path_params_script.obj"
         "D:\STSoC-3.0\\ogsr_engine\_TEMP\Engine\Release\x64\xrGame\script_watch_action.obj"
         "D:\STSoC-3.0\\ogsr_engine\_TEMP\Engine\Release\x64\xrGame\script_watch_action_script.obj"
         "D:\STSoC-3.0\\ogsr_engine\_TEMP\Engine\Release\x64\xrGame\script_animation_action.obj"
         "D:\STSoC-3.0\\ogsr_engine\_TEMP\Engine\Release\x64\xrGame\script_animation_action_script.obj"
         "D:\STSoC-3.0\\ogsr_engine\_TEMP\Engine\Release\x64\xrGame\script_sound_action.obj"
         "D:\STSoC-3.0\\ogsr_engine\_TEMP\Engine\Release\x64\xrGame\script_sound_action_script.obj"
         "D:\STSoC-3.0\\ogsr_engine\_TEMP\Engine\Release\x64\xrGame\script_particle_action.obj"
         "D:\STSoC-3.0\\ogsr_engine\_TEMP\Engine\Release\x64\xrGame\script_particle_action_script.obj"
         "D:\STSoC-3.0\\ogsr_engine\_TEMP\Engine\Release\x64\xrGame\particle_params.obj"
         "D:\STSoC-3.0\\ogsr_engine\_TEMP\Engine\Release\x64\xrGame\particle_params_script.obj"
         "D:\STSoC-3.0\\ogsr_engine\_TEMP\Engine\Release\x64\xrGame\script_object_action.obj"
         "D:\STSoC-3.0\\ogsr_engine\_TEMP\Engine\Release\x64\xrGame\script_object_action_script.obj"
         "D:\STSoC-3.0\\ogsr_engine\_TEMP\Engine\Release\x64\xrGame\script_action_condition.obj"
         "D:\STSoC-3.0\\ogsr_engine\_TEMP\Engine\Release\x64\xrGame\script_action_condition_script.obj"
         "D:\STSoC-3.0\\ogsr_engine\_TEMP\Engine\Release\x64\xrGame\script_monster_action.obj"
         "D:\STSoC-3.0\\ogsr_engine\_TEMP\Engine\Release\x64\xrGame\script_monster_action_script.obj"
         "D:\STSoC-3.0\\ogsr_engine\_TEMP\Engine\Release\x64\xrGame\script_entity_action.obj"
         "D:\STSoC-3.0\\ogsr_engine\_TEMP\Engine\Release\x64\xrGame\script_entity_action_script.obj"
         "D:\STSoC-3.0\\ogsr_engine\_TEMP\Engine\Release\x64\xrGame\script_binder_object.obj"
         "D:\STSoC-3.0\\ogsr_engine\_TEMP\Engine\Release\x64\xrGame\script_binder_object_script.obj"
         "D:\STSoC-3.0\\ogsr_engine\_TEMP\Engine\Release\x64\xrGame\script_binder_object_wrapper.obj"
         "D:\STSoC-3.0\\ogsr_engine\_TEMP\Engine\Release\x64\xrGame\script_effector.obj"
         "D:\STSoC-3.0\\ogsr_engine\_TEMP\Engine\Release\x64\xrGame\script_effector_script.obj"
         "D:\STSoC-3.0\\ogsr_engine\_TEMP\Engine\Release\x64\xrGame\script_effector_wrapper.obj"
         "D:\STSoC-3.0\\ogsr_engine\_TEMP\Engine\Release\x64\xrGame\script_flags_script.obj"
         "D:\STSoC-3.0\\ogsr_engine\_TEMP\Engine\Release\x64\xrGame\script_fmatrix_script.obj"
         "D:\STSoC-3.0\\ogsr_engine\_TEMP\Engine\Release\x64\xrGame\script_fvector_script.obj"
         "D:\STSoC-3.0\\ogsr_engine\_TEMP\Engine\Release\x64\xrGame\script_game_object.obj"
         "D:\STSoC-3.0\\ogsr_engine\_TEMP\Engine\Release\x64\xrGame\script_game_object2.obj"
         "D:\STSoC-3.0\\ogsr_engine\_TEMP\Engine\Release\x64\xrGame\script_game_object3.obj"
         "D:\STSoC-3.0\\ogsr_engine\_TEMP\Engine\Release\x64\xrGame\script_game_object4.obj"
         "D:\STSoC-3.0\\ogsr_engine\_TEMP\Engine\Release\x64\xrGame\script_game_object_inventory_owner.obj"
         "D:\STSoC-3.0\\ogsr_engine\_TEMP\Engine\Release\x64\xrGame\script_game_object_script.obj"
         "D:\STSoC-3.0\\ogsr_engine\_TEMP\Engine\Release\x64\xrGame\script_game_object_script2.obj"
         "D:\STSoC-3.0\\ogsr_engine\_TEMP\Engine\Release\x64\xrGame\script_game_object_script3.obj"
         "D:\STSoC-3.0\\ogsr_engine\_TEMP\Engine\Release\x64\xrGame\script_game_object_script_trader.obj"
         "D:\STSoC-3.0\\ogsr_engine\_TEMP\Engine\Release\x64\xrGame\script_game_object_trader.obj"
         "D:\STSoC-3.0\\ogsr_engine\_TEMP\Engine\Release\x64\xrGame\script_game_object_use.obj"
         "D:\STSoC-3.0\\ogsr_engine\_TEMP\Engine\Release\x64\xrGame\script_game_object_use2.obj"
         "D:\STSoC-3.0\\ogsr_engine\_TEMP\Engine\Release\x64\xrGame\script_hit.obj"
         "D:\STSoC-3.0\\ogsr_engine\_TEMP\Engine\Release\x64\xrGame\script_hit_script.obj"
         "D:\STSoC-3.0\\ogsr_engine\_TEMP\Engine\Release\x64\xrGame\script_ini_file_script.obj"
         "D:\STSoC-3.0\\ogsr_engine\_TEMP\Engine\Release\x64\xrGame\script_monster_hit_info_script.obj"
         "D:\STSoC-3.0\\ogsr_engine\_TEMP\Engine\Release\x64\xrGame\script_net_packet_script.obj"
         "D:\STSoC-3.0\\ogsr_engine\_TEMP\Engine\Release\x64\xrGame\script_render_device_script.obj"
         "D:\STSoC-3.0\\ogsr_engine\_TEMP\Engine\Release\x64\xrGame\script_sound.obj"
         "D:\STSoC-3.0\\ogsr_engine\_TEMP\Engine\Release\x64\xrGame\script_sound_script.obj"
         "D:\STSoC-3.0\\ogsr_engine\_TEMP\Engine\Release\x64\xrGame\script_sound_info_script.obj"
         "D:\STSoC-3.0\\ogsr_engine\_TEMP\Engine\Release\x64\xrGame\script_sound_type_script.obj"
         "D:\STSoC-3.0\\ogsr_engine\_TEMP\Engine\Release\x64\xrGame\ScriptXMLInit.obj"
         "D:\STSoC-3.0\\ogsr_engine\_TEMP\Engine\Release\x64\xrGame\ui_export_script.obj"
         "D:\STSoC-3.0\\ogsr_engine\_TEMP\Engine\Release\x64\xrGame\key_binding_registrator_script.obj"
         "D:\STSoC-3.0\\ogsr_engine\_TEMP\Engine\Release\x64\xrGame\script_reader_script.obj"
         "D:\STSoC-3.0\\ogsr_engine\_TEMP\Engine\Release\x64\xrGame\fs_registrator_script.obj"
         "D:\STSoC-3.0\\ogsr_engine\_TEMP\Engine\Release\x64\xrGame\console_registrator_script.obj"
         "D:\STSoC-3.0\\ogsr_engine\_TEMP\Engine\Release\x64\xrGame\base_client_classes_script.obj"
         "D:\STSoC-3.0\\ogsr_engine\_TEMP\Engine\Release\x64\xrGame\script_lanim.obj"
         "D:\STSoC-3.0\\ogsr_engine\_TEMP\Engine\Release\x64\xrGame\script_fcolor_script.obj"
         "D:\STSoC-3.0\\ogsr_engine\_TEMP\Engine\Release\x64\xrGame\script_particles.obj"
         "D:\STSoC-3.0\\ogsr_engine\_TEMP\Engine\Release\x64\xrGame\script_particles_script.obj"
         "D:\STSoC-3.0\\ogsr_engine\_TEMP\Engine\Release\x64\xrGame\script_engine.obj"
         "D:\STSoC-3.0\\ogsr_engine\_TEMP\Engine\Release\x64\xrGame\script_engine_export.obj"
         "D:\STSoC-3.0\\ogsr_engine\_TEMP\Engine\Release\x64\xrGame\script_engine_help.obj"
         "D:\STSoC-3.0\\ogsr_engine\_TEMP\Engine\Release\x64\xrGame\script_engine_script.obj"
         "D:\STSoC-3.0\\ogsr_engine\_TEMP\Engine\Release\x64\xrGame\ai_sounds.obj"
         "D:\STSoC-3.0\\ogsr_engine\_TEMP\Engine\Release\x64\xrGame\ai_space.obj"
         "D:\STSoC-3.0\\ogsr_engine\_TEMP\Engine\Release\x64\xrGame\StdAfx.obj"
         "D:\STSoC-3.0\\ogsr_engine\_TEMP\Engine\Release\x64\xrGame\CameraFirstEye.obj"
         "D:\STSoC-3.0\\ogsr_engine\_TEMP\Engine\Release\x64\xrGame\cameralook.obj"
         "D:\STSoC-3.0\\ogsr_engine\_TEMP\Engine\Release\x64\xrGame\ActorEffector.obj"
         "D:\STSoC-3.0\\ogsr_engine\_TEMP\Engine\Release\x64\xrGame\ActorEffector_script.obj"
         "D:\STSoC-3.0\\ogsr_engine\_TEMP\Engine\Release\x64\xrGame\EffectorBobbing.obj"
         "D:\STSoC-3.0\\ogsr_engine\_TEMP\Engine\Release\x64\xrGame\EffectorFall.obj"
         "D:\STSoC-3.0\\ogsr_engine\_TEMP\Engine\Release\x64\xrGame\SleepEffector.obj"
         "D:\STSoC-3.0\\ogsr_engine\_TEMP\Engine\Release\x64\xrGame\ai_monster_effector.obj"
         "D:\STSoC-3.0\\ogsr_engine\_TEMP\Engine\Release\x64\xrGame\pp_effector_custom.obj"
         "D:\STSoC-3.0\\ogsr_engine\_TEMP\Engine\Release\x64\xrGame\pp_effector_distance.obj"
         "D:\STSoC-3.0\\ogsr_engine\_TEMP\Engine\Release\x64\xrGame\PostprocessAnimator.obj"
         "D:\STSoC-3.0\\ogsr_engine\_TEMP\Engine\Release\x64\xrGame\zone_effector.obj"
         "D:\STSoC-3.0\\ogsr_engine\_TEMP\Engine\Release\x64\xrGame\EffectorShot.obj"
         "D:\STSoC-3.0\\ogsr_engine\_TEMP\Engine\Release\x64\xrGame\EffectorShotX.obj"
         "D:\STSoC-3.0\\ogsr_engine\_TEMP\Engine\Release\x64\xrGame\EffectorZoomInertion.obj"
         "D:\STSoC-3.0\\ogsr_engine\_TEMP\Engine\Release\x64\xrGame\GamePersistent.obj"
         "D:\STSoC-3.0\\ogsr_engine\_TEMP\Engine\Release\x64\xrGame\Level.obj"
         "D:\STSoC-3.0\\ogsr_engine\_TEMP\Engine\Release\x64\xrGame\Level_input.obj"
         "D:\STSoC-3.0\\ogsr_engine\_TEMP\Engine\Release\x64\xrGame\Level_load.obj"
         "D:\STSoC-3.0\\ogsr_engine\_TEMP\Engine\Release\x64\xrGame\Level_network.obj"
         "D:\STSoC-3.0\\ogsr_engine\_TEMP\Engine\Release\x64\xrGame\Level_network_messages.obj"
         "D:\STSoC-3.0\\ogsr_engine\_TEMP\Engine\Release\x64\xrGame\Level_network_spawn.obj"
         "D:\STSoC-3.0\\ogsr_engine\_TEMP\Engine\Release\x64\xrGame\Level_network_start_client.obj"
         "D:\STSoC-3.0\\ogsr_engine\_TEMP\Engine\Release\x64\xrGame\level_script.obj"
         "D:\STSoC-3.0\\ogsr_engine\_TEMP\Engine\Release\x64\xrGame\Level_SLS_Default.obj"
         "D:\STSoC-3.0\\ogsr_engine\_TEMP\Engine\Release\x64\xrGame\Level_SLS_Load.obj"
         "D:\STSoC-3.0\\ogsr_engine\_TEMP\Engine\Release\x64\xrGame\Level_SLS_Save.obj"
         "D:\STSoC-3.0\\ogsr_engine\_TEMP\Engine\Release\x64\xrGame\Level_start.obj"
         "D:\STSoC-3.0\\ogsr_engine\_TEMP\Engine\Release\x64\xrGame\Level_Bullet_Manager.obj"
         "D:\STSoC-3.0\\ogsr_engine\_TEMP\Engine\Release\x64\xrGame\Level_bullet_manager_firetrace.obj"
         "D:\STSoC-3.0\\ogsr_engine\_TEMP\Engine\Release\x64\xrGame\Tracer.obj"
         "D:\STSoC-3.0\\ogsr_engine\_TEMP\Engine\Release\x64\xrGame\seniority_hierarchy_holder.obj"
         "D:\STSoC-3.0\\ogsr_engine\_TEMP\Engine\Release\x64\xrGame\team_hierarchy_holder.obj"
         "D:\STSoC-3.0\\ogsr_engine\_TEMP\Engine\Release\x64\xrGame\squad_hierarchy_holder.obj"
         "D:\STSoC-3.0\\ogsr_engine\_TEMP\Engine\Release\x64\xrGame\group_hierarchy_holder.obj"
         "D:\STSoC-3.0\\ogsr_engine\_TEMP\Engine\Release\x64\xrGame\client_spawn_manager.obj"
         "D:\STSoC-3.0\\ogsr_engine\_TEMP\Engine\Release\x64\xrGame\client_spawn_manager_script.obj"
         "D:\STSoC-3.0\\ogsr_engine\_TEMP\Engine\Release\x64\xrGame\level_sounds.obj"
         "D:\STSoC-3.0\\ogsr_engine\_TEMP\Engine\Release\x64\xrGame\debug_renderer.obj"
         "D:\STSoC-3.0\\ogsr_engine\_TEMP\Engine\Release\x64\xrGame\xr_level_controller.obj"
         "D:\STSoC-3.0\\ogsr_engine\_TEMP\Engine\Release\x64\xrGame\level_debug.obj"
         "D:\STSoC-3.0\\ogsr_engine\_TEMP\Engine\Release\x64\xrGame\Actor.obj"
         "D:\STSoC-3.0\\ogsr_engine\_TEMP\Engine\Release\x64\xrGame\actor_communication.obj"
         "D:\STSoC-3.0\\ogsr_engine\_TEMP\Engine\Release\x64\xrGame\Actor_Events.obj"
         "D:\STSoC-3.0\\ogsr_engine\_TEMP\Engine\Release\x64\xrGame\Actor_Feel.obj"
         "D:\STSoC-3.0\\ogsr_engine\_TEMP\Engine\Release\x64\xrGame\actor_input_handler.obj"
         "D:\STSoC-3.0\\ogsr_engine\_TEMP\Engine\Release\x64\xrGame\Actor_Movement.obj"
         "D:\STSoC-3.0\\ogsr_engine\_TEMP\Engine\Release\x64\xrGame\Actor_Network.obj"
         "D:\STSoC-3.0\\ogsr_engine\_TEMP\Engine\Release\x64\xrGame\Actor_Weapon.obj"
         "D:\STSoC-3.0\\ogsr_engine\_TEMP\Engine\Release\x64\xrGame\ActorAnimation.obj"
         "D:\STSoC-3.0\\ogsr_engine\_TEMP\Engine\Release\x64\xrGame\ActorCameras.obj"
         "D:\STSoC-3.0\\ogsr_engine\_TEMP\Engine\Release\x64\xrGame\ActorCondition.obj"
         "D:\STSoC-3.0\\ogsr_engine\_TEMP\Engine\Release\x64\xrGame\ActorInput.obj"
         "D:\STSoC-3.0\\ogsr_engine\_TEMP\Engine\Release\x64\xrGame\ActorMountedWeapon.obj"
         "D:\STSoC-3.0\\ogsr_engine\_TEMP\Engine\Release\x64\xrGame\ActorVehicle.obj"
         "D:\STSoC-3.0\\ogsr_engine\_TEMP\Engine\Release\x64\xrGame\actor_memory.obj"
         "D:\STSoC-3.0\\ogsr_engine\_TEMP\Engine\Release\x64\xrGame\Entity.obj"
         "D:\STSoC-3.0\\ogsr_engine\_TEMP\Engine\Release\x64\xrGame\entity_alive.obj"
         "D:\STSoC-3.0\\ogsr_engine\_TEMP\Engine\Release\x64\xrGame\EntityCondition.obj"
         "D:\STSoC-3.0\\ogsr_engine\_TEMP\Engine\Release\x64\xrGame\hit_immunity.obj"
         "D:\STSoC-3.0\\ogsr_engine\_TEMP\Engine\Release\x64\xrGame\Wound.obj"
         "D:\STSoC-3.0\\ogsr_engine\_TEMP\Engine\Release\x64\xrGame\GameObject.obj"
         "D:\STSoC-3.0\\ogsr_engine\_TEMP\Engine\Release\x64\xrGame\holder_custom.obj"
         "D:\STSoC-3.0\\ogsr_engine\_TEMP\Engine\Release\x64\xrGame\holder_custom_script.obj"
         "D:\STSoC-3.0\\ogsr_engine\_TEMP\Engine\Release\x64\xrGame\ParticlesPlayer.obj"
         "D:\STSoC-3.0\\ogsr_engine\_TEMP\Engine\Release\x64\xrGame\UsableScriptObject.obj"
         "D:\STSoC-3.0\\ogsr_engine\_TEMP\Engine\Release\x64\xrGame\PHCollideValidator.obj"
         "D:\STSoC-3.0\\ogsr_engine\_TEMP\Engine\Release\x64\xrGame\PHSkeleton.obj"
         "D:\STSoC-3.0\\ogsr_engine\_TEMP\Engine\Release\x64\xrGame\PHDestroyable.obj"
         "D:\STSoC-3.0\\ogsr_engine\_TEMP\Engine\Release\x64\xrGame\PHDestroyableNotificate.obj"
         "D:\STSoC-3.0\\ogsr_engine\_TEMP\Engine\Release\x64\xrGame\PhysicsSkeletonObject.obj"
         "D:\STSoC-3.0\\ogsr_engine\_TEMP\Engine\Release\x64\xrGame\PhysicsShellHolder.obj"
         "D:\STSoC-3.0\\ogsr_engine\_TEMP\Engine\Release\x64\xrGame\ClimableObject.obj"
         "D:\STSoC-3.0\\ogsr_engine\_TEMP\Engine\Release\x64\xrGame\BreakableObject.obj"
         "D:\STSoC-3.0\\ogsr_engine\_TEMP\Engine\Release\x64\xrGame\PHCollisionDamageReceiver.obj"
         "D:\STSoC-3.0\\ogsr_engine\_TEMP\Engine\Release\x64\xrGame\DestroyablePhysicsObject.obj"
         "D:\STSoC-3.0\\ogsr_engine\_TEMP\Engine\Release\x64\xrGame\PhysicObject.obj"
         "D:\STSoC-3.0\\ogsr_engine\_TEMP\Engine\Release\x64\xrGame\PhysicObject_script.obj"
         "D:\STSoC-3.0\\ogsr_engine\_TEMP\Engine\Release\x64\xrGame\HangingLamp.obj"
         "D:\STSoC-3.0\\ogsr_engine\_TEMP\Engine\Release\x64\xrGame\InfoPortion.obj"
         "D:\STSoC-3.0\\ogsr_engine\_TEMP\Engine\Release\x64\xrGame\GameTask.obj"
         "D:\STSoC-3.0\\ogsr_engine\_TEMP\Engine\Release\x64\xrGame\GameTask_script.obj"
         "D:\STSoC-3.0\\ogsr_engine\_TEMP\Engine\Release\x64\xrGame\GametaskManager.obj"
         "D:\STSoC-3.0\\ogsr_engine\_TEMP\Engine\Release\x64\xrGame\encyclopedia_article.obj"
         "D:\STSoC-3.0\\ogsr_engine\_TEMP\Engine\Release\x64\xrGame\AI_PhraseDialogManager.obj"
         "D:\STSoC-3.0\\ogsr_engine\_TEMP\Engine\Release\x64\xrGame\Phrase.obj"
         "D:\STSoC-3.0\\ogsr_engine\_TEMP\Engine\Release\x64\xrGame\PhraseDialog.obj"
         "D:\STSoC-3.0\\ogsr_engine\_TEMP\Engine\Release\x64\xrGame\PhraseDialog_script.obj"
         "D:\STSoC-3.0\\ogsr_engine\_TEMP\Engine\Release\x64\xrGame\PhraseDialogManager.obj"
         "D:\STSoC-3.0\\ogsr_engine\_TEMP\Engine\Release\x64\xrGame\PhraseScript.obj"
         "D:\STSoC-3.0\\ogsr_engine\_TEMP\Engine\Release\x64\xrGame\game_news.obj"
         "D:\STSoC-3.0\\ogsr_engine\_TEMP\Engine\Release\x64\xrGame\actor_statistic_mgr.obj"
         "D:\STSoC-3.0\\ogsr_engine\_TEMP\Engine\Release\x64\xrGame\Inventory.obj"
         "D:\STSoC-3.0\\ogsr_engine\_TEMP\Engine\Release\x64\xrGame\attachable_item.obj"
         "D:\STSoC-3.0\\ogsr_engine\_TEMP\Engine\Release\x64\xrGame\attachment_owner.obj"
         "D:\STSoC-3.0\\ogsr_engine\_TEMP\Engine\Release\x64\xrGame\eatable_item.obj"
         "D:\STSoC-3.0\\ogsr_engine\_TEMP\Engine\Release\x64\xrGame\eatable_item_object.obj"
         "D:\STSoC-3.0\\ogsr_engine\_TEMP\Engine\Release\x64\xrGame\inventory_item.obj"
         "D:\STSoC-3.0\\ogsr_engine\_TEMP\Engine\Release\x64\xrGame\inventory_item_object.obj"
         "D:\STSoC-3.0\\ogsr_engine\_TEMP\Engine\Release\x64\xrGame\inventory_owner_info.obj"
         "D:\STSoC-3.0\\ogsr_engine\_TEMP\Engine\Release\x64\xrGame\InventoryOwner.obj"
         "D:\STSoC-3.0\\ogsr_engine\_TEMP\Engine\Release\x64\xrGame\character_community.obj"
         "D:\STSoC-3.0\\ogsr_engine\_TEMP\Engine\Release\x64\xrGame\character_info.obj"
         "D:\STSoC-3.0\\ogsr_engine\_TEMP\Engine\Release\x64\xrGame\character_rank.obj"
         "D:\STSoC-3.0\\ogsr_engine\_TEMP\Engine\Release\x64\xrGame\character_reputation.obj"
         "D:\STSoC-3.0\\ogsr_engine\_TEMP\Engine\Release\x64\xrGame\monster_community.obj"
         "D:\STSoC-3.0\\ogsr_engine\_TEMP\Engine\Release\x64\xrGame\specific_character.obj"
         "D:\STSoC-3.0\\ogsr_engine\_TEMP\Engine\Release\x64\xrGame\relation_registry.obj"
         "D:\STSoC-3.0\\ogsr_engine\_TEMP\Engine\Release\x64\xrGame\relation_registry_actions.obj"
         "D:\STSoC-3.0\\ogsr_engine\_TEMP\Engine\Release\x64\xrGame\relation_registry_fights.obj"
         "D:\STSoC-3.0\\ogsr_engine\_TEMP\Engine\Release\x64\xrGame\trade_parameters.obj"
         "D:\STSoC-3.0\\ogsr_engine\_TEMP\Engine\Release\x64\xrGame\purchase_list.obj"
         "D:\STSoC-3.0\\ogsr_engine\_TEMP\Engine\Release\x64\xrGame\physic_item.obj"
         "D:\STSoC-3.0\\ogsr_engine\_TEMP\Engine\Release\x64\xrGame\ShootingObject.obj"
         "D:\STSoC-3.0\\ogsr_engine\_TEMP\Engine\Release\x64\xrGame\Weapon.obj"
         "D:\STSoC-3.0\\ogsr_engine\_TEMP\Engine\Release\x64\xrGame\WeaponDispersion.obj"
         "D:\STSoC-3.0\\ogsr_engine\_TEMP\Engine\Release\x64\xrGame\WeaponFire.obj"
         "D:\STSoC-3.0\\ogsr_engine\_TEMP\Engine\Release\x64\xrGame\WeaponAmmo.obj"
         "D:\STSoC-3.0\\ogsr_engine\_TEMP\Engine\Release\x64\xrGame\WeaponCustomPistol.obj"
         "D:\STSoC-3.0\\ogsr_engine\_TEMP\Engine\Release\x64\xrGame\WeaponPistol.obj"
         "D:\STSoC-3.0\\ogsr_engine\_TEMP\Engine\Release\x64\xrGame\Grenade.obj"
         "D:\STSoC-3.0\\ogsr_engine\_TEMP\Engine\Release\x64\xrGame\Missile.obj"
         "D:\STSoC-3.0\\ogsr_engine\_TEMP\Engine\Release\x64\xrGame\WeaponMagazined.obj"
         "D:\STSoC-3.0\\ogsr_engine\_TEMP\Engine\Release\x64\xrGame\WeaponMagazinedWGrenade.obj"
         "D:\STSoC-3.0\\ogsr_engine\_TEMP\Engine\Release\x64\xrGame\Scope.obj"
         "D:\STSoC-3.0\\ogsr_engine\_TEMP\Engine\Release\x64\xrGame\Silencer.obj"
         "D:\STSoC-3.0\\ogsr_engine\_TEMP\Engine\Release\x64\xrGame\GrenadeLauncher.obj"
         "D:\STSoC-3.0\\ogsr_engine\_TEMP\Engine\Release\x64\xrGame\CustomRocket.obj"
         "D:\STSoC-3.0\\ogsr_engine\_TEMP\Engine\Release\x64\xrGame\ExplosiveRocket.obj"
         "D:\STSoC-3.0\\ogsr_engine\_TEMP\Engine\Release\x64\xrGame\RocketLauncher.obj"
         "D:\STSoC-3.0\\ogsr_engine\_TEMP\Engine\Release\x64\xrGame\WeaponWalther.obj"
         "D:\STSoC-3.0\\ogsr_engine\_TEMP\Engine\Release\x64\xrGame\WeaponVintorez.obj"
         "D:\STSoC-3.0\\ogsr_engine\_TEMP\Engine\Release\x64\xrGame\WeaponKnife.obj"
         "D:\STSoC-3.0\\ogsr_engine\_TEMP\Engine\Release\x64\xrGame\WeaponKnife_script.obj"
         "D:\STSoC-3.0\\ogsr_engine\_TEMP\Engine\Release\x64\xrGame\WeaponGroza.obj"
         "D:\STSoC-3.0\\ogsr_engine\_TEMP\Engine\Release\x64\xrGame\RGD5.obj"
         "D:\STSoC-3.0\\ogsr_engine\_TEMP\Engine\Release\x64\xrGame\WeaponVal.obj"
         "D:\STSoC-3.0\\ogsr_engine\_TEMP\Engine\Release\x64\xrGame\WeaponUSP45.obj"
         "D:\STSoC-3.0\\ogsr_engine\_TEMP\Engine\Release\x64\xrGame\Bolt.obj"
         "D:\STSoC-3.0\\ogsr_engine\_TEMP\Engine\Release\x64\xrGame\WeaponSVU.obj"
         "D:\STSoC-3.0\\ogsr_engine\_TEMP\Engine\Release\x64\xrGame\WeaponRPG7.obj"
         "D:\STSoC-3.0\\ogsr_engine\_TEMP\Engine\Release\x64\xrGame\WeaponRPG7_script.obj"
         "D:\STSoC-3.0\\ogsr_engine\_TEMP\Engine\Release\x64\xrGame\F1.obj"
         "D:\STSoC-3.0\\ogsr_engine\_TEMP\Engine\Release\x64\xrGame\WeaponSVD.obj"
         "D:\STSoC-3.0\\ogsr_engine\_TEMP\Engine\Release\x64\xrGame\WeaponAK74.obj"
         "D:\STSoC-3.0\\ogsr_engine\_TEMP\Engine\Release\x64\xrGame\WeaponLR300.obj"
         "D:\STSoC-3.0\\ogsr_engine\_TEMP\Engine\Release\x64\xrGame\WeaponFN2000.obj"
         "D:\STSoC-3.0\\ogsr_engine\_TEMP\Engine\Release\x64\xrGame\WeaponHPSA.obj"
         "D:\STSoC-3.0\\ogsr_engine\_TEMP\Engine\Release\x64\xrGame\WeaponHPSA_script.obj"
         "D:\STSoC-3.0\\ogsr_engine\_TEMP\Engine\Release\x64\xrGame\WeaponPM.obj"
         "D:\STSoC-3.0\\ogsr_engine\_TEMP\Engine\Release\x64\xrGame\WeaponBinoculars.obj"
         "D:\STSoC-3.0\\ogsr_engine\_TEMP\Engine\Release\x64\xrGame\WeaponBinoculars_script.obj"
         "D:\STSoC-3.0\\ogsr_engine\_TEMP\Engine\Release\x64\xrGame\WeaponBinocularsVision.obj"
         "D:\STSoC-3.0\\ogsr_engine\_TEMP\Engine\Release\x64\xrGame\WeaponShotgun.obj"
         "D:\STSoC-3.0\\ogsr_engine\_TEMP\Engine\Release\x64\xrGame\weaponshotgun_script.obj"
         "D:\STSoC-3.0\\ogsr_engine\_TEMP\Engine\Release\x64\xrGame\WeaponFORT.obj"
         "D:\STSoC-3.0\\ogsr_engine\_TEMP\Engine\Release\x64\xrGame\WeaponRG6.obj"
         "D:\STSoC-3.0\\ogsr_engine\_TEMP\Engine\Release\x64\xrGame\WeaponRG6_script.obj"
         "D:\STSoC-3.0\\ogsr_engine\_TEMP\Engine\Release\x64\xrGame\weaponBM16.obj"
         "D:\STSoC-3.0\\ogsr_engine\_TEMP\Engine\Release\x64\xrGame\weaponBM16_script.obj"
         "D:\STSoC-3.0\\ogsr_engine\_TEMP\Engine\Release\x64\xrGame\WeaponMounted.obj"
         "D:\STSoC-3.0\\ogsr_engine\_TEMP\Engine\Release\x64\xrGame\WeaponStatMgun.obj"
         "D:\STSoC-3.0\\ogsr_engine\_TEMP\Engine\Release\x64\xrGame\WeaponStatMgunFire.obj"
         "D:\STSoC-3.0\\ogsr_engine\_TEMP\Engine\Release\x64\xrGame\WeaponStatMgunIR.obj"
         "D:\STSoC-3.0\\ogsr_engine\_TEMP\Engine\Release\x64\xrGame\artefact_script.obj"
         "D:\STSoC-3.0\\ogsr_engine\_TEMP\Engine\Release\x64\xrGame\Artifact.obj"
         "D:\STSoC-3.0\\ogsr_engine\_TEMP\Engine\Release\x64\xrGame\MercuryBall.obj"
         "D:\STSoC-3.0\\ogsr_engine\_TEMP\Engine\Release\x64\xrGame\GraviArtifact.obj"
         "D:\STSoC-3.0\\ogsr_engine\_TEMP\Engine\Release\x64\xrGame\BlackDrops.obj"
         "D:\STSoC-3.0\\ogsr_engine\_TEMP\Engine\Release\x64\xrGame\Needles.obj"
         "D:\STSoC-3.0\\ogsr_engine\_TEMP\Engine\Release\x64\xrGame\BastArtifact.obj"
         "D:\STSoC-3.0\\ogsr_engine\_TEMP\Engine\Release\x64\xrGame\BlackGraviArtifact.obj"
         "D:\STSoC-3.0\\ogsr_engine\_TEMP\Engine\Release\x64\xrGame\DummyArtifact.obj"
         "D:\STSoC-3.0\\ogsr_engine\_TEMP\Engine\Release\x64\xrGame\ZudaArtifact.obj"
         "D:\STSoC-3.0\\ogsr_engine\_TEMP\Engine\Release\x64\xrGame\ThornArtifact.obj"
         "D:\STSoC-3.0\\ogsr_engine\_TEMP\Engine\Release\x64\xrGame\FadedBall.obj"
         "D:\STSoC-3.0\\ogsr_engine\_TEMP\Engine\Release\x64\xrGame\ElectricBall.obj"
         "D:\STSoC-3.0\\ogsr_engine\_TEMP\Engine\Release\x64\xrGame\RustyHairArtifact.obj"
         "D:\STSoC-3.0\\ogsr_engine\_TEMP\Engine\Release\x64\xrGame\GalantineArtifact.obj"
         "D:\STSoC-3.0\\ogsr_engine\_TEMP\Engine\Release\x64\xrGame\CustomDetector.obj"
         "D:\STSoC-3.0\\ogsr_engine\_TEMP\Engine\Release\x64\xrGame\SimpleDetector.obj"
         "D:\STSoC-3.0\\ogsr_engine\_TEMP\Engine\Release\x64\xrGame\Torch.obj"
         "D:\STSoC-3.0\\ogsr_engine\_TEMP\Engine\Release\x64\xrGame\torch_script.obj"
         "D:\STSoC-3.0\\ogsr_engine\_TEMP\Engine\Release\x64\xrGame\PDA.obj"
         "D:\STSoC-3.0\\ogsr_engine\_TEMP\Engine\Release\x64\xrGame\antirad.obj"
         "D:\STSoC-3.0\\ogsr_engine\_TEMP\Engine\Release\x64\xrGame\BottleItem.obj"
         "D:\STSoC-3.0\\ogsr_engine\_TEMP\Engine\Release\x64\xrGame\FoodItem.obj"
         "D:\STSoC-3.0\\ogsr_engine\_TEMP\Engine\Release\x64\xrGame\medkit.obj"
         "D:\STSoC-3.0\\ogsr_engine\_TEMP\Engine\Release\x64\xrGame\BoneProtections.obj"
         "D:\STSoC-3.0\\ogsr_engine\_TEMP\Engine\Release\x64\xrGame\CustomOutfit.obj"
         "D:\STSoC-3.0\\ogsr_engine\_TEMP\Engine\Release\x64\xrGame\ExoOutfit.obj"
         "D:\STSoC-3.0\\ogsr_engine\_TEMP\Engine\Release\x64\xrGame\MilitaryOutfit.obj"
         "D:\STSoC-3.0\\ogsr_engine\_TEMP\Engine\Release\x64\xrGame\ScientificOutfit.obj"
         "D:\STSoC-3.0\\ogsr_engine\_TEMP\Engine\Release\x64\xrGame\StalkerOutfit.obj"
         "D:\STSoC-3.0\\ogsr_engine\_TEMP\Engine\Release\x64\xrGame\InfoDocument.obj"
         "D:\STSoC-3.0\\ogsr_engine\_TEMP\Engine\Release\x64\xrGame\hud_item_object.obj"
         "D:\STSoC-3.0\\ogsr_engine\_TEMP\Engine\Release\x64\xrGame\HudItem.obj"
         "D:\STSoC-3.0\\ogsr_engine\_TEMP\Engine\Release\x64\xrGame\HudSound.obj"
         "D:\STSoC-3.0\\ogsr_engine\_TEMP\Engine\Release\x64\xrGame\Explosive.obj"
         "D:\STSoC-3.0\\ogsr_engine\_TEMP\Engine\Release\x64\xrGame\ExplosiveItem.obj"
         "D:\STSoC-3.0\\ogsr_engine\_TEMP\Engine\Release\x64\xrGame\ExplosiveScript.obj"
         "D:\STSoC-3.0\\ogsr_engine\_TEMP\Engine\Release\x64\xrGame\wallmark_manager.obj"
         "D:\STSoC-3.0\\ogsr_engine\_TEMP\Engine\Release\x64\xrGame\searchlight.obj"
         "D:\STSoC-3.0\\ogsr_engine\_TEMP\Engine\Release\x64\xrGame\trade.obj"
         "D:\STSoC-3.0\\ogsr_engine\_TEMP\Engine\Release\x64\xrGame\trade2.obj"
         "D:\STSoC-3.0\\ogsr_engine\_TEMP\Engine\Release\x64\xrGame\CustomZone.obj"
         "D:\STSoC-3.0\\ogsr_engine\_TEMP\Engine\Release\x64\xrGame\GraviZone.obj"
         "D:\STSoC-3.0\\ogsr_engine\_TEMP\Engine\Release\x64\xrGame\level_changer.obj"
         "D:\STSoC-3.0\\ogsr_engine\_TEMP\Engine\Release\x64\xrGame\Mincer.obj"
         "D:\STSoC-3.0\\ogsr_engine\_TEMP\Engine\Release\x64\xrGame\mincer_script.obj"
         "D:\STSoC-3.0\\ogsr_engine\_TEMP\Engine\Release\x64\xrGame\MosquitoBald.obj"
         "D:\STSoC-3.0\\ogsr_engine\_TEMP\Engine\Release\x64\xrGame\MosquitoBald_script.obj"
         "D:\STSoC-3.0\\ogsr_engine\_TEMP\Engine\Release\x64\xrGame\RadioactiveZone.obj"
         "D:\STSoC-3.0\\ogsr_engine\_TEMP\Engine\Release\x64\xrGame\script_zone.obj"
         "D:\STSoC-3.0\\ogsr_engine\_TEMP\Engine\Release\x64\xrGame\script_zone_script.obj"
         "D:\STSoC-3.0\\ogsr_engine\_TEMP\Engine\Release\x64\xrGame\TorridZone.obj"
         "D:\STSoC-3.0\\ogsr_engine\_TEMP\Engine\Release\x64\xrGame\ZoneVisual.obj"
         "D:\STSoC-3.0\\ogsr_engine\_TEMP\Engine\Release\x64\xrGame\space_restrictor.obj"
         "D:\STSoC-3.0\\ogsr_engine\_TEMP\Engine\Release\x64\xrGame\HairsZone.obj"
         "D:\STSoC-3.0\\ogsr_engine\_TEMP\Engine\Release\x64\xrGame\HairsZone_script.obj"
         "D:\STSoC-3.0\\ogsr_engine\_TEMP\Engine\Release\x64\xrGame\AmebaZone.obj"
         "D:\STSoC-3.0\\ogsr_engine\_TEMP\Engine\Release\x64\xrGame\NoGravityZone.obj"
         "D:\STSoC-3.0\\ogsr_engine\_TEMP\Engine\Release\x64\xrGame\map_location.obj"
         "D:\STSoC-3.0\\ogsr_engine\_TEMP\Engine\Release\x64\xrGame\map_manager.obj"
         "D:\STSoC-3.0\\ogsr_engine\_TEMP\Engine\Release\x64\xrGame\Car.obj"
         "D:\STSoC-3.0\\ogsr_engine\_TEMP\Engine\Release\x64\xrGame\CarCameras.obj"
         "D:\STSoC-3.0\\ogsr_engine\_TEMP\Engine\Release\x64\xrGame\CarDamageParticles.obj"
         "D:\STSoC-3.0\\ogsr_engine\_TEMP\Engine\Release\x64\xrGame\CarDoors.obj"
         "D:\STSoC-3.0\\ogsr_engine\_TEMP\Engine\Release\x64\xrGame\CarExhaust.obj"
         "D:\STSoC-3.0\\ogsr_engine\_TEMP\Engine\Release\x64\xrGame\CarInput.obj"
         "D:\STSoC-3.0\\ogsr_engine\_TEMP\Engine\Release\x64\xrGame\CarLights.obj"
         "D:\STSoC-3.0\\ogsr_engine\_TEMP\Engine\Release\x64\xrGame\CarScript.obj"
         "D:\STSoC-3.0\\ogsr_engine\_TEMP\Engine\Release\x64\xrGame\CarSound.obj"
         "D:\STSoC-3.0\\ogsr_engine\_TEMP\Engine\Release\x64\xrGame\CarWheels.obj"
         "D:\STSoC-3.0\\ogsr_engine\_TEMP\Engine\Release\x64\xrGame\DBG_Car.obj"
         "D:\STSoC-3.0\\ogsr_engine\_TEMP\Engine\Release\x64\xrGame\CarWeapon.obj"
         "D:\STSoC-3.0\\ogsr_engine\_TEMP\Engine\Release\x64\xrGame\car_memory.obj"
         "D:\STSoC-3.0\\ogsr_engine\_TEMP\Engine\Release\x64\xrGame\Helicopter.obj"
         "D:\STSoC-3.0\\ogsr_engine\_TEMP\Engine\Release\x64\xrGame\Helicopter2.obj"
         "D:\STSoC-3.0\\ogsr_engine\_TEMP\Engine\Release\x64\xrGame\helicopter_script.obj"
         "D:\STSoC-3.0\\ogsr_engine\_TEMP\Engine\Release\x64\xrGame\HelicopterMovementManager.obj"
         "D:\STSoC-3.0\\ogsr_engine\_TEMP\Engine\Release\x64\xrGame\HelicopterWeapon.obj"
         "D:\STSoC-3.0\\ogsr_engine\_TEMP\Engine\Release\x64\xrGame\DelayedActionFuse.obj"
         "D:\STSoC-3.0\\ogsr_engine\_TEMP\Engine\Release\x64\xrGame\InventoryBox.obj"
         "D:\STSoC-3.0\\ogsr_engine\_TEMP\Engine\Release\x64\xrGame\ParticlesObject.obj"
         "D:\STSoC-3.0\\ogsr_engine\_TEMP\Engine\Release\x64\xrGame\xrGame.obj"
         "D:\STSoC-3.0\\ogsr_engine\_TEMP\Engine\Release\x64\xrGame\console_commands.obj"
         "D:\STSoC-3.0\\ogsr_engine\_TEMP\Engine\Release\x64\xrGame\date_time.obj"
         "D:\STSoC-3.0\\ogsr_engine\_TEMP\Engine\Release\x64\xrGame\xrgame_dll_detach.obj"
         "D:\STSoC-3.0\\ogsr_engine\_TEMP\Engine\Release\x64\xrGame\object_factory.obj"
         "D:\STSoC-3.0\\ogsr_engine\_TEMP\Engine\Release\x64\xrGame\object_factory_register.obj"
         "D:\STSoC-3.0\\ogsr_engine\_TEMP\Engine\Release\x64\xrGame\object_factory_script.obj"
         "D:\STSoC-3.0\\ogsr_engine\_TEMP\Engine\Release\x64\xrGame\object_item_script.obj"
         "D:\STSoC-3.0\\ogsr_engine\_TEMP\Engine\Release\x64\xrGame\string_table.obj"
         "D:\STSoC-3.0\\ogsr_engine\_TEMP\Engine\Release\x64\xrGame\xrServer.obj"
         "D:\STSoC-3.0\\ogsr_engine\_TEMP\Engine\Release\x64\xrGame\xrServer_balance.obj"
         "D:\STSoC-3.0\\ogsr_engine\_TEMP\Engine\Release\x64\xrGame\game_base.obj"
         "D:\STSoC-3.0\\ogsr_engine\_TEMP\Engine\Release\x64\xrGame\game_cl_single.obj"
         "D:\STSoC-3.0\\ogsr_engine\_TEMP\Engine\Release\x64\xrGame\game_cl_base.obj"
         "D:\STSoC-3.0\\ogsr_engine\_TEMP\Engine\Release\x64\xrGame\game_sv_base.obj"
         "D:\STSoC-3.0\\ogsr_engine\_TEMP\Engine\Release\x64\xrGame\game_sv_base_script.obj"
         "D:\STSoC-3.0\\ogsr_engine\_TEMP\Engine\Release\x64\xrGame\game_sv_event_queue.obj"
         "D:\STSoC-3.0\\ogsr_engine\_TEMP\Engine\Release\x64\xrGame\xr_time.obj"
         "D:\STSoC-3.0\\ogsr_engine\_TEMP\Engine\Release\x64\xrGame\game_sv_single.obj"
         "D:\STSoC-3.0\\ogsr_engine\_TEMP\Engine\Release\x64\xrGame\xrServer_CL_connect.obj"
         "D:\STSoC-3.0\\ogsr_engine\_TEMP\Engine\Release\x64\xrGame\xrServer_Connect.obj"
         "D:\STSoC-3.0\\ogsr_engine\_TEMP\Engine\Release\x64\xrGame\xrServer_Disconnect.obj"
         "D:\STSoC-3.0\\ogsr_engine\_TEMP\Engine\Release\x64\xrGame\xrServer_Factory.obj"
         "D:\STSoC-3.0\\ogsr_engine\_TEMP\Engine\Release\x64\xrGame\xrServer_Objects_Abstract.obj"
         "D:\STSoC-3.0\\ogsr_engine\_TEMP\Engine\Release\x64\xrGame\xrServer_Object_Base.obj"
         "D:\STSoC-3.0\\ogsr_engine\_TEMP\Engine\Release\x64\xrGame\xrServer_Objects.obj"
         "D:\STSoC-3.0\\ogsr_engine\_TEMP\Engine\Release\x64\xrGame\xrServer_Objects_script.obj"
         "D:\STSoC-3.0\\ogsr_engine\_TEMP\Engine\Release\x64\xrGame\xrServer_Objects_script2.obj"
         "D:\STSoC-3.0\\ogsr_engine\_TEMP\Engine\Release\x64\xrGame\xrServer_Objects_ALife.obj"
         "D:\STSoC-3.0\\ogsr_engine\_TEMP\Engine\Release\x64\xrGame\xrServer_Objects_ALife_script.obj"
         "D:\STSoC-3.0\\ogsr_engine\_TEMP\Engine\Release\x64\xrGame\xrServer_Objects_ALife_script2.obj"
         "D:\STSoC-3.0\\ogsr_engine\_TEMP\Engine\Release\x64\xrGame\xrServer_Objects_ALife_script3.obj"
         "D:\STSoC-3.0\\ogsr_engine\_TEMP\Engine\Release\x64\xrGame\xrServer_Objects_ALife_Items.obj"
         "D:\STSoC-3.0\\ogsr_engine\_TEMP\Engine\Release\x64\xrGame\xrServer_Objects_ALife_Items_script.obj"
         "D:\STSoC-3.0\\ogsr_engine\_TEMP\Engine\Release\x64\xrGame\xrServer_Objects_ALife_Items_script2.obj"
         "D:\STSoC-3.0\\ogsr_engine\_TEMP\Engine\Release\x64\xrGame\xrServer_Objects_ALife_Items_script3.obj"
         "D:\STSoC-3.0\\ogsr_engine\_TEMP\Engine\Release\x64\xrGame\xrServer_Objects_ALife_Monsters.obj"
         "D:\STSoC-3.0\\ogsr_engine\_TEMP\Engine\Release\x64\xrGame\xrServer_Objects_ALife_Monsters_script.obj"
         "D:\STSoC-3.0\\ogsr_engine\_TEMP\Engine\Release\x64\xrGame\xrServer_Objects_ALife_Monsters_script2.obj"
         "D:\STSoC-3.0\\ogsr_engine\_TEMP\Engine\Release\x64\xrGame\xrserver_objects_alife_monsters_script3.obj"
         "D:\STSoC-3.0\\ogsr_engine\_TEMP\Engine\Release\x64\xrGame\xrServer_Objects_ALife_Monsters_script4.obj"
         "D:\STSoC-3.0\\ogsr_engine\_TEMP\Engine\Release\x64\xrGame\xrServer_perform_GameExport.obj"
         "D:\STSoC-3.0\\ogsr_engine\_TEMP\Engine\Release\x64\xrGame\xrServer_perform_RPgen.obj"
         "D:\STSoC-3.0\\ogsr_engine\_TEMP\Engine\Release\x64\xrGame\xrServer_perform_sls_default.obj"
         "D:\STSoC-3.0\\ogsr_engine\_TEMP\Engine\Release\x64\xrGame\xrServer_perform_sls_save.obj"
         "D:\STSoC-3.0\\ogsr_engine\_TEMP\Engine\Release\x64\xrGame\xrServer_perform_transfer.obj"
         "D:\STSoC-3.0\\ogsr_engine\_TEMP\Engine\Release\x64\xrGame\xrServer_sls_clear.obj"
         "D:\STSoC-3.0\\ogsr_engine\_TEMP\Engine\Release\x64\xrGame\xrServer_process_event.obj"
         "D:\STSoC-3.0\\ogsr_engine\_TEMP\Engine\Release\x64\xrGame\xrServer_process_event_destroy.obj"
         "D:\STSoC-3.0\\ogsr_engine\_TEMP\Engine\Release\x64\xrGame\xrServer_process_event_ownership.obj"
         "D:\STSoC-3.0\\ogsr_engine\_TEMP\Engine\Release\x64\xrGame\xrServer_process_event_reject.obj"
         "D:\STSoC-3.0\\ogsr_engine\_TEMP\Engine\Release\x64\xrGame\xrServer_process_spawn.obj"
         "D:\STSoC-3.0\\ogsr_engine\_TEMP\Engine\Release\x64\xrGame\xrServer_process_update.obj"
         "D:\STSoC-3.0\\ogsr_engine\_TEMP\Engine\Release\x64\xrGame\PHDebug.obj"
         "D:\STSoC-3.0\\ogsr_engine\_TEMP\Engine\Release\x64\xrGame\PHWorld.obj"
         "D:\STSoC-3.0\\ogsr_engine\_TEMP\Engine\Release\x64\xrGame\PHWorldScript.obj"
         "D:\STSoC-3.0\\ogsr_engine\_TEMP\Engine\Release\x64\xrGame\Physics.obj"
         "D:\STSoC-3.0\\ogsr_engine\_TEMP\Engine\Release\x64\xrGame\physics_game.obj"
         "D:\STSoC-3.0\\ogsr_engine\_TEMP\Engine\Release\x64\xrGame\PhysicsGamePars.obj"
         "D:\STSoC-3.0\\ogsr_engine\_TEMP\Engine\Release\x64\xrGame\PHShellCreator.obj"
         "D:\STSoC-3.0\\ogsr_engine\_TEMP\Engine\Release\x64\xrGame\PHStaticGeomShell.obj"
         "D:\STSoC-3.0\\ogsr_engine\_TEMP\Engine\Release\x64\xrGame\MathUtils.obj"
         "D:\STSoC-3.0\\ogsr_engine\_TEMP\Engine\Release\x64\xrGame\PHDynamicData.obj"
         "D:\STSoC-3.0\\ogsr_engine\_TEMP\Engine\Release\x64\xrGame\PHInterpolation.obj"
         "D:\STSoC-3.0\\ogsr_engine\_TEMP\Engine\Release\x64\xrGame\PHContactBodyEffector.obj"
         "D:\STSoC-3.0\\ogsr_engine\_TEMP\Engine\Release\x64\xrGame\PHNetState.obj"
         "D:\STSoC-3.0\\ogsr_engine\_TEMP\Engine\Release\x64\xrGame\PHMoveStorage.obj"
         "D:\STSoC-3.0\\ogsr_engine\_TEMP\Engine\Release\x64\xrGame\DisablingParams.obj"
         "D:\STSoC-3.0\\ogsr_engine\_TEMP\Engine\Release\x64\xrGame\PHDisabling.obj"
         "D:\STSoC-3.0\\ogsr_engine\_TEMP\Engine\Release\x64\xrGame\PHActorCharacter.obj"
         "D:\STSoC-3.0\\ogsr_engine\_TEMP\Engine\Release\x64\xrGame\PHMovementDynamicActivate.obj"
         "D:\STSoC-3.0\\ogsr_engine\_TEMP\Engine\Release\x64\xrGame\PHAICharacter.obj"
         "D:\STSoC-3.0\\ogsr_engine\_TEMP\Engine\Release\x64\xrGame\PHCapture.obj"
         "D:\STSoC-3.0\\ogsr_engine\_TEMP\Engine\Release\x64\xrGame\PHCaptureInit.obj"
         "D:\STSoC-3.0\\ogsr_engine\_TEMP\Engine\Release\x64\xrGame\PHMovementControl.obj"
         "D:\STSoC-3.0\\ogsr_engine\_TEMP\Engine\Release\x64\xrGame\ElevatorState.obj"
         "D:\STSoC-3.0\\ogsr_engine\_TEMP\Engine\Release\x64\xrGame\PHSimpleCharacter.obj"
         "D:\STSoC-3.0\\ogsr_engine\_TEMP\Engine\Release\x64\xrGame\PHCharacter.obj"
         "D:\STSoC-3.0\\ogsr_engine\_TEMP\Engine\Release\x64\xrGame\PhysicsShell.obj"
         "D:\STSoC-3.0\\ogsr_engine\_TEMP\Engine\Release\x64\xrGame\PhysicsShellScript.obj"
         "D:\STSoC-3.0\\ogsr_engine\_TEMP\Engine\Release\x64\xrGame\PhysicsShellAnimator.obj"
         "D:\STSoC-3.0\\ogsr_engine\_TEMP\Engine\Release\x64\xrGame\animation_movement_controller.obj"
         "D:\STSoC-3.0\\ogsr_engine\_TEMP\Engine\Release\x64\xrGame\PHElement.obj"
         "D:\STSoC-3.0\\ogsr_engine\_TEMP\Engine\Release\x64\xrGame\PHElementNetState.obj"
         "D:\STSoC-3.0\\ogsr_engine\_TEMP\Engine\Release\x64\xrGame\PHJoint.obj"
         "D:\STSoC-3.0\\ogsr_engine\_TEMP\Engine\Release\x64\xrGame\PHShell.obj"
         "D:\STSoC-3.0\\ogsr_engine\_TEMP\Engine\Release\x64\xrGame\PHShellActivate.obj"
         "D:\STSoC-3.0\\ogsr_engine\_TEMP\Engine\Release\x64\xrGame\ShellHit.obj"
         "D:\STSoC-3.0\\ogsr_engine\_TEMP\Engine\Release\x64\xrGame\PHFracture.obj"
         "D:\STSoC-3.0\\ogsr_engine\_TEMP\Engine\Release\x64\xrGame\PHJointDestroyInfo.obj"
         "D:\STSoC-3.0\\ogsr_engine\_TEMP\Engine\Release\x64\xrGame\PHShellSplitter.obj"
         "D:\STSoC-3.0\\ogsr_engine\_TEMP\Engine\Release\x64\xrGame\PHSplitedShell.obj"
         "D:\STSoC-3.0\\ogsr_engine\_TEMP\Engine\Release\x64\xrGame\PHObject.obj"
         "D:\STSoC-3.0\\ogsr_engine\_TEMP\Engine\Release\x64\xrGame\Geometry.obj"
         "D:\STSoC-3.0\\ogsr_engine\_TEMP\Engine\Release\x64\xrGame\PHGeometryOwner.obj"
         "D:\STSoC-3.0\\ogsr_engine\_TEMP\Engine\Release\x64\xrGame\PHIsland.obj"
         "D:\STSoC-3.0\\ogsr_engine\_TEMP\Engine\Release\x64\xrGame\PHCommander.obj"
         "D:\STSoC-3.0\\ogsr_engine\_TEMP\Engine\Release\x64\xrGame\PHScriptCall.obj"
         "D:\STSoC-3.0\\ogsr_engine\_TEMP\Engine\Release\x64\xrGame\PHSimpleCalls.obj"
         "D:\STSoC-3.0\\ogsr_engine\_TEMP\Engine\Release\x64\xrGame\PHSimpleCallsScript.obj"
         "D:\STSoC-3.0\\ogsr_engine\_TEMP\Engine\Release\x64\xrGame\character_hit_animations.obj"
         "D:\STSoC-3.0\\ogsr_engine\_TEMP\Engine\Release\x64\xrGame\CharacterPhysicsSupport.obj"
         "D:\STSoC-3.0\\ogsr_engine\_TEMP\Engine\Release\x64\xrGame\death_anims.obj"
         "D:\STSoC-3.0\\ogsr_engine\_TEMP\Engine\Release\x64\xrGame\interactive_motion.obj"
         "D:\STSoC-3.0\\ogsr_engine\_TEMP\Engine\Release\x64\xrGame\dTriBox.obj"
         "D:\STSoC-3.0\\ogsr_engine\_TEMP\Engine\Release\x64\xrGame\dTriCylinder.obj"
         "D:\STSoC-3.0\\ogsr_engine\_TEMP\Engine\Release\x64\xrGame\dTriList.obj"
         "D:\STSoC-3.0\\ogsr_engine\_TEMP\Engine\Release\x64\xrGame\dTriSphere.obj"
         "D:\STSoC-3.0\\ogsr_engine\_TEMP\Engine\Release\x64\xrGame\dCylinder.obj"
         "D:\STSoC-3.0\\ogsr_engine\_TEMP\Engine\Release\x64\xrGame\dRayMotions.obj"
         "D:\STSoC-3.0\\ogsr_engine\_TEMP\Engine\Release\x64\xrGame\DamagableItem.obj"
         "D:\STSoC-3.0\\ogsr_engine\_TEMP\Engine\Release\x64\xrGame\PHSoundPlayer.obj"
         "D:\STSoC-3.0\\ogsr_engine\_TEMP\Engine\Release\x64\xrGame\PHActivationShape.obj"
         "D:\STSoC-3.0\\ogsr_engine\_TEMP\Engine\Release\x64\xrGame\Hit.obj"
         "D:\STSoC-3.0\\ogsr_engine\_TEMP\Engine\Release\x64\xrGame\aint.obj"
         "D:\STSoC-3.0\\ogsr_engine\_TEMP\Engine\Release\x64\xrGame\Dof7control.obj"
         "D:\STSoC-3.0\\ogsr_engine\_TEMP\Engine\Release\x64\xrGame\eqn.obj"
         "D:\STSoC-3.0\\ogsr_engine\_TEMP\Engine\Release\x64\xrGame\eulersolver.obj"
         "D:\STSoC-3.0\\ogsr_engine\_TEMP\Engine\Release\x64\xrGame\ik_anim_state.obj"
         "D:\STSoC-3.0\\ogsr_engine\_TEMP\Engine\Release\x64\xrGame\IKLimb.obj"
         "D:\STSoC-3.0\\ogsr_engine\_TEMP\Engine\Release\x64\xrGame\IKLimbsController.obj"
         "D:\STSoC-3.0\\ogsr_engine\_TEMP\Engine\Release\x64\xrGame\jtlimits.obj"
         "D:\STSoC-3.0\\ogsr_engine\_TEMP\Engine\Release\x64\xrGame\limb.obj"
         "D:\STSoC-3.0\\ogsr_engine\_TEMP\Engine\Release\x64\xrGame\math3d.obj"
         "D:\STSoC-3.0\\ogsr_engine\_TEMP\Engine\Release\x64\xrGame\mathTrig.obj"
         "D:\STSoC-3.0\\ogsr_engine\_TEMP\Engine\Release\x64\xrGame\MainMenu.obj"
         "D:\STSoC-3.0\\ogsr_engine\_TEMP\Engine\Release\x64\xrGame\UI.obj"
         "D:\STSoC-3.0\\ogsr_engine\_TEMP\Engine\Release\x64\xrGame\ui_base.obj"
         "D:\STSoC-3.0\\ogsr_engine\_TEMP\Engine\Release\x64\xrGame\UIDialogHolder.obj"
         "D:\STSoC-3.0\\ogsr_engine\_TEMP\Engine\Release\x64\xrGame\UIInventoryWnd.obj"
         "D:\STSoC-3.0\\ogsr_engine\_TEMP\Engine\Release\x64\xrGame\UIWeaponModWnd.obj"
         "D:\STSoC-3.0\\ogsr_engine\_TEMP\Engine\Release\x64\xrGame\uiinventorywnd2.obj"
         "D:\STSoC-3.0\\ogsr_engine\_TEMP\Engine\Release\x64\xrGame\UIInventoryWnd3.obj"
         "D:\STSoC-3.0\\ogsr_engine\_TEMP\Engine\Release\x64\xrGame\UIOutfitSlot.obj"
         "D:\STSoC-3.0\\ogsr_engine\_TEMP\Engine\Release\x64\xrGame\UITradeWnd.obj"
         "D:\STSoC-3.0\\ogsr_engine\_TEMP\Engine\Release\x64\xrGame\UIPdaAux.obj"
         "D:\STSoC-3.0\\ogsr_engine\_TEMP\Engine\Release\x64\xrGame\UIPdaContactsWnd.obj"
         "D:\STSoC-3.0\\ogsr_engine\_TEMP\Engine\Release\x64\xrGame\UIPdaListItem.obj"
         "D:\STSoC-3.0\\ogsr_engine\_TEMP\Engine\Release\x64\xrGame\UIPdaWnd.obj"
         "D:\STSoC-3.0\\ogsr_engine\_TEMP\Engine\Release\x64\xrGame\map_hint.obj"
         "D:\STSoC-3.0\\ogsr_engine\_TEMP\Engine\Release\x64\xrGame\map_spot.obj"
         "D:\STSoC-3.0\\ogsr_engine\_TEMP\Engine\Release\x64\xrGame\UIMap.obj"
         "D:\STSoC-3.0\\ogsr_engine\_TEMP\Engine\Release\x64\xrGame\UIMapWnd.obj"
         "D:\STSoC-3.0\\ogsr_engine\_TEMP\Engine\Release\x64\xrGame\UIMapWndActions.obj"
         "D:\STSoC-3.0\\ogsr_engine\_TEMP\Engine\Release\x64\xrGame\UITalkDialogWnd.obj"
         "D:\STSoC-3.0\\ogsr_engine\_TEMP\Engine\Release\x64\xrGame\UITalkWnd.obj"
         "D:\STSoC-3.0\\ogsr_engine\_TEMP\Engine\Release\x64\xrGame\UICarBodyWnd.obj"
         "D:\STSoC-3.0\\ogsr_engine\_TEMP\Engine\Release\x64\xrGame\UIDiaryWnd2.obj"
         "D:\STSoC-3.0\\ogsr_engine\_TEMP\Engine\Release\x64\xrGame\UIEncyclopediaArticleWnd.obj"
         "D:\STSoC-3.0\\ogsr_engine\_TEMP\Engine\Release\x64\xrGame\UIEncyclopediaWnd.obj"
         "D:\STSoC-3.0\\ogsr_engine\_TEMP\Engine\Release\x64\xrGame\UINewsItemWnd.obj"
         "D:\STSoC-3.0\\ogsr_engine\_TEMP\Engine\Release\x64\xrGame\UINewsWnd.obj"
         "D:\STSoC-3.0\\ogsr_engine\_TEMP\Engine\Release\x64\xrGame\UIArtefactPanel.obj"
         "D:\STSoC-3.0\\ogsr_engine\_TEMP\Engine\Release\x64\xrGame\UICarPanel.obj"
         "D:\STSoC-3.0\\ogsr_engine\_TEMP\Engine\Release\x64\xrGame\UIMainIngameWnd.obj"
         "D:\STSoC-3.0\\ogsr_engine\_TEMP\Engine\Release\x64\xrGame\UIMessagesWindow.obj"
         "D:\STSoC-3.0\\ogsr_engine\_TEMP\Engine\Release\x64\xrGame\UIMotionIcon.obj"
         "D:\STSoC-3.0\\ogsr_engine\_TEMP\Engine\Release\x64\xrGame\UIPdaMsgListItem.obj"
         "D:\STSoC-3.0\\ogsr_engine\_TEMP\Engine\Release\x64\xrGame\UIZoneMap.obj"
         "D:\STSoC-3.0\\ogsr_engine\_TEMP\Engine\Release\x64\xrGame\UIColorAnimatorWrapper.obj"
         "D:\STSoC-3.0\\ogsr_engine\_TEMP\Engine\Release\x64\xrGame\UIActorInfo.obj"
         "D:\STSoC-3.0\\ogsr_engine\_TEMP\Engine\Release\x64\xrGame\UIStalkersRankingWnd.obj"
         "D:\STSoC-3.0\\ogsr_engine\_TEMP\Engine\Release\x64\xrGame\UIDebugFonts.obj"
         "D:\STSoC-3.0\\ogsr_engine\_TEMP\Engine\Release\x64\xrGame\UIOptionsItem.obj"
         "D:\STSoC-3.0\\ogsr_engine\_TEMP\Engine\Release\x64\xrGame\UIOptionsManager.obj"
         "D:\STSoC-3.0\\ogsr_engine\_TEMP\Engine\Release\x64\xrGame\UIOptionsManagerScript.obj"
         "D:\STSoC-3.0\\ogsr_engine\_TEMP\Engine\Release\x64\xrGame\UIEventsWnd.obj"
         "D:\STSoC-3.0\\ogsr_engine\_TEMP\Engine\Release\x64\xrGame\UITaskDescrWnd.obj"
         "D:\STSoC-3.0\\ogsr_engine\_TEMP\Engine\Release\x64\xrGame\UITaskItem.obj"
         "D:\STSoC-3.0\\ogsr_engine\_TEMP\Engine\Release\x64\xrGame\MMSound.obj"
         "D:\STSoC-3.0\\ogsr_engine\_TEMP\Engine\Release\x64\xrGame\UIMMShniaga.obj"
         "D:\STSoC-3.0\\ogsr_engine\_TEMP\Engine\Release\x64\xrGame\UIEditKeyBind.obj"
         "D:\STSoC-3.0\\ogsr_engine\_TEMP\Engine\Release\x64\xrGame\UIKeyBinding.obj"
         "D:\STSoC-3.0\\ogsr_engine\_TEMP\Engine\Release\x64\xrGame\UICharacterInfo.obj"
         "D:\STSoC-3.0\\ogsr_engine\_TEMP\Engine\Release\x64\xrGame\UIWpnParams.obj"
         "D:\STSoC-3.0\\ogsr_engine\_TEMP\Engine\Release\x64\xrGame\ui_af_params.obj"
         "D:\STSoC-3.0\\ogsr_engine\_TEMP\Engine\Release\x64\xrGame\UIItemInfo.obj"
         "D:\STSoC-3.0\\ogsr_engine\_TEMP\Engine\Release\x64\xrGame\UIOutfitInfo.obj"
         "D:\STSoC-3.0\\ogsr_engine\_TEMP\Engine\Release\x64\xrGame\UIInventoryUtilities.obj"
         "D:\STSoC-3.0\\ogsr_engine\_TEMP\Engine\Release\x64\xrGame\UIBtnHint.obj"
         "D:\STSoC-3.0\\ogsr_engine\_TEMP\Engine\Release\x64\xrGame\UIWndCallback.obj"
         "D:\STSoC-3.0\\ogsr_engine\_TEMP\Engine\Release\x64\xrGame\UITextureMaster.obj"
         "D:\STSoC-3.0\\ogsr_engine\_TEMP\Engine\Release\x64\xrGame\UIXmlInit.obj"
         "D:\STSoC-3.0\\ogsr_engine\_TEMP\Engine\Release\x64\xrGame\xrUIXmlParser.obj"
         "D:\STSoC-3.0\\ogsr_engine\_TEMP\Engine\Release\x64\xrGame\UIMessageBox.obj"
         "D:\STSoC-3.0\\ogsr_engine\_TEMP\Engine\Release\x64\xrGame\UIMessageBox_script.obj"
         "D:\STSoC-3.0\\ogsr_engine\_TEMP\Engine\Release\x64\xrGame\UIMessageBoxEx.obj"
         "D:\STSoC-3.0\\ogsr_engine\_TEMP\Engine\Release\x64\xrGame\UIPropertiesBox.obj"
         "D:\STSoC-3.0\\ogsr_engine\_TEMP\Engine\Release\x64\xrGame\UIPropertiesBox_script.obj"
         "D:\STSoC-3.0\\ogsr_engine\_TEMP\Engine\Release\x64\xrGame\UIAnimatedStatic.obj"
         "D:\STSoC-3.0\\ogsr_engine\_TEMP\Engine\Release\x64\xrGame\UICustomItem.obj"
         "D:\STSoC-3.0\\ogsr_engine\_TEMP\Engine\Release\x64\xrGame\UIMultiTextStatic.obj"
         "D:\STSoC-3.0\\ogsr_engine\_TEMP\Engine\Release\x64\xrGame\UIStatic.obj"
         "D:\STSoC-3.0\\ogsr_engine\_TEMP\Engine\Release\x64\xrGame\UIStatic_script.obj"
         "D:\STSoC-3.0\\ogsr_engine\_TEMP\Engine\Release\x64\xrGame\UIStaticItem.obj"
         "D:\STSoC-3.0\\ogsr_engine\_TEMP\Engine\Release\x64\xrGame\UITextBanner.obj"
         "D:\STSoC-3.0\\ogsr_engine\_TEMP\Engine\Release\x64\xrGame\UIEditBox.obj"
         "D:\STSoC-3.0\\ogsr_engine\_TEMP\Engine\Release\x64\xrGame\UIEditBoxEx.obj"
         "D:\STSoC-3.0\\ogsr_engine\_TEMP\Engine\Release\x64\xrGame\UICustomEdit.obj"
         "D:\STSoC-3.0\\ogsr_engine\_TEMP\Engine\Release\x64\xrGame\UIEditBox_script.obj"
         "D:\STSoC-3.0\\ogsr_engine\_TEMP\Engine\Release\x64\xrGame\UIDialogWnd.obj"
         "D:\STSoC-3.0\\ogsr_engine\_TEMP\Engine\Release\x64\xrGame\UIFrameLineWnd.obj"
         "D:\STSoC-3.0\\ogsr_engine\_TEMP\Engine\Release\x64\xrGame\UIFrameWindow.obj"
         "D:\STSoC-3.0\\ogsr_engine\_TEMP\Engine\Release\x64\xrGame\UIWindow.obj"
         "D:\STSoC-3.0\\ogsr_engine\_TEMP\Engine\Release\x64\xrGame\UIWindow_script.obj"
         "D:\STSoC-3.0\\ogsr_engine\_TEMP\Engine\Release\x64\xrGame\UIProgressBar.obj"
         "D:\STSoC-3.0\\ogsr_engine\_TEMP\Engine\Release\x64\xrGame\UIProgressBar_script.obj"
         "D:\STSoC-3.0\\ogsr_engine\_TEMP\Engine\Release\x64\xrGame\UIProgressShape.obj"
         "D:\STSoC-3.0\\ogsr_engine\_TEMP\Engine\Release\x64\xrGame\UITabButton.obj"
         "D:\STSoC-3.0\\ogsr_engine\_TEMP\Engine\Release\x64\xrGame\UITabControl.obj"
         "D:\STSoC-3.0\\ogsr_engine\_TEMP\Engine\Release\x64\xrGame\UITabControl_script.obj"
         "D:\STSoC-3.0\\ogsr_engine\_TEMP\Engine\Release\x64\xrGame\UITreeViewItem.obj"
         "D:\STSoC-3.0\\ogsr_engine\_TEMP\Engine\Release\x64\xrGame\UIScriptWnd.obj"
         "D:\STSoC-3.0\\ogsr_engine\_TEMP\Engine\Release\x64\xrGame\UIScriptWnd_script.obj"
         "D:\STSoC-3.0\\ogsr_engine\_TEMP\Engine\Release\x64\xrGame\uiscriptwnd_script2.obj"
         "D:\STSoC-3.0\\ogsr_engine\_TEMP\Engine\Release\x64\xrGame\UI3tButton.obj"
         "D:\STSoC-3.0\\ogsr_engine\_TEMP\Engine\Release\x64\xrGame\UIButton.obj"
         "D:\STSoC-3.0\\ogsr_engine\_TEMP\Engine\Release\x64\xrGame\UIButton_script.obj"
         "D:\STSoC-3.0\\ogsr_engine\_TEMP\Engine\Release\x64\xrGame\UICheckButton.obj"
         "D:\STSoC-3.0\\ogsr_engine\_TEMP\Engine\Release\x64\xrGame\UIRadioButton.obj"
         "D:\STSoC-3.0\\ogsr_engine\_TEMP\Engine\Release\x64\xrGame\UIComboBox.obj"
         "D:\STSoC-3.0\\ogsr_engine\_TEMP\Engine\Release\x64\xrGame\UIComboBox_script.obj"
         "D:\STSoC-3.0\\ogsr_engine\_TEMP\Engine\Release\x64\xrGame\UI_IB_Static.obj"
         "D:\STSoC-3.0\\ogsr_engine\_TEMP\Engine\Release\x64\xrGame\UITrackBar.obj"
         "D:\STSoC-3.0\\ogsr_engine\_TEMP\Engine\Release\x64\xrGame\UIFrameLine.obj"
         "D:\STSoC-3.0\\ogsr_engine\_TEMP\Engine\Release\x64\xrGame\UIFrameRect.obj"
         "D:\STSoC-3.0\\ogsr_engine\_TEMP\Engine\Release\x64\xrGame\UIScrollView.obj"
         "D:\STSoC-3.0\\ogsr_engine\_TEMP\Engine\Release\x64\xrGame\UIListBox.obj"
         "D:\STSoC-3.0\\ogsr_engine\_TEMP\Engine\Release\x64\xrGame\UIListBoxItem.obj"
         "D:\STSoC-3.0\\ogsr_engine\_TEMP\Engine\Release\x64\xrGame\UILine.obj"
         "D:\STSoC-3.0\\ogsr_engine\_TEMP\Engine\Release\x64\xrGame\UILines.obj"
         "D:\STSoC-3.0\\ogsr_engine\_TEMP\Engine\Release\x64\xrGame\UISubLine.obj"
         "D:\STSoC-3.0\\ogsr_engine\_TEMP\Engine\Release\x64\xrGame\UICellCustomItems.obj"
         "D:\STSoC-3.0\\ogsr_engine\_TEMP\Engine\Release\x64\xrGame\UICellItem.obj"
         "D:\STSoC-3.0\\ogsr_engine\_TEMP\Engine\Release\x64\xrGame\UICellItemFactory.obj"
         "D:\STSoC-3.0\\ogsr_engine\_TEMP\Engine\Release\x64\xrGame\UIDragDropListEx.obj"
         "D:\STSoC-3.0\\ogsr_engine\_TEMP\Engine\Release\x64\xrGame\UILabel.obj"
         "D:\STSoC-3.0\\ogsr_engine\_TEMP\Engine\Release\x64\xrGame\UIScrollBar.obj"
         "D:\STSoC-3.0\\ogsr_engine\_TEMP\Engine\Release\x64\xrGame\UIScrollBox.obj"
         "D:\STSoC-3.0\\ogsr_engine\_TEMP\Engine\Release\x64\xrGame\UICustomSpin.obj"
         "D:\STSoC-3.0\\ogsr_engine\_TEMP\Engine\Release\x64\xrGame\UISpinNum.obj"
         "D:\STSoC-3.0\\ogsr_engine\_TEMP\Engine\Release\x64\xrGame\UISpinText.obj"
         "D:\STSoC-3.0\\ogsr_engine\_TEMP\Engine\Release\x64\xrGame\UIListItem.obj"
         "D:\STSoC-3.0\\ogsr_engine\_TEMP\Engine\Release\x64\xrGame\UIListWnd.obj"
         "D:\STSoC-3.0\\ogsr_engine\_TEMP\Engine\Release\x64\xrGame\UIListWnd_script.obj"
         "D:\STSoC-3.0\\ogsr_engine\_TEMP\Engine\Release\x64\xrGame\UIListItemEx.obj"
         "D:\STSoC-3.0\\ogsr_engine\_TEMP\Engine\Release\x64\xrGame\HitMarker.obj"
         "D:\STSoC-3.0\\ogsr_engine\_TEMP\Engine\Release\x64\xrGame\HUDManager.obj"
         "D:\STSoC-3.0\\ogsr_engine\_TEMP\Engine\Release\x64\xrGame\UIGameCustom.obj"
         "D:\STSoC-3.0\\ogsr_engine\_TEMP\Engine\Release\x64\xrGame\UIGameCustom_script.obj"
         "D:\STSoC-3.0\\ogsr_engine\_TEMP\Engine\Release\x64\xrGame\UIGameSP.obj"
         "D:\STSoC-3.0\\ogsr_engine\_TEMP\Engine\Release\x64\xrGame\UIGameLog.obj"
         "D:\STSoC-3.0\\ogsr_engine\_TEMP\Engine\Release\x64\xrGame\HUDCrosshair.obj"
         "D:\STSoC-3.0\\ogsr_engine\_TEMP\Engine\Release\x64\xrGame\HUDTarget.obj"
         "D:\STSoC-3.0\\ogsr_engine\_TEMP\Engine\Release\x64\xrGame\UICursor.obj"
         "D:\STSoC-3.0\\ogsr_engine\_TEMP\Engine\Release\x64\xrGame\UIGameTutorial.obj"
         "D:\STSoC-3.0\\ogsr_engine\_TEMP\Engine\Release\x64\xrGame\UIGameTutorialSimpleItem.obj"
         "D:\STSoC-3.0\\ogsr_engine\_TEMP\Engine\Release\x64\xrGame\UIGameTutorialVideoItem.obj"
         Копирование файла из "D:\STSoC-3.0\ogsr_engine\_TEMP\Engine\Release\x64\xrGame\xrGame.pdb" в "D:\STSoC-3.0\ogsr_engine\_LIB\Engine\Release\x64\xrGame.pdb".
         xrGame.vcxproj -> D:\STSoC-3.0\ogsr_engine\_LIB\Engine\Release\x64\xrGame.lib
       FinalizeBuildStatus:
         Файл "D:\STSoC-3.0\\ogsr_engine\_TEMP\Engine\Release\x64\xrGame\xrGame.tlog\unsuccessfulbuild" удаляется.
         Обращение к "D:\STSoC-3.0\\ogsr_engine\_TEMP\Engine\Release\x64\xrGame\xrGame.tlog\xrGame.lastbuildstate".
    28>Сборка проекта "D:\STSoC-3.0\ogsr_engine\xrGame\xrGame.vcxproj" завершена (целевые объекты Rebuild).
     7>Сборка проекта "D:\STSoC-3.0\ogsr_engine\xrGame\xrGame.vcxproj.metaproj" завершена (целевые объекты Rebuild).
     6>Проект "D:\STSoC-3.0\ogsr_engine\xr_3da\XR_3DA.vcxproj.metaproj" (6) выполняет сборку "D:\STSoC-3.0\ogsr_engine\xr_3da\XR_3DA.vcxproj" (29) в узле 4 (целевые объекты Rebuild).
    29>_PrepareForClean:
         Файл "D:\STSoC-3.0\\ogsr_engine\_TEMP\Engine\Release\x64\XR_3DA\XR_3DA.tlog\XR_3DA.lastbuildstate" удаляется.
       PrepareForBuild:
         Структурированный вывод включен. Форматирование диагностики компилятора будет отражать иерархию ошибок. Подробнее см. https://aka.ms/cpp/structured-output.
       InitializeBuildStatus:
         Создание "D:\STSoC-3.0\\ogsr_engine\_TEMP\Engine\Release\x64\XR_3DA\XR_3DA.tlog\unsuccessfulbuild", так как было задано "AlwaysCreate".
         Обращение к "D:\STSoC-3.0\\ogsr_engine\_TEMP\Engine\Release\x64\XR_3DA\XR_3DA.tlog\unsuccessfulbuild".
       PreBuildEvent:
         call "D:\STSoC-3.0\ogsr_engine\xr_3da\generate_build_info.bat"
         :VCEnd
       ComputeStdModulesCompileInputs:
         Чтение файла манифеста библиотеки "C:\Program Files\Microsoft Visual Studio\18\Insiders\VC\Tools\MSVC\14.51.36231\modules\modules.json", который предоставляет данные для библиотеки "microsoft/STL".
         Добавление источника модуля "C:\Program Files\Microsoft Visual Studio\18\Insiders\VC\Tools\MSVC\14.51.36231\modules\std.ixx" из библиотеки "microsoft/STL" для сборки с этим проектом.
         Добавление источника модуля "C:\Program Files\Microsoft Visual Studio\18\Insiders\VC\Tools\MSVC\14.51.36231\modules\std.compat.ixx" из библиотеки "microsoft/STL" для сборки с этим проектом.
       ClCompile:
         C:\Program Files\Microsoft Visual Studio\18\Insiders\VC\Tools\MSVC\14.51.36231\bin\HostX64\x64\CL.exe /c /I"D:\STSoC-3.0\\3rd_party\Src\imgui" /I..\xrCore\ /I"D:\STSoC-3.0\\3rd_party\Src\d3dx" /I"D:\STSoC-3.0\\3rd_party\Src\Xiph\libogg\include" /I"D:\STSoC-3.0\\3rd_party\Src\Xiph\libtheora\include" /I"D:\STSoC-3.0\\3rd_party\Src\tracy\public" /Zi /nologo /W4 /WX- /diagnostics:column /sdl /MP /O2 /Oi /Ot /Oy- /GT /GL /D XRGAME_STATIC /D XRRENDER_STATIC /D XRCORE_STATIC /D XRCDB_STATIC /D XRSOUND_STATIC /D XR_PARTICLES_STATIC /D NDEBUG /D _WINDOWS /D XRENGINE_STATIC /D _MBCS /D _CRT_SECURE_NO_WARNINGS /D _SILENCE_CXX17_CODECVT_HEADER_DEPRECATION_WARNING /GF /Gm- /MT /GS /Gy /fp:fast /Zc:wchar_t /Zc:forScope /Zc:inline /GR /std:c++23preview /permissive- /Yc"stdafx.h" /Fp"D:\STSoC-3.0\\ogsr_engine\_TEMP\Engine\Release\x64\XR_3DA\XR_3DA.pch" /FAs /Fa"D:\STSoC-3.0\\ogsr_engine\_TEMP\Engine\Release\x64\XR_3DA\\" /Fo"D:\STSoC-3.0\\ogsr_engine\_TEMP\Engine\Release\x64\XR_3DA\\" /Fd"D:\STSoC-3.0\\ogsr_engine\_TEMP\Engine\Release\x64\XR_3DA\vc145.pdb" /external:W4 /Gd /TP /wd4456 /wd4457 /wd4458 /wd4995 /wd4577 /wd4315 /wd4267 /wd4267 /FC /errorReport:queue /source-charset:utf-8 /we4566 /we4828 /we4715 /we4189 /we4595 /we4834 /we4018 /we4101 /we4552 /we4551 /Zc:__cplusplus /Ob3 stdafx.cpp
         stdafx.cpp
         C:\Program Files\Microsoft Visual Studio\18\Insiders\VC\Tools\MSVC\14.51.36231\bin\HostX64\x64\CL.exe /c /I"D:\STSoC-3.0\\3rd_party\Src\imgui" /I..\xrCore\ /I"D:\STSoC-3.0\\3rd_party\Src\d3dx" /I"D:\STSoC-3.0\\3rd_party\Src\Xiph\libogg\include" /I"D:\STSoC-3.0\\3rd_party\Src\Xiph\libtheora\include" /I"D:\STSoC-3.0\\3rd_party\Src\tracy\public" /Zi /nologo /W4 /WX- /diagnostics:column /sdl /MP /O2 /Oi /Ot /Oy- /GT /GL /D XRGAME_STATIC /D XRRENDER_STATIC /D XRCORE_STATIC /D XRCDB_STATIC /D XRSOUND_STATIC /D XR_PARTICLES_STATIC /D NDEBUG /D _WINDOWS /D XRENGINE_STATIC /D _MBCS /D _CRT_SECURE_NO_WARNINGS /D _SILENCE_CXX17_CODECVT_HEADER_DEPRECATION_WARNING /GF /Gm- /MT /GS /Gy /fp:fast /Zc:wchar_t /Zc:forScope /Zc:inline /GR /std:c++23preview /permissive- /Yu"stdafx.h" /Fp"D:\STSoC-3.0\\ogsr_engine\_TEMP\Engine\Release\x64\XR_3DA\XR_3DA.pch" /FAs /Fa"D:\STSoC-3.0\\ogsr_engine\_TEMP\Engine\Release\x64\XR_3DA\\" /Fo"D:\STSoC-3.0\\ogsr_engine\_TEMP\Engine\Release\x64\XR_3DA\\" /Fd"D:\STSoC-3.0\\ogsr_engine\_TEMP\Engine\Release\x64\XR_3DA\vc145.pdb" /external:W4 /Gd /TP /wd4456 /wd4457 /wd4458 /wd4995 /wd4577 /wd4315 /wd4267 /wd4267 /FC /errorReport:queue /source-charset:utf-8 /we4566 /we4828 /we4715 /we4189 /we4595 /we4834 /we4018 /we4101 /we4552 /we4551 /Zc:__cplusplus /Ob3 bone.cpp cf_dynamic_mesh.cpp defines.cpp DiscordRPC.cpp edit_actions.cpp GameMtlLib.cpp GameMtlLib_Engine.cpp line_editor.cpp line_edit_control.cpp NET_Server_Trash\NET_Client.cpp NET_Server_Trash\NET_Server.cpp os_clipboard.cpp ReShadeCompat.cpp splash.cpp XR_IOConsole_callback.cpp XR_IOConsole_control.cpp XR_IOConsole_get.cpp x_ray.cpp IInputReceiver.cpp Xr_input.cpp ISheduled.cpp xrSheduler.cpp IRenderable.cpp Render.cpp ICollidable.cpp IGame_Level.cpp IGame_Level_check_textures.cpp IGame_Persistent.cpp IGame_ObjectPool.cpp pure_relcase.cpp xr_object.cpp xr_object_list.cpp CustomHUD.cpp Environment.cpp Environment_misc.cpp Environment_render.cpp xrHemisphere.cpp Rain.cpp thunderbolt.cpp xr_efflensflare.cpp CameraBase.cpp CameraManager.cpp EffectorPP.cpp xr_area.cpp xr_area_query.cpp xr_area_raypick.cpp xr_collide_form.cpp Envelope.cpp interp.cpp motion.cpp ObjectAnimator.cpp Feel_Touch.cpp Feel_Vision.cpp FDemoPlay.cpp FDemoRecord.cpp SkeletonMotions.cpp PS_instance.cpp LightAnimLibrary.cpp GameFont.cpp MbHelpers.cpp device.cpp Device_create.cpp Device_destroy.cpp Device_Initialize.cpp Device_wndproc.cpp Stats.cpp tntQAVI.cpp xrTheora_Stream.cpp xrTheora_Surface.cpp pure.cpp xr_ioc_cmd.cpp XR_IOConsole.cpp Engine.cpp EngineAPI.cpp EventAPI.cpp perlin.cpp
         bone.cpp
         cf_dynamic_mesh.cpp
         defines.cpp
         DiscordRPC.cpp
         edit_actions.cpp
         GameMtlLib.cpp
         GameMtlLib_Engine.cpp
         line_editor.cpp
         line_edit_control.cpp
         D:\STSoC-3.0\ogsr_engine\xr_3da\GameMtlLib.cpp(131) :  TODO :   "Simp: почему это убрано?"
         D:\STSoC-3.0\ogsr_engine\xr_3da\GameMtlLib.cpp(171) :  TODO :   "SIMP: новый код падает, вероятно не хватает мьютексов где-то"
         NET_Client.cpp
         NET_Server.cpp
         os_clipboard.cpp
         ReShadeCompat.cpp
         splash.cpp
         XR_IOConsole_callback.cpp
         XR_IOConsole_control.cpp
         D:\STSoC-3.0\ogsr_engine\xr_3da\XR_IOConsole_callback.cpp(53) :  TODO :   "Simp: ?"
         XR_IOConsole_get.cpp
         x_ray.cpp
         IInputReceiver.cpp
         Xr_input.cpp
         ISheduled.cpp
         xrSheduler.cpp
         D:\STSoC-3.0\ogsr_engine\xr_3da\x_ray.cpp(233) :  TODO :   "Simp: нужен вообще этот решейд???"
         D:\STSoC-3.0\ogsr_engine\xr_3da\x_ray.cpp(820) :  TODO :   "Simp: на будущее, активировать эту функцию когда будет надо!"
         D:\STSoC-3.0\ogsr_engine\xr_3da\x_ray.cpp(839) :  TODO :   "Simp: нужно ли это? сомневаюсь."
         IRenderable.cpp
         Render.cpp
         ICollidable.cpp
         IGame_Level.cpp
         IGame_Level_check_textures.cpp
         IGame_Persistent.cpp
         IGame_ObjectPool.cpp
         D:\STSoC-3.0\ogsr_engine\xr_3da\IGame_Persistent.cpp(167) :  TODO :   "SIMP: пока убрано"
         D:\STSoC-3.0\ogsr_engine\xr_3da\IGame_Persistent.cpp(176) :  TODO :   "SIMP: пока убрано"
         D:\STSoC-3.0\ogsr_engine\xr_3da\IGame_Persistent.cpp(230) :  TODO :   "SIMP: пока убрано"
         pure_relcase.cpp
         xr_object.cpp
         xr_object_list.cpp
         CustomHUD.cpp
         Environment.cpp
         D:\STSoC-3.0\ogsr_engine\xr_3da\xr_object.cpp(124) :  TODO :   "Simp: вроде б JR говорил пересмотреть это"
         Environment_misc.cpp
         Environment_render.cpp
         xrHemisphere.cpp
         D:\STSoC-3.0\ogsr_engine\xr_3da\Environment_misc.cpp(219) :  TODO :   "SIMP: Пересмотреть это! Пока убрал метод CreateAmbientParticle, в xrGame по этой части правки не вносились."
         D:\STSoC-3.0\ogsr_engine\xr_3da\Environment_misc.cpp(783) :  TODO :   "SIMP: Пересмотреть это! Пока убрал метод CreateAmbientParticle, в xrGame по этой части правки не вносились."
         Rain.cpp
         thunderbolt.cpp
         xr_efflensflare.cpp
         CameraBase.cpp
         CameraManager.cpp
         D:\STSoC-3.0\ogsr_engine\xr_3da\xr_efflensflare.cpp(418) :  TODO :   "Simp: движковый флар отключен, т.к сейчас сделан шейдерный."
         EffectorPP.cpp
         xr_area.cpp
         xr_area_query.cpp
         xr_area_raypick.cpp
         xr_collide_form.cpp
         Envelope.cpp
         interp.cpp
         motion.cpp
         ObjectAnimator.cpp
         Feel_Touch.cpp
         Feel_Vision.cpp
         FDemoPlay.cpp
         FDemoRecord.cpp
         SkeletonMotions.cpp
         PS_instance.cpp
         LightAnimLibrary.cpp
         GameFont.cpp
         MbHelpers.cpp
         device.cpp
         Device_create.cpp
         Device_destroy.cpp
         Device_Initialize.cpp
         Device_wndproc.cpp
         Stats.cpp
         tntQAVI.cpp
         xrTheora_Stream.cpp
         xrTheora_Surface.cpp
         pure.cpp
         xr_ioc_cmd.cpp
         D:\STSoC-3.0\ogsr_engine\xr_3da\device.cpp(204) :  TODO :   "SIMP: для этого кода нужны переделки в xrSound"
         XR_IOConsole.cpp
         Engine.cpp
         EngineAPI.cpp
         EventAPI.cpp
         D:\STSoC-3.0\ogsr_engine\xr_3da\XR_IOConsole.cpp(588) :  TODO :   "Simp: перенести функцию CCC_OnUnknownCommand в xrGame и добавить engine_callback"
         perlin.cpp
    29>C:\Program Files\Microsoft Visual Studio\18\Insiders\VC\Tools\MSVC\14.51.36231\include\algorithm(4248,24): warning C4244: =: преобразование "int" в "char", возможна потеря данных [D:\STSoC-3.0\ogsr_engine\xr_3da\XR_3DA.vcxproj]
         (компиляция исходного файла "/XR_IOConsole.cpp")
             C:\Program Files\Microsoft Visual Studio\18\Insiders\VC\Tools\MSVC\14.51.36231\include\algorithm(4248,24):
             контекст создания экземпляра шаблона (сначала самый старый)
                 D:\STSoC-3.0\ogsr_engine\xr_3da\XR_IOConsole.cpp(634,34):
                 выполняется компиляция ссылки на экземпляр шаблон функции "void xr_string_utils::_strlwr<std::string>(T &)"
                 with
                 [
                     T=std::string
                 ]
                 D:\STSoC-3.0\ogsr_engine\xrCore\xrstring.h(243,10):
                 выполняется компиляция ссылки на экземпляр шаблон функции "_OutIt std::transform<std::_String_iterator<std::_String_val<std::_Simple_types<_Elem>>>,std::_String_iterator<std::_String_val<std::_Simple_types<_Elem>>>,xr_string_utils::_strlwr::<lambda_1>>(const _InIt,const _InIt,_OutIt,_Fn)"
                 with
                 [
                     _OutIt=std::_String_iterator<std::_String_val<std::_Simple_types<char>>>,
                     _Elem=char,
                     _InIt=std::_String_iterator<std::_String_val<std::_Simple_types<char>>>,
                     _Fn=xr_string_utils::_strlwr::<lambda_1>
                 ]
         
       ResourceCompile:
         C:\Program Files (x86)\Windows Kits\10\bin\10.0.26100.0\x64\rc.exe /D NDEBUG /l"0x0422" /nologo /fo"D:\STSoC-3.0\\ogsr_engine\_TEMP\Engine\Release\x64\XR_3DA\resource.res" resource.rc 
       Link:
         C:\Program Files\Microsoft Visual Studio\18\Insiders\VC\Tools\MSVC\14.51.36231\bin\HostX64\x64\link.exe /ERRORREPORT:QUEUE /OUT:"D:\STSoC-3.0\\bin_x64\xrEngine.exe" /INCREMENTAL:NO /NOLOGO /LIBPATH:"D:\STSoC-3.0\\3rd_party\Src\AMD_FSR2\runtimes\win-x64\native\Release" /LIBPATH:"D:\STSoC-3.0\\3rd_party\Src\NVIDIA_DLSS\DLSS\lib\Windows_x86_64\x64" /LIBPATH:"D:\STSoC-3.0\\3rd_party\_LIB\Release\x64" /LIBPATH:"D:\STSoC-3.0\\ogsr_engine\_LIB\Engine\Release\x64" /LIBPATH:"D:\STSoC-3.0\\3rd_party\Src\OpenAL_Soft\libs\x64" /LIBPATH:"D:\STSoC-3.0\\3rd_party\_LIB\Release\x64" /LIBPATH:"D:\STSoC-3.0\\ogsr_engine\_LIB\Engine\Release\x64" ode.lib libvorbis_static.lib libvorbisfile_static.lib OpenAL32.lib lzo.lib libogg_static.lib libtheora_static.lib vfw32.lib winmm.lib dinput8.lib d3d11.lib d3dcompiler.lib dxgi.lib dxguid.lib kernel32.lib user32.lib gdi32.lib winspool.lib comdlg32.lib advapi32.lib shell32.lib ole32.lib oleaut32.lib uuid.lib odbc32.lib odbccp32.lib /MANIFEST /MANIFESTUAC:"level='asInvoker' uiAccess='false'" /manifest:embed /manifestinput:manifest.xml /DEBUG:FULL /PDB:"D:\STSoC-3.0\\bin_x64\xrEngine.pdb" /SUBSYSTEM:WINDOWS /STACK:"4194304" /LARGEADDRESSAWARE /OPT:REF /OPT:ICF /LTCG /LTCGOUT:"D:\STSoC-3.0\\ogsr_engine\_TEMP\Engine\Release\x64\XR_3DA\xrEngine.iobj" /TLBID:1 /DYNAMICBASE /FIXED:NO /NXCOMPAT /IMPLIB:"D:\STSoC-3.0\\ogsr_engine\_LIB\Engine\Release\x64\xrEngine.lib" /MACHINE:X64 "D:\STSoC-3.0\\ogsr_engine\_TEMP\Engine\Release\x64\XR_3DA\resource.res"
         "D:\STSoC-3.0\\ogsr_engine\_TEMP\Engine\Release\x64\XR_3DA\bone.obj"
         "D:\STSoC-3.0\\ogsr_engine\_TEMP\Engine\Release\x64\XR_3DA\cf_dynamic_mesh.obj"
         "D:\STSoC-3.0\\ogsr_engine\_TEMP\Engine\Release\x64\XR_3DA\defines.obj"
         "D:\STSoC-3.0\\ogsr_engine\_TEMP\Engine\Release\x64\XR_3DA\DiscordRPC.obj"
         "D:\STSoC-3.0\\ogsr_engine\_TEMP\Engine\Release\x64\XR_3DA\edit_actions.obj"
         "D:\STSoC-3.0\\ogsr_engine\_TEMP\Engine\Release\x64\XR_3DA\GameMtlLib.obj"
         "D:\STSoC-3.0\\ogsr_engine\_TEMP\Engine\Release\x64\XR_3DA\GameMtlLib_Engine.obj"
         "D:\STSoC-3.0\\ogsr_engine\_TEMP\Engine\Release\x64\XR_3DA\line_editor.obj"
         "D:\STSoC-3.0\\ogsr_engine\_TEMP\Engine\Release\x64\XR_3DA\line_edit_control.obj"
         "D:\STSoC-3.0\\ogsr_engine\_TEMP\Engine\Release\x64\XR_3DA\NET_Client.obj"
         "D:\STSoC-3.0\\ogsr_engine\_TEMP\Engine\Release\x64\XR_3DA\NET_Server.obj"
         "D:\STSoC-3.0\\ogsr_engine\_TEMP\Engine\Release\x64\XR_3DA\os_clipboard.obj"
         "D:\STSoC-3.0\\ogsr_engine\_TEMP\Engine\Release\x64\XR_3DA\ReShadeCompat.obj"
         "D:\STSoC-3.0\\ogsr_engine\_TEMP\Engine\Release\x64\XR_3DA\splash.obj"
         "D:\STSoC-3.0\\ogsr_engine\_TEMP\Engine\Release\x64\XR_3DA\stdafx.obj"
         "D:\STSoC-3.0\\ogsr_engine\_TEMP\Engine\Release\x64\XR_3DA\XR_IOConsole_callback.obj"
         "D:\STSoC-3.0\\ogsr_engine\_TEMP\Engine\Release\x64\XR_3DA\XR_IOConsole_control.obj"
         "D:\STSoC-3.0\\ogsr_engine\_TEMP\Engine\Release\x64\XR_3DA\XR_IOConsole_get.obj"
         "D:\STSoC-3.0\\ogsr_engine\_TEMP\Engine\Release\x64\XR_3DA\x_ray.obj"
         "D:\STSoC-3.0\\ogsr_engine\_TEMP\Engine\Release\x64\XR_3DA\IInputReceiver.obj"
         "D:\STSoC-3.0\\ogsr_engine\_TEMP\Engine\Release\x64\XR_3DA\Xr_input.obj"
         "D:\STSoC-3.0\\ogsr_engine\_TEMP\Engine\Release\x64\XR_3DA\ISheduled.obj"
         "D:\STSoC-3.0\\ogsr_engine\_TEMP\Engine\Release\x64\XR_3DA\xrSheduler.obj"
         "D:\STSoC-3.0\\ogsr_engine\_TEMP\Engine\Release\x64\XR_3DA\IRenderable.obj"
         "D:\STSoC-3.0\\ogsr_engine\_TEMP\Engine\Release\x64\XR_3DA\Render.obj"
         "D:\STSoC-3.0\\ogsr_engine\_TEMP\Engine\Release\x64\XR_3DA\ICollidable.obj"
         "D:\STSoC-3.0\\ogsr_engine\_TEMP\Engine\Release\x64\XR_3DA\IGame_Level.obj"
         "D:\STSoC-3.0\\ogsr_engine\_TEMP\Engine\Release\x64\XR_3DA\IGame_Level_check_textures.obj"
         "D:\STSoC-3.0\\ogsr_engine\_TEMP\Engine\Release\x64\XR_3DA\IGame_Persistent.obj"
         "D:\STSoC-3.0\\ogsr_engine\_TEMP\Engine\Release\x64\XR_3DA\IGame_ObjectPool.obj"
         "D:\STSoC-3.0\\ogsr_engine\_TEMP\Engine\Release\x64\XR_3DA\pure_relcase.obj"
         "D:\STSoC-3.0\\ogsr_engine\_TEMP\Engine\Release\x64\XR_3DA\xr_object.obj"
         "D:\STSoC-3.0\\ogsr_engine\_TEMP\Engine\Release\x64\XR_3DA\xr_object_list.obj"
         "D:\STSoC-3.0\\ogsr_engine\_TEMP\Engine\Release\x64\XR_3DA\CustomHUD.obj"
         "D:\STSoC-3.0\\ogsr_engine\_TEMP\Engine\Release\x64\XR_3DA\Environment.obj"
         "D:\STSoC-3.0\\ogsr_engine\_TEMP\Engine\Release\x64\XR_3DA\Environment_misc.obj"
         "D:\STSoC-3.0\\ogsr_engine\_TEMP\Engine\Release\x64\XR_3DA\Environment_render.obj"
         "D:\STSoC-3.0\\ogsr_engine\_TEMP\Engine\Release\x64\XR_3DA\xrHemisphere.obj"
         "D:\STSoC-3.0\\ogsr_engine\_TEMP\Engine\Release\x64\XR_3DA\Rain.obj"
         "D:\STSoC-3.0\\ogsr_engine\_TEMP\Engine\Release\x64\XR_3DA\thunderbolt.obj"
         "D:\STSoC-3.0\\ogsr_engine\_TEMP\Engine\Release\x64\XR_3DA\xr_efflensflare.obj"
         "D:\STSoC-3.0\\ogsr_engine\_TEMP\Engine\Release\x64\XR_3DA\CameraBase.obj"
         "D:\STSoC-3.0\\ogsr_engine\_TEMP\Engine\Release\x64\XR_3DA\CameraManager.obj"
         "D:\STSoC-3.0\\ogsr_engine\_TEMP\Engine\Release\x64\XR_3DA\EffectorPP.obj"
         "D:\STSoC-3.0\\ogsr_engine\_TEMP\Engine\Release\x64\XR_3DA\xr_area.obj"
         "D:\STSoC-3.0\\ogsr_engine\_TEMP\Engine\Release\x64\XR_3DA\xr_area_query.obj"
         "D:\STSoC-3.0\\ogsr_engine\_TEMP\Engine\Release\x64\XR_3DA\xr_area_raypick.obj"
         "D:\STSoC-3.0\\ogsr_engine\_TEMP\Engine\Release\x64\XR_3DA\xr_collide_form.obj"
         "D:\STSoC-3.0\\ogsr_engine\_TEMP\Engine\Release\x64\XR_3DA\Envelope.obj"
         "D:\STSoC-3.0\\ogsr_engine\_TEMP\Engine\Release\x64\XR_3DA\interp.obj"
         "D:\STSoC-3.0\\ogsr_engine\_TEMP\Engine\Release\x64\XR_3DA\motion.obj"
         "D:\STSoC-3.0\\ogsr_engine\_TEMP\Engine\Release\x64\XR_3DA\ObjectAnimator.obj"
         "D:\STSoC-3.0\\ogsr_engine\_TEMP\Engine\Release\x64\XR_3DA\Feel_Touch.obj"
         "D:\STSoC-3.0\\ogsr_engine\_TEMP\Engine\Release\x64\XR_3DA\Feel_Vision.obj"
         "D:\STSoC-3.0\\ogsr_engine\_TEMP\Engine\Release\x64\XR_3DA\FDemoPlay.obj"
         "D:\STSoC-3.0\\ogsr_engine\_TEMP\Engine\Release\x64\XR_3DA\FDemoRecord.obj"
         "D:\STSoC-3.0\\ogsr_engine\_TEMP\Engine\Release\x64\XR_3DA\SkeletonMotions.obj"
         "D:\STSoC-3.0\\ogsr_engine\_TEMP\Engine\Release\x64\XR_3DA\PS_instance.obj"
         "D:\STSoC-3.0\\ogsr_engine\_TEMP\Engine\Release\x64\XR_3DA\LightAnimLibrary.obj"
         "D:\STSoC-3.0\\ogsr_engine\_TEMP\Engine\Release\x64\XR_3DA\GameFont.obj"
         "D:\STSoC-3.0\\ogsr_engine\_TEMP\Engine\Release\x64\XR_3DA\MbHelpers.obj"
         "D:\STSoC-3.0\\ogsr_engine\_TEMP\Engine\Release\x64\XR_3DA\device.obj"
         "D:\STSoC-3.0\\ogsr_engine\_TEMP\Engine\Release\x64\XR_3DA\Device_create.obj"
         "D:\STSoC-3.0\\ogsr_engine\_TEMP\Engine\Release\x64\XR_3DA\Device_destroy.obj"
         "D:\STSoC-3.0\\ogsr_engine\_TEMP\Engine\Release\x64\XR_3DA\Device_Initialize.obj"
         "D:\STSoC-3.0\\ogsr_engine\_TEMP\Engine\Release\x64\XR_3DA\Device_wndproc.obj"
         "D:\STSoC-3.0\\ogsr_engine\_TEMP\Engine\Release\x64\XR_3DA\Stats.obj"
         "D:\STSoC-3.0\\ogsr_engine\_TEMP\Engine\Release\x64\XR_3DA\tntQAVI.obj"
         "D:\STSoC-3.0\\ogsr_engine\_TEMP\Engine\Release\x64\XR_3DA\xrTheora_Stream.obj"
         "D:\STSoC-3.0\\ogsr_engine\_TEMP\Engine\Release\x64\XR_3DA\xrTheora_Surface.obj"
         "D:\STSoC-3.0\\ogsr_engine\_TEMP\Engine\Release\x64\XR_3DA\pure.obj"
         "D:\STSoC-3.0\\ogsr_engine\_TEMP\Engine\Release\x64\XR_3DA\xr_ioc_cmd.obj"
         "D:\STSoC-3.0\\ogsr_engine\_TEMP\Engine\Release\x64\XR_3DA\XR_IOConsole.obj"
         "D:\STSoC-3.0\\ogsr_engine\_TEMP\Engine\Release\x64\XR_3DA\Engine.obj"
         "D:\STSoC-3.0\\ogsr_engine\_TEMP\Engine\Release\x64\XR_3DA\EngineAPI.obj"
         "D:\STSoC-3.0\\ogsr_engine\_TEMP\Engine\Release\x64\XR_3DA\EventAPI.obj"
         "D:\STSoC-3.0\\ogsr_engine\_TEMP\Engine\Release\x64\XR_3DA\perlin.obj"
         "D:\STSoC-3.0\3rd_party\_LIB\Release\x64\lzo.lib"
         "D:\STSoC-3.0\3rd_party\_LIB\Release\x64\mimalloc.lib"
         "D:\STSoC-3.0\3rd_party\_LIB\Release\x64\libzstd.lib"
         "D:\STSoC-3.0\3rd_party\_LIB\Release\x64\liblz4.lib"
         "D:\STSoC-3.0\3rd_party\_LIB\Release\x64\libsquashfs.lib"
         "D:\STSoC-3.0\ogsr_engine\_LIB\Engine\Release\x64\xrCore.lib"
         "D:\STSoC-3.0\ogsr_engine\_LIB\Engine\Release\x64\xrCDB.lib"
         "D:\STSoC-3.0\ogsr_engine\_LIB\Engine\Release\x64\xrParticles.lib"
         "D:\STSoC-3.0\3rd_party\_LIB\Release\x64\libvorbis_static.lib"
         "D:\STSoC-3.0\3rd_party\_LIB\Release\x64\libogg_static.lib"
         "D:\STSoC-3.0\3rd_party\_LIB\Release\x64\libvorbisfile_static.lib"
         "D:\STSoC-3.0\ogsr_engine\_LIB\Engine\Release\x64\xrSound.lib"
         "D:\STSoC-3.0\3rd_party\_LIB\Release\x64\imgui.lib"
         "D:\STSoC-3.0\3rd_party\_LIB\Release\x64\DirectXTex.lib"
         "D:\STSoC-3.0\ogsr_engine\_LIB\Engine\Release\x64\xrRender_R4.lib"
         "D:\STSoC-3.0\3rd_party\_LIB\Release\x64\ode.lib"
         "D:\STSoC-3.0\ogsr_engine\_LIB\Engine\Release\x64\Luabind.lib"
         "D:\STSoC-3.0\ogsr_engine\_LIB\Engine\Release\x64\xrGame.lib"
            Создается библиотека D:\STSoC-3.0\\ogsr_engine\_LIB\Engine\Release\x64\xrEngine.lib и объект D:\STSoC-3.0\\ogsr_engine\_LIB\Engine\Release\x64\xrEngine.exp
         Создание кода
    29>D:\STSoC-3.0\3rd_party\Src\ode\ode\src\collision_util.cpp(441): warning C4756: переполнение при расчете констант [D:\STSoC-3.0\ogsr_engine\xr_3da\XR_3DA.vcxproj]
    29>D:\STSoC-3.0\3rd_party\Src\ode\ode\src\collision_util.cpp(442): warning C4756: переполнение при расчете констант [D:\STSoC-3.0\ogsr_engine\xr_3da\XR_3DA.vcxproj]
    29>D:\STSoC-3.0\3rd_party\Src\ode\ode\src\collision_util.cpp(443): warning C4756: переполнение при расчете констант [D:\STSoC-3.0\ogsr_engine\xr_3da\XR_3DA.vcxproj]
    29>D:\STSoC-3.0\3rd_party\Src\ode\ode\src\collision_util.cpp(444): warning C4756: переполнение при расчете констант [D:\STSoC-3.0\ogsr_engine\xr_3da\XR_3DA.vcxproj]
    29>D:\STSoC-3.0\3rd_party\Src\ode\ode\src\collision_util.cpp(445): warning C4756: переполнение при расчете констант [D:\STSoC-3.0\ogsr_engine\xr_3da\XR_3DA.vcxproj]
    29>D:\STSoC-3.0\3rd_party\Src\ode\ode\src\collision_util.cpp(446): warning C4756: переполнение при расчете констант [D:\STSoC-3.0\ogsr_engine\xr_3da\XR_3DA.vcxproj]
    29>D:\STSoC-3.0\3rd_party\Src\ode\ode\src\joint.cpp(1295): warning C4756: переполнение при расчете констант [D:\STSoC-3.0\ogsr_engine\xr_3da\XR_3DA.vcxproj]
    29>D:\STSoC-3.0\3rd_party\Src\ode\ode\src\joint.cpp(1296): warning C4756: переполнение при расчете констант [D:\STSoC-3.0\ogsr_engine\xr_3da\XR_3DA.vcxproj]
    29>D:\STSoC-3.0\3rd_party\Src\ode\ode\src\joint.cpp(1300): warning C4756: переполнение при расчете констант [D:\STSoC-3.0\ogsr_engine\xr_3da\XR_3DA.vcxproj]
    29>D:\STSoC-3.0\3rd_party\Src\ode\ode\src\joint.cpp(408): warning C4756: переполнение при расчете констант [D:\STSoC-3.0\ogsr_engine\xr_3da\XR_3DA.vcxproj]
    29>D:\STSoC-3.0\3rd_party\Src\ode\ode\src\joint.cpp(409): warning C4756: переполнение при расчете констант [D:\STSoC-3.0\ogsr_engine\xr_3da\XR_3DA.vcxproj]
    29>D:\STSoC-3.0\3rd_party\Src\ode\ode\src\collision_space.cpp(113): warning C4756: переполнение при расчете констант [D:\STSoC-3.0\ogsr_engine\xr_3da\XR_3DA.vcxproj]
    29>D:\STSoC-3.0\3rd_party\Src\ode\ode\src\collision_space.cpp(114): warning C4756: переполнение при расчете констант [D:\STSoC-3.0\ogsr_engine\xr_3da\XR_3DA.vcxproj]
    29>D:\STSoC-3.0\3rd_party\Src\ode\ode\src\collision_space.cpp(115): warning C4756: переполнение при расчете констант [D:\STSoC-3.0\ogsr_engine\xr_3da\XR_3DA.vcxproj]
    29>D:\STSoC-3.0\3rd_party\Src\ode\ode\src\collision_space.cpp(116): warning C4756: переполнение при расчете констант [D:\STSoC-3.0\ogsr_engine\xr_3da\XR_3DA.vcxproj]
    29>D:\STSoC-3.0\3rd_party\Src\ode\ode\src\collision_space.cpp(117): warning C4756: переполнение при расчете констант [D:\STSoC-3.0\ogsr_engine\xr_3da\XR_3DA.vcxproj]
    29>D:\STSoC-3.0\3rd_party\Src\ode\ode\src\collision_space.cpp(118): warning C4756: переполнение при расчете констант [D:\STSoC-3.0\ogsr_engine\xr_3da\XR_3DA.vcxproj]
    29>D:\STSoC-3.0\3rd_party\Src\ode\ode\src\joint.cpp(616): warning C4756: переполнение при расчете констант [D:\STSoC-3.0\ogsr_engine\xr_3da\XR_3DA.vcxproj]
    29>D:\STSoC-3.0\3rd_party\Src\ode\ode\src\joint.cpp(617): warning C4756: переполнение при расчете констант [D:\STSoC-3.0\ogsr_engine\xr_3da\XR_3DA.vcxproj]
    29>D:\STSoC-3.0\3rd_party\Src\ode\ode\src\joint.cpp(623): warning C4756: переполнение при расчете констант [D:\STSoC-3.0\ogsr_engine\xr_3da\XR_3DA.vcxproj]
    29>D:\STSoC-3.0\3rd_party\Src\ode\ode\src\joint.cpp(627): warning C4756: переполнение при расчете констант [D:\STSoC-3.0\ogsr_engine\xr_3da\XR_3DA.vcxproj]
    29>D:\STSoC-3.0\ogsr_engine\Layers\xrRender\FBasicVisual.cpp(206): warning C4172: возвращаемый адрес локальной переменной или временного [D:\STSoC-3.0\ogsr_engine\xr_3da\XR_3DA.vcxproj]
    29>D:\STSoC-3.0\ogsr_engine\Layers\xrRender\FBasicVisual.cpp(209): warning C4172: возвращаемый адрес локальной переменной или временного [D:\STSoC-3.0\ogsr_engine\xr_3da\XR_3DA.vcxproj]
    29>D:\STSoC-3.0\ogsr_engine\xr_3da\CameraBase.h(42): warning C4172: возвращаемый адрес локальной переменной или временного [D:\STSoC-3.0\ogsr_engine\xr_3da\XR_3DA.vcxproj]
    29>D:\STSoC-3.0\ogsr_engine\xrGame\PHJoint.cpp(1211): warning C4756: переполнение при расчете констант [D:\STSoC-3.0\ogsr_engine\xr_3da\XR_3DA.vcxproj]
    29>D:\STSoC-3.0\ogsr_engine\xrGame\PHJoint.cpp(1212): warning C4756: переполнение при расчете констант [D:\STSoC-3.0\ogsr_engine\xr_3da\XR_3DA.vcxproj]
    29>D:\STSoC-3.0\ogsr_engine\xrGame\Hit.cpp(39): warning C4756: переполнение при расчете констант [D:\STSoC-3.0\ogsr_engine\xr_3da\XR_3DA.vcxproj]
    29>D:\STSoC-3.0\ogsr_engine\xrGame\Hit.cpp(40): warning C4756: переполнение при расчете констант [D:\STSoC-3.0\ogsr_engine\xr_3da\XR_3DA.vcxproj]
    29>D:\STSoC-3.0\ogsr_engine\xrGame\Hit.cpp(40): warning C4756: переполнение при расчете констант [D:\STSoC-3.0\ogsr_engine\xr_3da\XR_3DA.vcxproj]
    29>D:\STSoC-3.0\ogsr_engine\xrGame\Hit.cpp(40): warning C4756: переполнение при расчете констант [D:\STSoC-3.0\ogsr_engine\xr_3da\XR_3DA.vcxproj]
    29>D:\STSoC-3.0\ogsr_engine\xrGame\Hit.cpp(46): warning C4756: переполнение при расчете констант [D:\STSoC-3.0\ogsr_engine\xr_3da\XR_3DA.vcxproj]
    29>D:\STSoC-3.0\ogsr_engine\xrGame\Hit.cpp(46): warning C4756: переполнение при расчете констант [D:\STSoC-3.0\ogsr_engine\xr_3da\XR_3DA.vcxproj]
    29>D:\STSoC-3.0\ogsr_engine\xrGame\Hit.cpp(46): warning C4756: переполнение при расчете констант [D:\STSoC-3.0\ogsr_engine\xr_3da\XR_3DA.vcxproj]
    29>D:\STSoC-3.0\ogsr_engine\xrGame\Hit.cpp(48): warning C4756: переполнение при расчете констант [D:\STSoC-3.0\ogsr_engine\xr_3da\XR_3DA.vcxproj]
    29>D:\STSoC-3.0\ogsr_engine\xrGame\Hit.cpp(55): warning C4756: переполнение при расчете констант [D:\STSoC-3.0\ogsr_engine\xr_3da\XR_3DA.vcxproj]
    29>D:\STSoC-3.0\3rd_party\Src\ode\ode\src\lcp.cpp(791): warning C4756: переполнение при расчете констант [D:\STSoC-3.0\ogsr_engine\xr_3da\XR_3DA.vcxproj]
    29>D:\STSoC-3.0\3rd_party\Src\ode\ode\src\lcp.cpp(791): warning C4756: переполнение при расчете констант [D:\STSoC-3.0\ogsr_engine\xr_3da\XR_3DA.vcxproj]
    29>D:\STSoC-3.0\ogsr_engine\xrGame\ExtendedGeom.h(242): warning C4756: переполнение при расчете констант [D:\STSoC-3.0\ogsr_engine\xr_3da\XR_3DA.vcxproj]
    29>D:\STSoC-3.0\ogsr_engine\xrGame\ExtendedGeom.h(243): warning C4756: переполнение при расчете констант [D:\STSoC-3.0\ogsr_engine\xr_3da\XR_3DA.vcxproj]
    29>D:\STSoC-3.0\ogsr_engine\xrGame\ExtendedGeom.h(244): warning C4756: переполнение при расчете констант [D:\STSoC-3.0\ogsr_engine\xr_3da\XR_3DA.vcxproj]
    29>D:\STSoC-3.0\3rd_party\Src\ode\ode\src\collision_std.cpp(1866): warning C4756: переполнение при расчете констант [D:\STSoC-3.0\ogsr_engine\xr_3da\XR_3DA.vcxproj]
    29>D:\STSoC-3.0\3rd_party\Src\ode\ode\src\collision_std.cpp(1867): warning C4756: переполнение при расчете констант [D:\STSoC-3.0\ogsr_engine\xr_3da\XR_3DA.vcxproj]
    29>D:\STSoC-3.0\3rd_party\Src\ode\ode\src\joint.cpp(1378): warning C4756: переполнение при расчете констант [D:\STSoC-3.0\ogsr_engine\xr_3da\XR_3DA.vcxproj]
    29>D:\STSoC-3.0\3rd_party\Src\ode\ode\src\collision_std.cpp(812): warning C4756: переполнение при расчете констант [D:\STSoC-3.0\ogsr_engine\xr_3da\XR_3DA.vcxproj]
    29>D:\STSoC-3.0\3rd_party\Src\ode\ode\src\joint.cpp(1096): warning C4756: переполнение при расчете констант [D:\STSoC-3.0\ogsr_engine\xr_3da\XR_3DA.vcxproj]
    29>D:\STSoC-3.0\3rd_party\Src\ode\ode\src\joint.cpp(1096): warning C4756: переполнение при расчете констант [D:\STSoC-3.0\ogsr_engine\xr_3da\XR_3DA.vcxproj]
    29>D:\STSoC-3.0\ogsr_engine\xrGame\dCylinder\dCylinder.cpp(1134): warning C4756: переполнение при расчете констант [D:\STSoC-3.0\ogsr_engine\xr_3da\XR_3DA.vcxproj]
    29>D:\STSoC-3.0\ogsr_engine\xrGame\dCylinder\dCylinder.cpp(664): warning C4756: переполнение при расчете констант [D:\STSoC-3.0\ogsr_engine\xr_3da\XR_3DA.vcxproj]
    29>D:\STSoC-3.0\ogsr_engine\xrGame\dCylinder\dCylinder.cpp(243): warning C4756: переполнение при расчете констант [D:\STSoC-3.0\ogsr_engine\xr_3da\XR_3DA.vcxproj]
    29>D:\STSoC-3.0\ogsr_engine\xrGame\PHJoint.cpp(844): warning C4756: переполнение при расчете констант [D:\STSoC-3.0\ogsr_engine\xr_3da\XR_3DA.vcxproj]
    29>D:\STSoC-3.0\ogsr_engine\xrGame\PHJoint.cpp(845): warning C4756: переполнение при расчете констант [D:\STSoC-3.0\ogsr_engine\xr_3da\XR_3DA.vcxproj]
    29>D:\STSoC-3.0\ogsr_engine\xrGame\PHShell.cpp(1171): warning C4756: переполнение при расчете констант [D:\STSoC-3.0\ogsr_engine\xr_3da\XR_3DA.vcxproj]
    29>D:\STSoC-3.0\ogsr_engine\xrGame\PHShell.cpp(1538): warning C4756: переполнение при расчете констант [D:\STSoC-3.0\ogsr_engine\xr_3da\XR_3DA.vcxproj]
    29>D:\STSoC-3.0\ogsr_engine\xrGame\PHShell.cpp(1539): warning C4756: переполнение при расчете констант [D:\STSoC-3.0\ogsr_engine\xr_3da\XR_3DA.vcxproj]
    29>D:\STSoC-3.0\ogsr_engine\xrGame\PHGeometryOwner.cpp(339): warning C4756: переполнение при расчете констант [D:\STSoC-3.0\ogsr_engine\xr_3da\XR_3DA.vcxproj]
    29>D:\STSoC-3.0\ogsr_engine\xrGame\PHGeometryOwner.cpp(340): warning C4756: переполнение при расчете констант [D:\STSoC-3.0\ogsr_engine\xr_3da\XR_3DA.vcxproj]
    29>D:\STSoC-3.0\3rd_party\Src\ode\ode\src\lcp.cpp(1245): warning C4756: переполнение при расчете констант [D:\STSoC-3.0\ogsr_engine\xr_3da\XR_3DA.vcxproj]
    29>D:\STSoC-3.0\3rd_party\Src\ode\ode\src\lcp.cpp(1254): warning C4756: переполнение при расчете констант [D:\STSoC-3.0\ogsr_engine\xr_3da\XR_3DA.vcxproj]
    29>D:\STSoC-3.0\3rd_party\Src\ode\ode\src\lcp.cpp(1278): warning C4756: переполнение при расчете констант [D:\STSoC-3.0\ogsr_engine\xr_3da\XR_3DA.vcxproj]
    29>D:\STSoC-3.0\3rd_party\Src\ode\ode\src\lcp.cpp(1287): warning C4756: переполнение при расчете констант [D:\STSoC-3.0\ogsr_engine\xr_3da\XR_3DA.vcxproj]
    29>D:\STSoC-3.0\3rd_party\Src\ode\ode\src\step.cpp(644): warning C4756: переполнение при расчете констант [D:\STSoC-3.0\ogsr_engine\xr_3da\XR_3DA.vcxproj]
    29>D:\STSoC-3.0\3rd_party\Src\ode\ode\src\step.cpp(645): warning C4756: переполнение при расчете констант [D:\STSoC-3.0\ogsr_engine\xr_3da\XR_3DA.vcxproj]
    29>D:\STSoC-3.0\3rd_party\Src\ode\ode\src\quickstep.cpp(859): warning C4756: переполнение при расчете констант [D:\STSoC-3.0\ogsr_engine\xr_3da\XR_3DA.vcxproj]
    29>D:\STSoC-3.0\3rd_party\Src\ode\ode\src\quickstep.cpp(860): warning C4756: переполнение при расчете констант [D:\STSoC-3.0\ogsr_engine\xr_3da\XR_3DA.vcxproj]
    29>D:\STSoC-3.0\ogsr_engine\xrGame\ExtendedGeom.h(165): warning C4756: переполнение при расчете констант [D:\STSoC-3.0\ogsr_engine\xr_3da\XR_3DA.vcxproj]
    29>D:\STSoC-3.0\ogsr_engine\xrGame\ExtendedGeom.h(166): warning C4756: переполнение при расчете констант [D:\STSoC-3.0\ogsr_engine\xr_3da\XR_3DA.vcxproj]
    29>D:\STSoC-3.0\ogsr_engine\xrGame\ExtendedGeom.h(167): warning C4756: переполнение при расчете констант [D:\STSoC-3.0\ogsr_engine\xr_3da\XR_3DA.vcxproj]
    29>D:\STSoC-3.0\ogsr_engine\xrGame\tri-colliderKNoOPC\dSortTriPrimitive.h(82): warning C4756: переполнение при расчете констант [D:\STSoC-3.0\ogsr_engine\xr_3da\XR_3DA.vcxproj]
    29>D:\STSoC-3.0\ogsr_engine\xrGame\tri-colliderKNoOPC\dSortTriPrimitive.h(129): warning C4756: переполнение при расчете констант [D:\STSoC-3.0\ogsr_engine\xr_3da\XR_3DA.vcxproj]
    29>D:\STSoC-3.0\ogsr_engine\xrGame\tri-colliderKNoOPC\dSortTriPrimitive.h(129): warning C4756: переполнение при расчете констант [D:\STSoC-3.0\ogsr_engine\xr_3da\XR_3DA.vcxproj]
    29>D:\STSoC-3.0\ogsr_engine\xrGame\tri-colliderKNoOPC\dSortTriPrimitive.h(357): warning C4756: переполнение при расчете констант [D:\STSoC-3.0\ogsr_engine\xr_3da\XR_3DA.vcxproj]
    29>D:\STSoC-3.0\ogsr_engine\xrGame\tri-colliderKNoOPC\dSortTriPrimitive.h(423): warning C4756: переполнение при расчете констант [D:\STSoC-3.0\ogsr_engine\xr_3da\XR_3DA.vcxproj]
    29>D:\STSoC-3.0\ogsr_engine\xrGame\tri-colliderKNoOPC\dSortTriPrimitive.h(82): warning C4756: переполнение при расчете констант [D:\STSoC-3.0\ogsr_engine\xr_3da\XR_3DA.vcxproj]
    29>D:\STSoC-3.0\ogsr_engine\xrGame\tri-colliderKNoOPC\dSortTriPrimitive.h(129): warning C4756: переполнение при расчете констант [D:\STSoC-3.0\ogsr_engine\xr_3da\XR_3DA.vcxproj]
    29>D:\STSoC-3.0\ogsr_engine\xrGame\tri-colliderKNoOPC\dSortTriPrimitive.h(129): warning C4756: переполнение при расчете констант [D:\STSoC-3.0\ogsr_engine\xr_3da\XR_3DA.vcxproj]
    29>D:\STSoC-3.0\ogsr_engine\xrGame\tri-colliderKNoOPC\dSortTriPrimitive.h(357): warning C4756: переполнение при расчете констант [D:\STSoC-3.0\ogsr_engine\xr_3da\XR_3DA.vcxproj]
    29>D:\STSoC-3.0\ogsr_engine\xrGame\tri-colliderKNoOPC\dSortTriPrimitive.h(423): warning C4756: переполнение при расчете констант [D:\STSoC-3.0\ogsr_engine\xr_3da\XR_3DA.vcxproj]
    29>D:\STSoC-3.0\ogsr_engine\xrGame\tri-colliderKNoOPC\dSortTriPrimitive.h(82): warning C4756: переполнение при расчете констант [D:\STSoC-3.0\ogsr_engine\xr_3da\XR_3DA.vcxproj]
    29>D:\STSoC-3.0\ogsr_engine\xrCore\_vector3d.h(145): warning C4723: возможное деление на 0 [D:\STSoC-3.0\ogsr_engine\xr_3da\XR_3DA.vcxproj]
    29>D:\STSoC-3.0\ogsr_engine\xrGame\tri-colliderKNoOPC\dSortTriPrimitive.h(129): warning C4756: переполнение при расчете констант [D:\STSoC-3.0\ogsr_engine\xr_3da\XR_3DA.vcxproj]
    29>D:\STSoC-3.0\ogsr_engine\xrGame\tri-colliderKNoOPC\dSortTriPrimitive.h(129): warning C4756: переполнение при расчете констант [D:\STSoC-3.0\ogsr_engine\xr_3da\XR_3DA.vcxproj]
    29>D:\STSoC-3.0\ogsr_engine\xrGame\tri-colliderKNoOPC\dSortTriPrimitive.h(357): warning C4756: переполнение при расчете констант [D:\STSoC-3.0\ogsr_engine\xr_3da\XR_3DA.vcxproj]
    29>D:\STSoC-3.0\ogsr_engine\xrGame\tri-colliderKNoOPC\dSortTriPrimitive.h(423): warning C4756: переполнение при расчете констант [D:\STSoC-3.0\ogsr_engine\xr_3da\XR_3DA.vcxproj]
    29>D:\STSoC-3.0\ogsr_engine\xrGame\PHSimpleCharacter.cpp(1371): warning C4756: переполнение при расчете констант [D:\STSoC-3.0\ogsr_engine\xr_3da\XR_3DA.vcxproj]
    29>D:\STSoC-3.0\ogsr_engine\xrGame\PHMovementControl.cpp(604): warning C4756: переполнение при расчете констант [D:\STSoC-3.0\ogsr_engine\xr_3da\XR_3DA.vcxproj]
    29>D:\STSoC-3.0\ogsr_engine\xrGame\PHMovementControl.cpp(423): warning C4756: переполнение при расчете констант [D:\STSoC-3.0\ogsr_engine\xr_3da\XR_3DA.vcxproj]
    29>D:\STSoC-3.0\ogsr_engine\xrGame\PHMovementControl.cpp(516): warning C4756: переполнение при расчете констант [D:\STSoC-3.0\ogsr_engine\xr_3da\XR_3DA.vcxproj]
    29>D:\STSoC-3.0\ogsr_engine\xrGame\PHMovementControl.cpp(275): warning C4756: переполнение при расчете констант [D:\STSoC-3.0\ogsr_engine\xr_3da\XR_3DA.vcxproj]
    29>D:\STSoC-3.0\ogsr_engine\xrGame\PHObject.cpp(97): warning C4756: переполнение при расчете констант [D:\STSoC-3.0\ogsr_engine\xr_3da\XR_3DA.vcxproj]
    29>D:\STSoC-3.0\ogsr_engine\xrGame\PHSplitedShell.h(18): warning C4756: переполнение при расчете констант [D:\STSoC-3.0\ogsr_engine\xr_3da\XR_3DA.vcxproj]
    29>D:\STSoC-3.0\ogsr_engine\xrGame\Car.cpp(67): warning C4756: переполнение при расчете констант [D:\STSoC-3.0\ogsr_engine\xr_3da\XR_3DA.vcxproj]
    29>D:\STSoC-3.0\ogsr_engine\xrCore\_vector3d.h(145): warning C4723: возможное деление на 0 [D:\STSoC-3.0\ogsr_engine\xr_3da\XR_3DA.vcxproj]
         Создание кода завершено
         XR_3DA.vcxproj -> D:\STSoC-3.0\bin_x64\xrEngine.exe
       PostBuildEvent:
         
                 copy /Y "D:\STSoC-3.0\\3rd_party\Src\OpenAL_Soft\bin\x64\soft_oal.dll" "D:\STSoC-3.0\\bin_x64\OpenAL32.dll"
                 copy /Y "D:\STSoC-3.0\\3rd_party\Src\NVIDIA_DLSS\DLSS\lib\Windows_x86_64\rel\nvngx_dlss.dll" "D:\STSoC-3.0\\bin_x64\nvngx_dlss.dll"
                 copy /Y "D:\STSoC-3.0\\3rd_party\Src\AMD_FSR2\runtimes\win-x64\native\Release\ffx_fsr2_api_dx11_x64.dll" "D:\STSoC-3.0\\bin_x64\ffx_fsr2_api_dx11_x64.dll"
                 copy /Y "D:\STSoC-3.0\\3rd_party\Src\AMD_FSR2\runtimes\win-x64\native\Release\ffx_fsr2_api_x64.dll" "D:\STSoC-3.0\\bin_x64\ffx_fsr2_api_x64.dll"
               
         :VCEnd
         Скопировано файлов:         1.
         Скопировано файлов:         1.
         Скопировано файлов:         1.
         Скопировано файлов:         1.
       FinalizeBuildStatus:
         Файл "D:\STSoC-3.0\\ogsr_engine\_TEMP\Engine\Release\x64\XR_3DA\XR_3DA.tlog\unsuccessfulbuild" удаляется.
         Обращение к "D:\STSoC-3.0\\ogsr_engine\_TEMP\Engine\Release\x64\XR_3DA\XR_3DA.tlog\XR_3DA.lastbuildstate".
       PostBuildStep1:
         copy /Y "C:\Program Files (x86)\Windows Kits\10\Debuggers\x64\dbghelp.dll" "D:\STSoC-3.0\\bin_x64\dbghelp.dll"
         Скопировано файлов:         1.
    29>Сборка проекта "D:\STSoC-3.0\ogsr_engine\xr_3da\XR_3DA.vcxproj" завершена (целевые объекты Rebuild).
     6>Сборка проекта "D:\STSoC-3.0\ogsr_engine\xr_3da\XR_3DA.vcxproj.metaproj" завершена (целевые объекты Rebuild).
     1>Сборка проекта "D:\STSoC-3.0\STSoC-Engine.sln" завершена (целевые объекты Rebuild).

Сборка успешно завершена.

       "D:\STSoC-3.0\STSoC-Engine.sln" (целевой объект Rebuild ) (1) ->
       "D:\STSoC-3.0\ogsr_engine\xr_3da\XR_3DA.vcxproj.metaproj" (целевой объект Rebuild ) (6) ->
       "D:\STSoC-3.0\3rd_party\Src\DiscordRPC\DiscordRPC.vcxproj" (целевой объект Rebuild ) (11) ->
       (Целевой объект ClCompile) -> 
         D:\STSoC-3.0\3rd_party\Src\DiscordRPC\DiscordRPC\thirdparty\rapidjson-1.1.0\include\rapidjson\document.h(1825,31): warning C5054: оператор '|': устарел при перечислении различных типов [D:\STSoC-3.0\3rd_party\Src\DiscordRPC\DiscordRPC.vcxproj]
         D:\STSoC-3.0\3rd_party\Src\DiscordRPC\DiscordRPC\thirdparty\rapidjson-1.1.0\include\rapidjson\document.h(1826,33): warning C5054: оператор '|': устарел при перечислении различных типов [D:\STSoC-3.0\3rd_party\Src\DiscordRPC\DiscordRPC.vcxproj]
         D:\STSoC-3.0\3rd_party\Src\DiscordRPC\DiscordRPC\thirdparty\rapidjson-1.1.0\include\rapidjson\document.h(1827,38): warning C5054: оператор '|': устарел при перечислении различных типов [D:\STSoC-3.0\3rd_party\Src\DiscordRPC\DiscordRPC.vcxproj]
         D:\STSoC-3.0\3rd_party\Src\DiscordRPC\DiscordRPC\thirdparty\rapidjson-1.1.0\include\rapidjson\document.h(1828,39): warning C5054: оператор '|': устарел при перечислении различных типов [D:\STSoC-3.0\3rd_party\Src\DiscordRPC\DiscordRPC.vcxproj]
         D:\STSoC-3.0\3rd_party\Src\DiscordRPC\DiscordRPC\thirdparty\rapidjson-1.1.0\include\rapidjson\document.h(1829,40): warning C5054: оператор '|': устарел при перечислении различных типов [D:\STSoC-3.0\3rd_party\Src\DiscordRPC\DiscordRPC.vcxproj]
         D:\STSoC-3.0\3rd_party\Src\DiscordRPC\DiscordRPC\thirdparty\rapidjson-1.1.0\include\rapidjson\document.h(1830,41): warning C5054: оператор '|': устарел при перечислении различных типов [D:\STSoC-3.0\3rd_party\Src\DiscordRPC\DiscordRPC.vcxproj]
         D:\STSoC-3.0\3rd_party\Src\DiscordRPC\DiscordRPC\thirdparty\rapidjson-1.1.0\include\rapidjson\document.h(1831,41): warning C5054: оператор '|': устарел при перечислении различных типов [D:\STSoC-3.0\3rd_party\Src\DiscordRPC\DiscordRPC.vcxproj]
         D:\STSoC-3.0\3rd_party\Src\DiscordRPC\DiscordRPC\thirdparty\rapidjson-1.1.0\include\rapidjson\document.h(1832,38): warning C5054: оператор '|': устарел при перечислении различных типов [D:\STSoC-3.0\3rd_party\Src\DiscordRPC\DiscordRPC.vcxproj]
         D:\STSoC-3.0\3rd_party\Src\DiscordRPC\DiscordRPC\thirdparty\rapidjson-1.1.0\include\rapidjson\document.h(1833,40): warning C5054: оператор '|': устарел при перечислении различных типов [D:\STSoC-3.0\3rd_party\Src\DiscordRPC\DiscordRPC.vcxproj]
         D:\STSoC-3.0\3rd_party\Src\DiscordRPC\DiscordRPC\thirdparty\rapidjson-1.1.0\include\rapidjson\document.h(1834,39): warning C5054: оператор '|': устарел при перечислении различных типов [D:\STSoC-3.0\3rd_party\Src\DiscordRPC\DiscordRPC.vcxproj]
         D:\STSoC-3.0\3rd_party\Src\DiscordRPC\DiscordRPC\thirdparty\rapidjson-1.1.0\include\rapidjson\document.h(1835,40): warning C5054: оператор '|': устарел при перечислении различных типов [D:\STSoC-3.0\3rd_party\Src\DiscordRPC\DiscordRPC.vcxproj]
         D:\STSoC-3.0\3rd_party\Src\DiscordRPC\DiscordRPC\thirdparty\rapidjson-1.1.0\include\rapidjson\document.h(1825,31): warning C5054: оператор '|': устарел при перечислении различных типов [D:\STSoC-3.0\3rd_party\Src\DiscordRPC\DiscordRPC.vcxproj]
         D:\STSoC-3.0\3rd_party\Src\DiscordRPC\DiscordRPC\thirdparty\rapidjson-1.1.0\include\rapidjson\document.h(1826,33): warning C5054: оператор '|': устарел при перечислении различных типов [D:\STSoC-3.0\3rd_party\Src\DiscordRPC\DiscordRPC.vcxproj]
         D:\STSoC-3.0\3rd_party\Src\DiscordRPC\DiscordRPC\thirdparty\rapidjson-1.1.0\include\rapidjson\document.h(1827,38): warning C5054: оператор '|': устарел при перечислении различных типов [D:\STSoC-3.0\3rd_party\Src\DiscordRPC\DiscordRPC.vcxproj]
         D:\STSoC-3.0\3rd_party\Src\DiscordRPC\DiscordRPC\thirdparty\rapidjson-1.1.0\include\rapidjson\document.h(1828,39): warning C5054: оператор '|': устарел при перечислении различных типов [D:\STSoC-3.0\3rd_party\Src\DiscordRPC\DiscordRPC.vcxproj]
         D:\STSoC-3.0\3rd_party\Src\DiscordRPC\DiscordRPC\thirdparty\rapidjson-1.1.0\include\rapidjson\document.h(1829,40): warning C5054: оператор '|': устарел при перечислении различных типов [D:\STSoC-3.0\3rd_party\Src\DiscordRPC\DiscordRPC.vcxproj]
         D:\STSoC-3.0\3rd_party\Src\DiscordRPC\DiscordRPC\thirdparty\rapidjson-1.1.0\include\rapidjson\document.h(1830,41): warning C5054: оператор '|': устарел при перечислении различных типов [D:\STSoC-3.0\3rd_party\Src\DiscordRPC\DiscordRPC.vcxproj]
         D:\STSoC-3.0\3rd_party\Src\DiscordRPC\DiscordRPC\thirdparty\rapidjson-1.1.0\include\rapidjson\document.h(1831,41): warning C5054: оператор '|': устарел при перечислении различных типов [D:\STSoC-3.0\3rd_party\Src\DiscordRPC\DiscordRPC.vcxproj]
         D:\STSoC-3.0\3rd_party\Src\DiscordRPC\DiscordRPC\thirdparty\rapidjson-1.1.0\include\rapidjson\document.h(1832,38): warning C5054: оператор '|': устарел при перечислении различных типов [D:\STSoC-3.0\3rd_party\Src\DiscordRPC\DiscordRPC.vcxproj]
         D:\STSoC-3.0\3rd_party\Src\DiscordRPC\DiscordRPC\thirdparty\rapidjson-1.1.0\include\rapidjson\document.h(1833,40): warning C5054: оператор '|': устарел при перечислении различных типов [D:\STSoC-3.0\3rd_party\Src\DiscordRPC\DiscordRPC.vcxproj]
         D:\STSoC-3.0\3rd_party\Src\DiscordRPC\DiscordRPC\thirdparty\rapidjson-1.1.0\include\rapidjson\document.h(1834,39): warning C5054: оператор '|': устарел при перечислении различных типов [D:\STSoC-3.0\3rd_party\Src\DiscordRPC\DiscordRPC.vcxproj]
         D:\STSoC-3.0\3rd_party\Src\DiscordRPC\DiscordRPC\thirdparty\rapidjson-1.1.0\include\rapidjson\document.h(1835,40): warning C5054: оператор '|': устарел при перечислении различных типов [D:\STSoC-3.0\3rd_party\Src\DiscordRPC\DiscordRPC.vcxproj]
         D:\STSoC-3.0\3rd_party\Src\DiscordRPC\DiscordRPC\thirdparty\rapidjson-1.1.0\include\rapidjson\document.h(1825,31): warning C5054: оператор '|': устарел при перечислении различных типов [D:\STSoC-3.0\3rd_party\Src\DiscordRPC\DiscordRPC.vcxproj]
         D:\STSoC-3.0\3rd_party\Src\DiscordRPC\DiscordRPC\thirdparty\rapidjson-1.1.0\include\rapidjson\document.h(1826,33): warning C5054: оператор '|': устарел при перечислении различных типов [D:\STSoC-3.0\3rd_party\Src\DiscordRPC\DiscordRPC.vcxproj]
         D:\STSoC-3.0\3rd_party\Src\DiscordRPC\DiscordRPC\thirdparty\rapidjson-1.1.0\include\rapidjson\document.h(1827,38): warning C5054: оператор '|': устарел при перечислении различных типов [D:\STSoC-3.0\3rd_party\Src\DiscordRPC\DiscordRPC.vcxproj]
         D:\STSoC-3.0\3rd_party\Src\DiscordRPC\DiscordRPC\thirdparty\rapidjson-1.1.0\include\rapidjson\document.h(1828,39): warning C5054: оператор '|': устарел при перечислении различных типов [D:\STSoC-3.0\3rd_party\Src\DiscordRPC\DiscordRPC.vcxproj]
         D:\STSoC-3.0\3rd_party\Src\DiscordRPC\DiscordRPC\thirdparty\rapidjson-1.1.0\include\rapidjson\document.h(1829,40): warning C5054: оператор '|': устарел при перечислении различных типов [D:\STSoC-3.0\3rd_party\Src\DiscordRPC\DiscordRPC.vcxproj]
         D:\STSoC-3.0\3rd_party\Src\DiscordRPC\DiscordRPC\thirdparty\rapidjson-1.1.0\include\rapidjson\document.h(1830,41): warning C5054: оператор '|': устарел при перечислении различных типов [D:\STSoC-3.0\3rd_party\Src\DiscordRPC\DiscordRPC.vcxproj]
         D:\STSoC-3.0\3rd_party\Src\DiscordRPC\DiscordRPC\thirdparty\rapidjson-1.1.0\include\rapidjson\document.h(1831,41): warning C5054: оператор '|': устарел при перечислении различных типов [D:\STSoC-3.0\3rd_party\Src\DiscordRPC\DiscordRPC.vcxproj]
         D:\STSoC-3.0\3rd_party\Src\DiscordRPC\DiscordRPC\thirdparty\rapidjson-1.1.0\include\rapidjson\document.h(1832,38): warning C5054: оператор '|': устарел при перечислении различных типов [D:\STSoC-3.0\3rd_party\Src\DiscordRPC\DiscordRPC.vcxproj]
         D:\STSoC-3.0\3rd_party\Src\DiscordRPC\DiscordRPC\thirdparty\rapidjson-1.1.0\include\rapidjson\document.h(1833,40): warning C5054: оператор '|': устарел при перечислении различных типов [D:\STSoC-3.0\3rd_party\Src\DiscordRPC\DiscordRPC.vcxproj]
         D:\STSoC-3.0\3rd_party\Src\DiscordRPC\DiscordRPC\thirdparty\rapidjson-1.1.0\include\rapidjson\document.h(1834,39): warning C5054: оператор '|': устарел при перечислении различных типов [D:\STSoC-3.0\3rd_party\Src\DiscordRPC\DiscordRPC.vcxproj]
         D:\STSoC-3.0\3rd_party\Src\DiscordRPC\DiscordRPC\thirdparty\rapidjson-1.1.0\include\rapidjson\document.h(1835,40): warning C5054: оператор '|': устарел при перечислении различных типов [D:\STSoC-3.0\3rd_party\Src\DiscordRPC\DiscordRPC.vcxproj]
         D:\STSoC-3.0\3rd_party\Src\DiscordRPC\DiscordRPC\src\rpc_connection.cpp(23): warning C6262: Функция использует байты стека "35000".  Рассмотрите возможность перемещения некоторых данных в кучу. [D:\STSoC-3.0\3rd_party\Src\DiscordRPC\DiscordRPC.vcxproj]
         D:\STSoC-3.0\3rd_party\Src\DiscordRPC\DiscordRPC\src\rpc_connection.cpp(81): warning C6262: Функция использует байты стека "65556".  Рассмотрите возможность перемещения некоторых данных в кучу. [D:\STSoC-3.0\3rd_party\Src\DiscordRPC\DiscordRPC.vcxproj]
         D:\STSoC-3.0\3rd_party\Src\DiscordRPC\DiscordRPC\src\discord_rpc.cpp(134): warning C6262: Функция использует байты стека "51488".  Рассмотрите возможность перемещения некоторых данных в кучу. [D:\STSoC-3.0\3rd_party\Src\DiscordRPC\DiscordRPC.vcxproj]


       "D:\STSoC-3.0\STSoC-Engine.sln" (целевой объект Rebuild ) (1) ->
       "D:\STSoC-3.0\ogsr_engine\xrCore\xrCore.vcxproj.metaproj" (целевой объект Rebuild ) (2) ->
       "D:\STSoC-3.0\3rd_party\Src\libsquashfs\libsquashfs.vcxproj.metaproj" (целевой объект Rebuild ) (3) ->
       "D:\STSoC-3.0\3rd_party\Src\zstd\libzstd.vcxproj" (целевой объект Rebuild ) (19:2) ->
         D:\STSoC-3.0\3rd_party\Src\zstd\zstd\lib\common\fse_decompress.c(201): warning C6326: Возможное сравнение константы с другой константой. [D:\STSoC-3.0\3rd_party\Src\zstd\libzstd.vcxproj]
         D:\STSoC-3.0\3rd_party\Src\zstd\zstd\lib\common\fse_decompress.c(206): warning C6326: Возможное сравнение константы с другой константой. [D:\STSoC-3.0\3rd_party\Src\zstd\libzstd.vcxproj]
         D:\STSoC-3.0\3rd_party\Src\zstd\zstd\lib\common\fse_decompress.c(211): warning C6326: Возможное сравнение константы с другой константой. [D:\STSoC-3.0\3rd_party\Src\zstd\libzstd.vcxproj]
         D:\STSoC-3.0\3rd_party\Src\zstd\zstd\lib\compress\fse_compress.c(581): warning C6239: (<ненулевая константа> && <выражение>) всегда оценивает результат <выражение>: вы хотели использовать оператор побитового И ("&")? Если нет, рассмотрите возможность удаления избыточного значения "<ненулевая константа>" и "&&" оператора. [D:\STSoC-3.0\3rd_party\Src\zstd\libzstd.vcxproj]
         D:\STSoC-3.0\3rd_party\Src\zstd\zstd\lib\compress\fse_compress.c(581): warning C6326: Возможное сравнение константы с другой константой. [D:\STSoC-3.0\3rd_party\Src\zstd\libzstd.vcxproj]
         D:\STSoC-3.0\3rd_party\Src\zstd\zstd\lib\compress\fse_compress.c(592): warning C6326: Возможное сравнение константы с другой константой. [D:\STSoC-3.0\3rd_party\Src\zstd\libzstd.vcxproj]
         D:\STSoC-3.0\3rd_party\Src\zstd\zstd\lib\compress\fse_compress.c(597): warning C6326: Возможное сравнение константы с другой константой. [D:\STSoC-3.0\3rd_party\Src\zstd\libzstd.vcxproj]
         D:\STSoC-3.0\3rd_party\Src\zstd\zstd\lib\compress\zstd_compress_sequences.c(333): warning C6293: Неверно определенный цикл for. [D:\STSoC-3.0\3rd_party\Src\zstd\libzstd.vcxproj]
         D:\STSoC-3.0\3rd_party\Src\zstd\zstd\lib\compress\zstd_lazy.c(1338): warning C6011: Разыменование пустого указателя "dmsTagRow". : Lines: 1192, 1193, 1194, 1195, 1196, 1197, 1198, 1199, 1200, 1201, 1202, 1203, 1204, 1205, 1206, 1207, 1208, 1209, 1210, 1211, 1212, 1213, 1214, 1215, 1218, 1221, 1222, 1223, 1224, 1225, 1227, 1236, 1249, 1256, 1257, 1259, 1262, 1263, 1264, 1265, 1266, 1267, 1268, 1269, 1270, 1273, 1292, 1293, 1294, 1298, 1327, 1330, 1332, 1333, 1334, 1335, 1336, 1338 [D:\STSoC-3.0\3rd_party\Src\zstd\libzstd.vcxproj]
         D:\STSoC-3.0\3rd_party\Src\zstd\zstd\lib\compress\zstd_lazy.c(1346): warning C6011: Разыменование пустого указателя "dmsRow". : Lines: 1192, 1193, 1194, 1195, 1196, 1197, 1198, 1199, 1200, 1201, 1202, 1203, 1204, 1205, 1206, 1207, 1208, 1209, 1210, 1211, 1212, 1213, 1214, 1215, 1218, 1221, 1222, 1223, 1224, 1225, 1227, 1236, 1249, 1256, 1257, 1259, 1262, 1263, 1264, 1265, 1266, 1267, 1268, 1269, 1270, 1273, 1292, 1293, 1294, 1298, 1327, 1330, 1332, 1333, 1334, 1335, 1336, 1338, 1339, 1340, 1341, 1342, 1344, 1345, 1346 [D:\STSoC-3.0\3rd_party\Src\zstd\libzstd.vcxproj]
         D:\STSoC-3.0\3rd_party\Src\zstd\zstd\lib\dictBuilder\divsufsort.c(368): warning C6297: Арифметическое переполнение.  Результаты могут не быть ожидаемым значением. [D:\STSoC-3.0\3rd_party\Src\zstd\libzstd.vcxproj]
         D:\STSoC-3.0\3rd_party\Src\zstd\zstd\lib\dictBuilder\divsufsort.c(370): warning C6297: Арифметическое переполнение.  Результаты могут не быть ожидаемым значением. [D:\STSoC-3.0\3rd_party\Src\zstd\libzstd.vcxproj]
         D:\STSoC-3.0\3rd_party\Src\zstd\zstd\lib\dictBuilder\divsufsort.c(1031): warning C6297: Арифметическое переполнение.  Результаты могут не быть ожидаемым значением. [D:\STSoC-3.0\3rd_party\Src\zstd\libzstd.vcxproj]
         D:\STSoC-3.0\3rd_party\Src\zstd\zstd\lib\dictBuilder\divsufsort.c(1033): warning C6297: Арифметическое переполнение.  Результаты могут не быть ожидаемым значением. [D:\STSoC-3.0\3rd_party\Src\zstd\libzstd.vcxproj]
         D:\STSoC-3.0\3rd_party\Src\zstd\zstd\lib\dictBuilder\zdict.c(518): warning C6386: Переполнение буфера при записи в "reverseSuffix":  доступный для записи объем равен "((bufferSize))*sizeof((*reverseSuffix))" байт, однако записать можно только "suffix[pos]" байт.: Lines: 474, 475, 476, 477, 478, 479, 480, 481, 496, 497, 501, 502, 505, 506, 509, 510, 511, 513, 514, 516, 517, 518 [D:\STSoC-3.0\3rd_party\Src\zstd\libzstd.vcxproj]
         D:\STSoC-3.0\3rd_party\Src\zstd\zstd\lib\dictBuilder\cover.c(1101): warning C6385: Чтение недопустимых данных из "largestDictbuffer":  доступный для чтения объем равен "dictBufferCapacity" байт, однако считать можно только "257" байт.: Lines: 1053, 1054, 1055, 1057, 1058, 1059, 1061, 1068, 1069, 1073, 1079, 1084, 1090, 1095, 1096, 1097, 1100, 1101 [D:\STSoC-3.0\3rd_party\Src\zstd\libzstd.vcxproj]
         D:\STSoC-3.0\3rd_party\Src\zstd\zstd\lib\dictBuilder\cover.c(1101): warning C6386: Переполнение буфера при записи в "candidateDictBuffer":  доступный для записи объем равен "dictBufferCapacity" байт, однако записать можно только "257" байт.: Lines: 1053, 1054, 1055, 1057, 1058, 1059, 1061, 1068, 1069, 1073, 1079, 1084, 1090, 1095, 1096, 1097, 1100, 1101 [D:\STSoC-3.0\3rd_party\Src\zstd\libzstd.vcxproj]
         D:\STSoC-3.0\3rd_party\Src\zstd\zstd\lib\legacy\zstd_v01.c(805): warning C6326: Возможное сравнение константы с другой константой. [D:\STSoC-3.0\3rd_party\Src\zstd\libzstd.vcxproj]
         D:\STSoC-3.0\3rd_party\Src\zstd\zstd\lib\legacy\zstd_v01.c(810): warning C6326: Возможное сравнение константы с другой константой. [D:\STSoC-3.0\3rd_party\Src\zstd\libzstd.vcxproj]
         D:\STSoC-3.0\3rd_party\Src\zstd\zstd\lib\legacy\zstd_v01.c(815): warning C6326: Возможное сравнение константы с другой константой. [D:\STSoC-3.0\3rd_party\Src\zstd\libzstd.vcxproj]
         D:\STSoC-3.0\3rd_party\Src\zstd\zstd\lib\legacy\zstd_v01.c(859): warning C6262: Функция использует байты стека "16964".  Рассмотрите возможность перемещения некоторых данных в кучу. [D:\STSoC-3.0\3rd_party\Src\zstd\libzstd.vcxproj]
         D:\STSoC-3.0\3rd_party\Src\zstd\zstd\lib\legacy\zstd_v01.c(1469): warning C6297: Арифметическое переполнение.  Результаты могут не быть ожидаемым значением. [D:\STSoC-3.0\3rd_party\Src\zstd\libzstd.vcxproj]
         D:\STSoC-3.0\3rd_party\Src\zstd\zstd\lib\legacy\zstd_v01.c(1556): warning C6297: Арифметическое переполнение.  Результаты могут не быть ожидаемым значением. [D:\STSoC-3.0\3rd_party\Src\zstd\libzstd.vcxproj]
         D:\STSoC-3.0\3rd_party\Src\zstd\zstd\lib\legacy\zstd_v01.c(1562): warning C6297: Арифметическое переполнение.  Результаты могут не быть ожидаемым значением. [D:\STSoC-3.0\3rd_party\Src\zstd\libzstd.vcxproj]
         D:\STSoC-3.0\3rd_party\Src\zstd\zstd\lib\legacy\zstd_v02.c(1305): warning C6326: Возможное сравнение константы с другой константой. [D:\STSoC-3.0\3rd_party\Src\zstd\libzstd.vcxproj]
         D:\STSoC-3.0\3rd_party\Src\zstd\zstd\lib\legacy\zstd_v02.c(1310): warning C6326: Возможное сравнение константы с другой константой. [D:\STSoC-3.0\3rd_party\Src\zstd\libzstd.vcxproj]
         D:\STSoC-3.0\3rd_party\Src\zstd\zstd\lib\legacy\zstd_v02.c(1315): warning C6326: Возможное сравнение константы с другой константой. [D:\STSoC-3.0\3rd_party\Src\zstd\libzstd.vcxproj]
         D:\STSoC-3.0\3rd_party\Src\zstd\zstd\lib\legacy\zstd_v02.c(1359): warning C6262: Функция использует байты стека "16964".  Рассмотрите возможность перемещения некоторых данных в кучу. [D:\STSoC-3.0\3rd_party\Src\zstd\libzstd.vcxproj]
         D:\STSoC-3.0\3rd_party\Src\zstd\zstd\lib\legacy\zstd_v03.c(1305): warning C6326: Возможное сравнение константы с другой константой. [D:\STSoC-3.0\3rd_party\Src\zstd\libzstd.vcxproj]
         D:\STSoC-3.0\3rd_party\Src\zstd\zstd\lib\legacy\zstd_v03.c(1310): warning C6326: Возможное сравнение константы с другой константой. [D:\STSoC-3.0\3rd_party\Src\zstd\libzstd.vcxproj]
         D:\STSoC-3.0\3rd_party\Src\zstd\zstd\lib\legacy\zstd_v03.c(1315): warning C6326: Возможное сравнение константы с другой константой. [D:\STSoC-3.0\3rd_party\Src\zstd\libzstd.vcxproj]
         D:\STSoC-3.0\3rd_party\Src\zstd\zstd\lib\legacy\zstd_v03.c(1359): warning C6262: Функция использует байты стека "16964".  Рассмотрите возможность перемещения некоторых данных в кучу. [D:\STSoC-3.0\3rd_party\Src\zstd\libzstd.vcxproj]
         D:\STSoC-3.0\3rd_party\Src\zstd\zstd\lib\legacy\zstd_v04.c(1290): warning C6326: Возможное сравнение константы с другой константой. [D:\STSoC-3.0\3rd_party\Src\zstd\libzstd.vcxproj]
         D:\STSoC-3.0\3rd_party\Src\zstd\zstd\lib\legacy\zstd_v04.c(1295): warning C6326: Возможное сравнение константы с другой константой. [D:\STSoC-3.0\3rd_party\Src\zstd\libzstd.vcxproj]
         D:\STSoC-3.0\3rd_party\Src\zstd\zstd\lib\legacy\zstd_v04.c(1300): warning C6326: Возможное сравнение константы с другой константой. [D:\STSoC-3.0\3rd_party\Src\zstd\libzstd.vcxproj]
         D:\STSoC-3.0\3rd_party\Src\zstd\zstd\lib\legacy\zstd_v04.c(1347): warning C6262: Функция использует байты стека "16964".  Рассмотрите возможность перемещения некоторых данных в кучу. [D:\STSoC-3.0\3rd_party\Src\zstd\libzstd.vcxproj]
         D:\STSoC-3.0\3rd_party\Src\zstd\zstd\lib\legacy\zstd_v02.c(2115): warning C6262: Функция использует байты стека "16436".  Рассмотрите возможность перемещения некоторых данных в кучу. [D:\STSoC-3.0\3rd_party\Src\zstd\libzstd.vcxproj]
         D:\STSoC-3.0\3rd_party\Src\zstd\zstd\lib\legacy\zstd_v05.c(1400): warning C6326: Возможное сравнение константы с другой константой. [D:\STSoC-3.0\3rd_party\Src\zstd\libzstd.vcxproj]
         D:\STSoC-3.0\3rd_party\Src\zstd\zstd\lib\legacy\zstd_v05.c(1405): warning C6326: Возможное сравнение константы с другой константой. [D:\STSoC-3.0\3rd_party\Src\zstd\libzstd.vcxproj]
         D:\STSoC-3.0\3rd_party\Src\zstd\zstd\lib\legacy\zstd_v05.c(1410): warning C6326: Возможное сравнение константы с другой константой. [D:\STSoC-3.0\3rd_party\Src\zstd\libzstd.vcxproj]
         D:\STSoC-3.0\3rd_party\Src\zstd\zstd\lib\legacy\zstd_v05.c(1454): warning C6262: Функция использует байты стека "16964".  Рассмотрите возможность перемещения некоторых данных в кучу. [D:\STSoC-3.0\3rd_party\Src\zstd\libzstd.vcxproj]
         D:\STSoC-3.0\3rd_party\Src\zstd\zstd\lib\legacy\zstd_v02.c(2472): warning C6262: Функция использует байты стека "24628".  Рассмотрите возможность перемещения некоторых данных в кучу. [D:\STSoC-3.0\3rd_party\Src\zstd\libzstd.vcxproj]
         D:\STSoC-3.0\3rd_party\Src\zstd\zstd\lib\legacy\zstd_v02.c(2881): warning C6297: Арифметическое переполнение.  Результаты могут не быть ожидаемым значением. [D:\STSoC-3.0\3rd_party\Src\zstd\libzstd.vcxproj]
         D:\STSoC-3.0\3rd_party\Src\zstd\zstd\lib\legacy\zstd_v02.c(2887): warning C6297: Арифметическое переполнение.  Результаты могут не быть ожидаемым значением. [D:\STSoC-3.0\3rd_party\Src\zstd\libzstd.vcxproj]
         D:\STSoC-3.0\3rd_party\Src\zstd\zstd\lib\legacy\zstd_v02.c(3266): warning C6262: Функция использует байты стека "141416".  Рассмотрите возможность перемещения некоторых данных в кучу. [D:\STSoC-3.0\3rd_party\Src\zstd\libzstd.vcxproj]
         D:\STSoC-3.0\3rd_party\Src\zstd\zstd\lib\legacy\zstd_v03.c(2111): warning C6262: Функция использует байты стека "16436".  Рассмотрите возможность перемещения некоторых данных в кучу. [D:\STSoC-3.0\3rd_party\Src\zstd\libzstd.vcxproj]
         D:\STSoC-3.0\3rd_party\Src\zstd\zstd\lib\legacy\zstd_v05.c(2312): warning C6262: Функция использует байты стека "16436".  Рассмотрите возможность перемещения некоторых данных в кучу. [D:\STSoC-3.0\3rd_party\Src\zstd\libzstd.vcxproj]
         D:\STSoC-3.0\3rd_party\Src\zstd\zstd\lib\legacy\zstd_v03.c(2521): warning C6297: Арифметическое переполнение.  Результаты могут не быть ожидаемым значением. [D:\STSoC-3.0\3rd_party\Src\zstd\libzstd.vcxproj]
         D:\STSoC-3.0\3rd_party\Src\zstd\zstd\lib\legacy\zstd_v03.c(2527): warning C6297: Арифметическое переполнение.  Результаты могут не быть ожидаемым значением. [D:\STSoC-3.0\3rd_party\Src\zstd\libzstd.vcxproj]
         D:\STSoC-3.0\3rd_party\Src\zstd\zstd\lib\legacy\zstd_v03.c(2905): warning C6262: Функция использует байты стека "141416".  Рассмотрите возможность перемещения некоторых данных в кучу. [D:\STSoC-3.0\3rd_party\Src\zstd\libzstd.vcxproj]
         D:\STSoC-3.0\3rd_party\Src\zstd\zstd\lib\legacy\zstd_v04.c(2264): warning C6262: Функция использует байты стека "16436".  Рассмотрите возможность перемещения некоторых данных в кучу. [D:\STSoC-3.0\3rd_party\Src\zstd\libzstd.vcxproj]
         D:\STSoC-3.0\3rd_party\Src\zstd\zstd\lib\legacy\zstd_v04.c(2653): warning C6297: Арифметическое переполнение.  Результаты могут не быть ожидаемым значением. [D:\STSoC-3.0\3rd_party\Src\zstd\libzstd.vcxproj]
         D:\STSoC-3.0\3rd_party\Src\zstd\zstd\lib\legacy\zstd_v04.c(2659): warning C6297: Арифметическое переполнение.  Результаты могут не быть ожидаемым значением. [D:\STSoC-3.0\3rd_party\Src\zstd\libzstd.vcxproj]
         D:\STSoC-3.0\3rd_party\Src\zstd\zstd\lib\legacy\zstd_v05.c(2421): warning C6262: Функция использует байты стека "16436".  Рассмотрите возможность перемещения некоторых данных в кучу. [D:\STSoC-3.0\3rd_party\Src\zstd\libzstd.vcxproj]
         D:\STSoC-3.0\3rd_party\Src\zstd\zstd\lib\legacy\zstd_v05.c(2975): warning C6297: Арифметическое переполнение.  Результаты могут не быть ожидаемым значением. [D:\STSoC-3.0\3rd_party\Src\zstd\libzstd.vcxproj]
         D:\STSoC-3.0\3rd_party\Src\zstd\zstd\lib\legacy\zstd_v05.c(2980): warning C6297: Арифметическое переполнение.  Результаты могут не быть ожидаемым значением. [D:\STSoC-3.0\3rd_party\Src\zstd\libzstd.vcxproj]
         D:\STSoC-3.0\3rd_party\Src\zstd\zstd\lib\legacy\zstd_v05.c(3108): warning C6297: Арифметическое переполнение.  Результаты могут не быть ожидаемым значением. [D:\STSoC-3.0\3rd_party\Src\zstd\libzstd.vcxproj]
         D:\STSoC-3.0\3rd_party\Src\zstd\zstd\lib\legacy\zstd_v05.c(3145): warning C6297: Арифметическое переполнение.  Результаты могут не быть ожидаемым значением. [D:\STSoC-3.0\3rd_party\Src\zstd\libzstd.vcxproj]
         D:\STSoC-3.0\3rd_party\Src\zstd\zstd\lib\legacy\zstd_v06.c(1452): warning C6001: Использование неинициализированной памяти "symbolNext".: Lines: 1404, 1405, 1406, 1408, 1409, 1410, 1413, 1414, 1417, 1418, 1419, 1420, 1421, 1422, 1430, 1434, 1435, 1436, 1437, 1445, 1449, 1450, 1451, 1452, 1453, 1454, 1452 [D:\STSoC-3.0\3rd_party\Src\zstd\libzstd.vcxproj]
         D:\STSoC-3.0\3rd_party\Src\zstd\zstd\lib\legacy\zstd_v06.c(1538): warning C6326: Возможное сравнение константы с другой константой. [D:\STSoC-3.0\3rd_party\Src\zstd\libzstd.vcxproj]
         D:\STSoC-3.0\3rd_party\Src\zstd\zstd\lib\legacy\zstd_v06.c(1543): warning C6326: Возможное сравнение константы с другой константой. [D:\STSoC-3.0\3rd_party\Src\zstd\libzstd.vcxproj]
         D:\STSoC-3.0\3rd_party\Src\zstd\zstd\lib\legacy\zstd_v06.c(1548): warning C6326: Возможное сравнение константы с другой константой. [D:\STSoC-3.0\3rd_party\Src\zstd\libzstd.vcxproj]
         D:\STSoC-3.0\3rd_party\Src\zstd\zstd\lib\legacy\zstd_v06.c(1593): warning C6262: Функция использует байты стека "16972".  Рассмотрите возможность перемещения некоторых данных в кучу. [D:\STSoC-3.0\3rd_party\Src\zstd\libzstd.vcxproj]
         D:\STSoC-3.0\3rd_party\Src\zstd\zstd\lib\legacy\zstd_v07.c(1473): warning C6001: Использование неинициализированной памяти "symbolNext".: Lines: 1425, 1426, 1427, 1429, 1430, 1431, 1434, 1435, 1438, 1439, 1440, 1441, 1442, 1443, 1451, 1455, 1456, 1457, 1458, 1466, 1470, 1471, 1472, 1473, 1474, 1475, 1473 [D:\STSoC-3.0\3rd_party\Src\zstd\libzstd.vcxproj]
         D:\STSoC-3.0\3rd_party\Src\zstd\zstd\lib\legacy\zstd_v07.c(1559): warning C6326: Возможное сравнение константы с другой константой. [D:\STSoC-3.0\3rd_party\Src\zstd\libzstd.vcxproj]
         D:\STSoC-3.0\3rd_party\Src\zstd\zstd\lib\legacy\zstd_v07.c(1564): warning C6326: Возможное сравнение константы с другой константой. [D:\STSoC-3.0\3rd_party\Src\zstd\libzstd.vcxproj]
         D:\STSoC-3.0\3rd_party\Src\zstd\zstd\lib\legacy\zstd_v07.c(1569): warning C6326: Возможное сравнение константы с другой константой. [D:\STSoC-3.0\3rd_party\Src\zstd\libzstd.vcxproj]
         D:\STSoC-3.0\3rd_party\Src\zstd\zstd\lib\legacy\zstd_v07.c(1614): warning C6262: Функция использует байты стека "16972".  Рассмотрите возможность перемещения некоторых данных в кучу. [D:\STSoC-3.0\3rd_party\Src\zstd\libzstd.vcxproj]
         D:\STSoC-3.0\3rd_party\Src\zstd\zstd\lib\legacy\zstd_v06.c(2436): warning C6262: Функция использует байты стека "16436".  Рассмотрите возможность перемещения некоторых данных в кучу. [D:\STSoC-3.0\3rd_party\Src\zstd\libzstd.vcxproj]
         D:\STSoC-3.0\3rd_party\Src\zstd\zstd\lib\legacy\zstd_v07.c(2270): warning C6262: Функция использует байты стека "16420".  Рассмотрите возможность перемещения некоторых данных в кучу. [D:\STSoC-3.0\3rd_party\Src\zstd\libzstd.vcxproj]
         D:\STSoC-3.0\3rd_party\Src\zstd\zstd\lib\legacy\zstd_v06.c(2544): warning C6262: Функция использует байты стека "16436".  Рассмотрите возможность перемещения некоторых данных в кучу. [D:\STSoC-3.0\3rd_party\Src\zstd\libzstd.vcxproj]
         D:\STSoC-3.0\3rd_party\Src\zstd\zstd\lib\legacy\zstd_v07.c(2392): warning C6262: Функция использует байты стека "16420".  Рассмотрите возможность перемещения некоторых данных в кучу. [D:\STSoC-3.0\3rd_party\Src\zstd\libzstd.vcxproj]


       "D:\STSoC-3.0\STSoC-Engine.sln" (целевой объект Rebuild ) (1) ->
       "D:\STSoC-3.0\ogsr_engine\Luabind\luabind.vcxproj.metaproj" (целевой объект Rebuild ) (4) ->
       "D:\STSoC-3.0\ogsr_engine\LuaJIT\src\luajit.vcxproj" (целевой объект Rebuild ) (25) ->
       (Целевой объект Rebuild) -> 
         lj_asm.c(1032): warning C4244: =: преобразование "ptrdiff_t" в "uint16_t", возможна потеря данных [D:\STSoC-3.0\ogsr_engine\LuaJIT\src\luajit.vcxproj]
         lj_ccallback.c(122): warning C5287: операнды - это разные типы перечислений "x86Op" и "<unnamed-enum-RID_EAX>"; используйте явное приведение для отключения этого предупреждения [D:\STSoC-3.0\ogsr_engine\LuaJIT\src\luajit.vcxproj]
         lj_ccallback.c(128): warning C5287: операнды - это разные типы перечислений "x86Op" и "<unnamed-enum-RID_EAX>"; используйте явное приведение для отключения этого предупреждения [D:\STSoC-3.0\ogsr_engine\LuaJIT\src\luajit.vcxproj]
         lj_ffrecord.c(1190): warning C4244: функция: преобразование "ptrdiff_t" в "int", возможна потеря данных [D:\STSoC-3.0\ogsr_engine\LuaJIT\src\luajit.vcxproj]
         lj_ffrecord.c(1224): warning C4244: функция: преобразование "ptrdiff_t" в "int", возможна потеря данных [D:\STSoC-3.0\ogsr_engine\LuaJIT\src\luajit.vcxproj]
         lib_buffer.c(129): warning C4244: функция: преобразование "ptrdiff_t" в "int", возможна потеря данных [D:\STSoC-3.0\ogsr_engine\LuaJIT\src\luajit.vcxproj]
         lib_buffer.c(141): warning C4244: функция: преобразование "ptrdiff_t" в "int", возможна потеря данных [D:\STSoC-3.0\ogsr_engine\LuaJIT\src\luajit.vcxproj]
         lib_buffer.c(170): warning C4244: функция: преобразование "ptrdiff_t" в "int", возможна потеря данных [D:\STSoC-3.0\ogsr_engine\LuaJIT\src\luajit.vcxproj]
         lib_buffer.c(178): warning C4244: return: преобразование "ptrdiff_t" в "int", возможна потеря данных [D:\STSoC-3.0\ogsr_engine\LuaJIT\src\luajit.vcxproj]


       "D:\STSoC-3.0\STSoC-Engine.sln" (целевой объект Rebuild ) (1) ->
       "D:\STSoC-3.0\3rd_party\Src\DirectXTex\DirectXTex.vcxproj" (целевой объект Rebuild ) (23:2) ->
       (Целевой объект ClCompile) -> 
         C:\Program Files (x86)\Windows Kits\10\Include\10.0.26100.0\um\winuser.h(6779,14): warning C4865: базовый тип "tagFEEDBACK_TYPE" изменится при указании в командной строке параметра "/Zc:enumTypes" [D:\STSoC-3.0\3rd_party\Src\DirectXTex\DirectXTex.vcxproj]
         C:\Program Files (x86)\Windows Kits\10\Include\10.0.26100.0\um\winuser.h(15416,14): warning C4865: базовый тип "tagPOINTER_DEVICE_TYPE" изменится при указании в командной строке параметра "/Zc:enumTypes" [D:\STSoC-3.0\3rd_party\Src\DirectXTex\DirectXTex.vcxproj]
         C:\Program Files (x86)\Windows Kits\10\Include\10.0.26100.0\um\winuser.h(15447,14): warning C4865: базовый тип "tagPOINTER_DEVICE_CURSOR_TYPE" изменится при указании в командной строке параметра "/Zc:enumTypes" [D:\STSoC-3.0\3rd_party\Src\DirectXTex\DirectXTex.vcxproj]
         C:\Program Files (x86)\Windows Kits\10\Include\10.0.26100.0\shared\wtypesbase.h(367,6): warning C4865: базовый тип "tagCLSCTX" изменится при указании в командной строке параметра "/Zc:enumTypes" [D:\STSoC-3.0\3rd_party\Src\DirectXTex\DirectXTex.vcxproj]
         C:\Program Files (x86)\Windows Kits\10\Include\10.0.26100.0\um\objidlbase.h(7906,6): warning C4865: базовый тип "CO_MARSHALING_CONTEXT_ATTRIBUTES" изменится при указании в командной строке параметра "/Zc:enumTypes" [D:\STSoC-3.0\3rd_party\Src\DirectXTex\DirectXTex.vcxproj]
         C:\Program Files (x86)\Windows Kits\10\Include\10.0.26100.0\um\urlmon.h(1362,6): warning C4865: базовый тип "__MIDL_IBindStatusCallback_0003" изменится при указании в командной строке параметра "/Zc:enumTypes" [D:\STSoC-3.0\3rd_party\Src\DirectXTex\DirectXTex.vcxproj]
         C:\Program Files (x86)\Windows Kits\10\Include\10.0.26100.0\um\urlmon.h(1806,6): warning C4865: базовый тип "__MIDL_IBindStatusCallbackEx_0001" изменится при указании в командной строке параметра "/Zc:enumTypes" [D:\STSoC-3.0\3rd_party\Src\DirectXTex\DirectXTex.vcxproj]
         C:\Program Files (x86)\Windows Kits\10\Include\10.0.26100.0\shared\dxgicommon.h(27,14): warning C4865: базовый тип "DXGI_COLOR_SPACE_TYPE" изменится при указании в командной строке параметра "/Zc:enumTypes" [D:\STSoC-3.0\3rd_party\Src\DirectXTex\DirectXTex.vcxproj]
         C:\Program Files (x86)\Windows Kits\10\Include\10.0.26100.0\shared\dxgiformat.h(11,14): warning C4865: базовый тип "DXGI_FORMAT" изменится при указании в командной строке параметра "/Zc:enumTypes" [D:\STSoC-3.0\3rd_party\Src\DirectXTex\DirectXTex.vcxproj]
         C:\Program Files (x86)\Windows Kits\10\Include\10.0.26100.0\um\d3d12.h(2226,6): warning C4865: базовый тип "D3D12_STANDARD_MULTISAMPLE_QUALITY_LEVELS" изменится при указании в командной строке параметра "/Zc:enumTypes" [D:\STSoC-3.0\3rd_party\Src\DirectXTex\DirectXTex.vcxproj]
         C:\Program Files (x86)\Windows Kits\10\Include\10.0.26100.0\um\d3d12.h(3227,6): warning C4865: базовый тип "D3D12_RESOURCE_STATES" изменится при указании в командной строке параметра "/Zc:enumTypes" [D:\STSoC-3.0\3rd_party\Src\DirectXTex\DirectXTex.vcxproj]
         C:\Program Files (x86)\Windows Kits\10\Include\10.0.26100.0\um\d3d12.h(10139,6): warning C4865: базовый тип "D3D12_RESIDENCY_PRIORITY" изменится при указании в командной строке параметра "/Zc:enumTypes" [D:\STSoC-3.0\3rd_party\Src\DirectXTex\DirectXTex.vcxproj]
         C:\Program Files (x86)\Windows Kits\10\Include\10.0.26100.0\um\d3d12.h(14800,6): warning C4865: базовый тип "D3D12_SERIALIZED_RAYTRACING_ACCELERATION_STRUCTURE_HEADER_POSTAMBLE_TYPE" изменится при указании в командной строке параметра "/Zc:enumTypes" [D:\STSoC-3.0\3rd_party\Src\DirectXTex\DirectXTex.vcxproj]
         C:\Program Files (x86)\Windows Kits\10\Include\10.0.26100.0\um\d3d12.h(15912,6): warning C4865: базовый тип "D3D12_DRED_ALLOCATION_TYPE" изменится при указании в командной строке параметра "/Zc:enumTypes" [D:\STSoC-3.0\3rd_party\Src\DirectXTex\DirectXTex.vcxproj]
         C:\Program Files (x86)\Windows Kits\10\Include\10.0.26100.0\um\d3d12.h(22121,6): warning C4865: базовый тип "D3D12_BARRIER_LAYOUT" изменится при указании в командной строке параметра "/Zc:enumTypes" [D:\STSoC-3.0\3rd_party\Src\DirectXTex\DirectXTex.vcxproj]
         C:\Program Files (x86)\Windows Kits\10\Include\10.0.26100.0\um\d3d12.h(22159,6): warning C4865: базовый тип "D3D12_BARRIER_SYNC" изменится при указании в командной строке параметра "/Zc:enumTypes" [D:\STSoC-3.0\3rd_party\Src\DirectXTex\DirectXTex.vcxproj]
         C:\Program Files (x86)\Windows Kits\10\Include\10.0.26100.0\um\d3d12.h(22189,6): warning C4865: базовый тип "D3D12_BARRIER_ACCESS" изменится при указании в командной строке параметра "/Zc:enumTypes" [D:\STSoC-3.0\3rd_party\Src\DirectXTex\DirectXTex.vcxproj]
         C:\Program Files (x86)\Windows Kits\10\Include\10.0.26100.0\shared\dxgi.h(2508,6): warning C4865: базовый тип "DXGI_ADAPTER_FLAG" изменится при указании в командной строке параметра "/Zc:enumTypes" [D:\STSoC-3.0\3rd_party\Src\DirectXTex\DirectXTex.vcxproj]
         C:\Program Files (x86)\Windows Kits\10\Include\10.0.26100.0\shared\dxgi1_2.h(542,6): warning C4865: базовый тип "DXGI_ALPHA_MODE" изменится при указании в командной строке параметра "/Zc:enumTypes" [D:\STSoC-3.0\3rd_party\Src\DirectXTex\DirectXTex.vcxproj]
         C:\Program Files (x86)\Windows Kits\10\Include\10.0.26100.0\um\d3d11.h(7005,6): warning C4865: базовый тип "D3D11_STANDARD_MULTISAMPLE_QUALITY_LEVELS" изменится при указании в командной строке параметра "/Zc:enumTypes" [D:\STSoC-3.0\3rd_party\Src\DirectXTex\DirectXTex.vcxproj]
         C:\Program Files (x86)\Windows Kits\10\Include\10.0.26100.0\um\d3d11.h(10437,6): warning C4865: базовый тип "D3D11_VIDEO_PROCESSOR_ITELECINE_CAPS" изменится при указании в командной строке параметра "/Zc:enumTypes" [D:\STSoC-3.0\3rd_party\Src\DirectXTex\DirectXTex.vcxproj]
         C:\Program Files (x86)\Windows Kits\10\Include\10.0.26100.0\um\d3d11.h(11368,6): warning C4865: базовый тип "D3D11_BUS_TYPE" изменится при указании в командной строке параметра "/Zc:enumTypes" [D:\STSoC-3.0\3rd_party\Src\DirectXTex\DirectXTex.vcxproj]
         C:\Program Files (x86)\Windows Kits\10\Include\10.0.26100.0\um\d3d10.h(3974,6): warning C4865: базовый тип "D3D10_FILTER" изменится при указании в командной строке параметра "/Zc:enumTypes" [D:\STSoC-3.0\3rd_party\Src\DirectXTex\DirectXTex.vcxproj]
         C:\Program Files (x86)\Windows Kits\10\Include\10.0.26100.0\um\d3d10_1.h(511,6): warning C4865: базовый тип "D3D10_STANDARD_MULTISAMPLE_QUALITY_LEVELS" изменится при указании в командной строке параметра "/Zc:enumTypes" [D:\STSoC-3.0\3rd_party\Src\DirectXTex\DirectXTex.vcxproj]
         C:\Program Files (x86)\Windows Kits\10\Include\10.0.26100.0\um\dcommon.h(132,14): warning C4865: базовый тип "D2D1_ALPHA_MODE" изменится при указании в командной строке параметра "/Zc:enumTypes" [D:\STSoC-3.0\3rd_party\Src\DirectXTex\DirectXTex.vcxproj]
         C:\Program Files (x86)\Windows Kits\10\Include\10.0.26100.0\um\wincodec.h(723,6): warning C4865: базовый тип "WICComponentEnumerateOptions" изменится при указании в командной строке параметра "/Zc:enumTypes" [D:\STSoC-3.0\3rd_party\Src\DirectXTex\DirectXTex.vcxproj]
         C:\Program Files (x86)\Windows Kits\10\Include\10.0.26100.0\um\wincodec.h(839,6): warning C4865: базовый тип "WICProgressNotification" изменится при указании в командной строке параметра "/Zc:enumTypes" [D:\STSoC-3.0\3rd_party\Src\DirectXTex\DirectXTex.vcxproj]
         C:\Program Files (x86)\Windows Kits\10\Include\10.0.26100.0\um\wincodec.h(849,6): warning C4865: базовый тип "WICComponentSigning" изменится при указании в командной строке параметра "/Zc:enumTypes" [D:\STSoC-3.0\3rd_party\Src\DirectXTex\DirectXTex.vcxproj]


       "D:\STSoC-3.0\STSoC-Engine.sln" (целевой объект Rebuild ) (1) ->
       "D:\STSoC-3.0\ogsr_engine\xr_3da\XR_3DA.vcxproj.metaproj" (целевой объект Rebuild ) (6) ->
       "D:\STSoC-3.0\ogsr_engine\Layers\xrRenderPC_R4\xrRender_R4.vcxproj" (целевой объект Rebuild ) (12) ->
       "D:\STSoC-3.0\ogsr_engine\xrCore\xrCore.vcxproj" (целевой объект по умолчанию) (14:4) ->
       "D:\STSoC-3.0\3rd_party\Src\libsquashfs\libsquashfs.vcxproj" (целевой объект по умолчанию) (18:2) ->
       "D:\STSoC-3.0\3rd_party\Src\lz4\liblz4.vcxproj" (целевой объект по умолчанию) (20:2) ->
         D:\STSoC-3.0\3rd_party\Src\lz4\lz4\lib\lz4.c(561): warning C6385: Чтение недопустимых данных из "v":  доступный для чтения объем равен "_Old_4`2" байт, однако считать можно только "4" байт.: Lines: 546, 550, 554, 555, 556, 561 [D:\STSoC-3.0\3rd_party\Src\lz4\liblz4.vcxproj]
         D:\STSoC-3.0\3rd_party\Src\lz4\lz4\lib\lz4.c(561): warning C6385: Чтение недопустимых данных из "v":  доступный для чтения объем равен "_Old_4`2" байт, однако считать можно только "4" байт.: Lines: 546, 550, 554, 555, 556, 561 [D:\STSoC-3.0\3rd_party\Src\lz4\liblz4.vcxproj]


       "D:\STSoC-3.0\STSoC-Engine.sln" (целевой объект Rebuild ) (1) ->
       "D:\STSoC-3.0\ogsr_engine\xr_3da\XR_3DA.vcxproj.metaproj" (целевой объект Rebuild ) (6) ->
       "D:\STSoC-3.0\ogsr_engine\Layers\xrRenderPC_R4\xrRender_R4.vcxproj" (целевой объект Rebuild ) (12) ->
       "D:\STSoC-3.0\ogsr_engine\xrCore\xrCore.vcxproj" (целевой объект по умолчанию) (14:4) ->
         D:\STSoC-3.0\3rd_party\Src\tracy\public\common\TracySystem.cpp(135,65): warning C4100: "groupHint": неиспользованный параметр [D:\STSoC-3.0\ogsr_engine\xrCore\xrCore.vcxproj]


       "D:\STSoC-3.0\STSoC-Engine.sln" (целевой объект Rebuild ) (1) ->
       "D:\STSoC-3.0\ogsr_engine\xr_3da\XR_3DA.vcxproj.metaproj" (целевой объект Rebuild ) (6) ->
       "D:\STSoC-3.0\ogsr_engine\Layers\xrRenderPC_R4\xrRender_R4.vcxproj" (целевой объект Rebuild ) (12) ->
       "D:\STSoC-3.0\ogsr_engine\xrCore\xrCore.vcxproj" (целевой объект по умолчанию) (14:4) ->
         D:\STSoC-3.0\3rd_party\Src\libsquashfs\squashfs-tools-ng\include\sqfs\dir_entry.h(99,7): warning C4200: нестандартное расширение: массив нулевого размера в структуре (объединении) [D:\STSoC-3.0\ogsr_engine\xrCore\xrCore.vcxproj]
         D:\STSoC-3.0\3rd_party\Src\libsquashfs\squashfs-tools-ng\include\sqfs\inode.h(535,11): warning C4200: нестандартное расширение: массив нулевого размера в структуре (объединении) [D:\STSoC-3.0\ogsr_engine\xrCore\xrCore.vcxproj]
         D:\STSoC-3.0\ogsr_engine\xrCore\arc_sqfs.cpp(293,105): warning C4244: аргумент: преобразование "sqfs::sqfs_s64" в "u32", возможна потеря данных [D:\STSoC-3.0\ogsr_engine\xrCore\xrCore.vcxproj]
         D:\STSoC-3.0\ogsr_engine\xrCore\arc_sqfs.cpp(293,71): warning C4244: аргумент: преобразование "s64" в "u32", возможна потеря данных [D:\STSoC-3.0\ogsr_engine\xrCore\xrCore.vcxproj]
         D:\STSoC-3.0\ogsr_engine\xrCore\arc_sqfs.cpp(330,5): warning C4389: '==': несоответствие знака и беззнака [D:\STSoC-3.0\ogsr_engine\xrCore\xrCore.vcxproj]
         D:\STSoC-3.0\3rd_party\Src\mimalloc\mimalloc\include\mimalloc-new-delete.h(40,24): warning C4559: operator new: повторное определение; функция получает __declspec(restrict) [D:\STSoC-3.0\ogsr_engine\xrCore\xrCore.vcxproj]
         D:\STSoC-3.0\3rd_party\Src\mimalloc\mimalloc\include\mimalloc-new-delete.h(41,24): warning C4559: operator new[]: повторное определение; функция получает __declspec(restrict) [D:\STSoC-3.0\ogsr_engine\xrCore\xrCore.vcxproj]
         D:\STSoC-3.0\3rd_party\Src\mimalloc\mimalloc\include\mimalloc-new-delete.h(43,32): warning C4559: operator new: повторное определение; функция получает __declspec(restrict) [D:\STSoC-3.0\ogsr_engine\xrCore\xrCore.vcxproj]
         D:\STSoC-3.0\3rd_party\Src\mimalloc\mimalloc\include\mimalloc-new-delete.h(44,32): warning C4559: operator new[]: повторное определение; функция получает __declspec(restrict) [D:\STSoC-3.0\ogsr_engine\xrCore\xrCore.vcxproj]
         D:\STSoC-3.0\ogsr_engine\xrCore\xrstring.cpp(55,37): warning C4366: Результат применения унарного оператора "&" может быть невыровненным [D:\STSoC-3.0\ogsr_engine\xrCore\xrCore.vcxproj]


       "D:\STSoC-3.0\STSoC-Engine.sln" (целевой объект Rebuild ) (1) ->
       "D:\STSoC-3.0\ogsr_engine\Luabind\luabind.vcxproj.metaproj" (целевой объект Rebuild ) (4) ->
       "D:\STSoC-3.0\ogsr_engine\Luabind\luabind.vcxproj" (целевой объект Rebuild ) (27) ->
       "D:\STSoC-3.0\ogsr_engine\LuaJIT\src\luajit.vcxproj" (целевой объект по умолчанию) (25:4) ->
       (Целевой объект Build) -> 
         lj_asm.c(1032): warning C4244: =: преобразование "ptrdiff_t" в "uint16_t", возможна потеря данных [D:\STSoC-3.0\ogsr_engine\LuaJIT\src\luajit.vcxproj]
         lj_ccallback.c(122): warning C5287: операнды - это разные типы перечислений "x86Op" и "<unnamed-enum-RID_EAX>"; используйте явное приведение для отключения этого предупреждения [D:\STSoC-3.0\ogsr_engine\LuaJIT\src\luajit.vcxproj]
         lj_ccallback.c(128): warning C5287: операнды - это разные типы перечислений "x86Op" и "<unnamed-enum-RID_EAX>"; используйте явное приведение для отключения этого предупреждения [D:\STSoC-3.0\ogsr_engine\LuaJIT\src\luajit.vcxproj]
         lj_ffrecord.c(1190): warning C4244: функция: преобразование "ptrdiff_t" в "int", возможна потеря данных [D:\STSoC-3.0\ogsr_engine\LuaJIT\src\luajit.vcxproj]
         lj_ffrecord.c(1224): warning C4244: функция: преобразование "ptrdiff_t" в "int", возможна потеря данных [D:\STSoC-3.0\ogsr_engine\LuaJIT\src\luajit.vcxproj]
         lib_buffer.c(129): warning C4244: функция: преобразование "ptrdiff_t" в "int", возможна потеря данных [D:\STSoC-3.0\ogsr_engine\LuaJIT\src\luajit.vcxproj]
         lib_buffer.c(141): warning C4244: функция: преобразование "ptrdiff_t" в "int", возможна потеря данных [D:\STSoC-3.0\ogsr_engine\LuaJIT\src\luajit.vcxproj]
         lib_buffer.c(170): warning C4244: функция: преобразование "ptrdiff_t" в "int", возможна потеря данных [D:\STSoC-3.0\ogsr_engine\LuaJIT\src\luajit.vcxproj]
         lib_buffer.c(178): warning C4244: return: преобразование "ptrdiff_t" в "int", возможна потеря данных [D:\STSoC-3.0\ogsr_engine\LuaJIT\src\luajit.vcxproj]


       "D:\STSoC-3.0\STSoC-Engine.sln" (целевой объект Rebuild ) (1) ->
       "D:\STSoC-3.0\ogsr_engine\xr_3da\XR_3DA.vcxproj.metaproj" (целевой объект Rebuild ) (6) ->
       "D:\STSoC-3.0\ogsr_engine\Layers\xrRenderPC_R4\xrRender_R4.vcxproj" (целевой объект Rebuild ) (12) ->
       (Целевой объект ClCompile) -> 
         D:\STSoC-3.0\ogsr_engine\Layers\xrRender\blenders\Blender_Recorder.h(30,16): warning C4121: CBlender_Compile: выравнивание члена зависит от упаковки [D:\STSoC-3.0\ogsr_engine\Layers\xrRenderPC_R4\xrRender_R4.vcxproj]


       "D:\STSoC-3.0\STSoC-Engine.sln" (целевой объект Rebuild ) (1) ->
       "D:\STSoC-3.0\ogsr_engine\xr_3da\XR_3DA.vcxproj.metaproj" (целевой объект Rebuild ) (6) ->
       "D:\STSoC-3.0\ogsr_engine\Layers\xrRenderPC_R4\xrRender_R4.vcxproj" (целевой объект Rebuild ) (12) ->
         D:\STSoC-3.0\ogsr_engine\Layers\xrRender\ParticleEffectDef.cpp(43,47): warning C4244: return: преобразование "float" в "u32", возможна потеря данных [D:\STSoC-3.0\ogsr_engine\Layers\xrRenderPC_R4\xrRender_R4.vcxproj]
         D:\STSoC-3.0\ogsr_engine\Layers\xrRender\R_Backend_Runtime.cpp(178,13): warning C5054: оператор '+': устарел при перечислении различных типов [D:\STSoC-3.0\ogsr_engine\Layers\xrRenderPC_R4\xrRender_R4.vcxproj]
         D:\STSoC-3.0\ogsr_engine\Layers\xrRender\R_Backend_Runtime.cpp(198,13): warning C5054: оператор '+': устарел при перечислении различных типов [D:\STSoC-3.0\ogsr_engine\Layers\xrRenderPC_R4\xrRender_R4.vcxproj]
         D:\STSoC-3.0\ogsr_engine\Layers\xrRender\R_Backend_Runtime.cpp(218,13): warning C5054: оператор '+': устарел при перечислении различных типов [D:\STSoC-3.0\ogsr_engine\Layers\xrRenderPC_R4\xrRender_R4.vcxproj]
         D:\STSoC-3.0\ogsr_engine\Layers\xrRender\R_Backend_Runtime.cpp(238,13): warning C5054: оператор '+': устарел при перечислении различных типов [D:\STSoC-3.0\ogsr_engine\Layers\xrRenderPC_R4\xrRender_R4.vcxproj]
         D:\STSoC-3.0\ogsr_engine\Layers\xrRender\R_Backend_Runtime.cpp(258,13): warning C5054: оператор '+': устарел при перечислении различных типов [D:\STSoC-3.0\ogsr_engine\Layers\xrRenderPC_R4\xrRender_R4.vcxproj]


       "D:\STSoC-3.0\STSoC-Engine.sln" (целевой объект Rebuild ) (1) ->
       "D:\STSoC-3.0\ogsr_engine\xr_3da\XR_3DA.vcxproj.metaproj" (целевой объект Rebuild ) (6) ->
       "D:\STSoC-3.0\ogsr_engine\xr_3da\XR_3DA.vcxproj" (целевой объект Rebuild ) (29) ->
         C:\Program Files\Microsoft Visual Studio\18\Insiders\VC\Tools\MSVC\14.51.36231\include\algorithm(4248,24): warning C4244: =: преобразование "int" в "char", возможна потеря данных [D:\STSoC-3.0\ogsr_engine\xr_3da\XR_3DA.vcxproj]


       "D:\STSoC-3.0\STSoC-Engine.sln" (целевой объект Rebuild ) (1) ->
       "D:\STSoC-3.0\ogsr_engine\xr_3da\XR_3DA.vcxproj.metaproj" (целевой объект Rebuild ) (6) ->
       "D:\STSoC-3.0\ogsr_engine\xr_3da\XR_3DA.vcxproj" (целевой объект Rebuild ) (29) ->
       (Целевой объект Link) -> 
         D:\STSoC-3.0\3rd_party\Src\ode\ode\src\collision_util.cpp(441): warning C4756: переполнение при расчете констант [D:\STSoC-3.0\ogsr_engine\xr_3da\XR_3DA.vcxproj]
         D:\STSoC-3.0\3rd_party\Src\ode\ode\src\collision_util.cpp(442): warning C4756: переполнение при расчете констант [D:\STSoC-3.0\ogsr_engine\xr_3da\XR_3DA.vcxproj]
         D:\STSoC-3.0\3rd_party\Src\ode\ode\src\collision_util.cpp(443): warning C4756: переполнение при расчете констант [D:\STSoC-3.0\ogsr_engine\xr_3da\XR_3DA.vcxproj]
         D:\STSoC-3.0\3rd_party\Src\ode\ode\src\collision_util.cpp(444): warning C4756: переполнение при расчете констант [D:\STSoC-3.0\ogsr_engine\xr_3da\XR_3DA.vcxproj]
         D:\STSoC-3.0\3rd_party\Src\ode\ode\src\collision_util.cpp(445): warning C4756: переполнение при расчете констант [D:\STSoC-3.0\ogsr_engine\xr_3da\XR_3DA.vcxproj]
         D:\STSoC-3.0\3rd_party\Src\ode\ode\src\collision_util.cpp(446): warning C4756: переполнение при расчете констант [D:\STSoC-3.0\ogsr_engine\xr_3da\XR_3DA.vcxproj]
         D:\STSoC-3.0\3rd_party\Src\ode\ode\src\joint.cpp(1295): warning C4756: переполнение при расчете констант [D:\STSoC-3.0\ogsr_engine\xr_3da\XR_3DA.vcxproj]
         D:\STSoC-3.0\3rd_party\Src\ode\ode\src\joint.cpp(1296): warning C4756: переполнение при расчете констант [D:\STSoC-3.0\ogsr_engine\xr_3da\XR_3DA.vcxproj]
         D:\STSoC-3.0\3rd_party\Src\ode\ode\src\joint.cpp(1300): warning C4756: переполнение при расчете констант [D:\STSoC-3.0\ogsr_engine\xr_3da\XR_3DA.vcxproj]
         D:\STSoC-3.0\3rd_party\Src\ode\ode\src\joint.cpp(408): warning C4756: переполнение при расчете констант [D:\STSoC-3.0\ogsr_engine\xr_3da\XR_3DA.vcxproj]
         D:\STSoC-3.0\3rd_party\Src\ode\ode\src\joint.cpp(409): warning C4756: переполнение при расчете констант [D:\STSoC-3.0\ogsr_engine\xr_3da\XR_3DA.vcxproj]
         D:\STSoC-3.0\3rd_party\Src\ode\ode\src\collision_space.cpp(113): warning C4756: переполнение при расчете констант [D:\STSoC-3.0\ogsr_engine\xr_3da\XR_3DA.vcxproj]
         D:\STSoC-3.0\3rd_party\Src\ode\ode\src\collision_space.cpp(114): warning C4756: переполнение при расчете констант [D:\STSoC-3.0\ogsr_engine\xr_3da\XR_3DA.vcxproj]
         D:\STSoC-3.0\3rd_party\Src\ode\ode\src\collision_space.cpp(115): warning C4756: переполнение при расчете констант [D:\STSoC-3.0\ogsr_engine\xr_3da\XR_3DA.vcxproj]
         D:\STSoC-3.0\3rd_party\Src\ode\ode\src\collision_space.cpp(116): warning C4756: переполнение при расчете констант [D:\STSoC-3.0\ogsr_engine\xr_3da\XR_3DA.vcxproj]
         D:\STSoC-3.0\3rd_party\Src\ode\ode\src\collision_space.cpp(117): warning C4756: переполнение при расчете констант [D:\STSoC-3.0\ogsr_engine\xr_3da\XR_3DA.vcxproj]
         D:\STSoC-3.0\3rd_party\Src\ode\ode\src\collision_space.cpp(118): warning C4756: переполнение при расчете констант [D:\STSoC-3.0\ogsr_engine\xr_3da\XR_3DA.vcxproj]
         D:\STSoC-3.0\3rd_party\Src\ode\ode\src\joint.cpp(616): warning C4756: переполнение при расчете констант [D:\STSoC-3.0\ogsr_engine\xr_3da\XR_3DA.vcxproj]
         D:\STSoC-3.0\3rd_party\Src\ode\ode\src\joint.cpp(617): warning C4756: переполнение при расчете констант [D:\STSoC-3.0\ogsr_engine\xr_3da\XR_3DA.vcxproj]
         D:\STSoC-3.0\3rd_party\Src\ode\ode\src\joint.cpp(623): warning C4756: переполнение при расчете констант [D:\STSoC-3.0\ogsr_engine\xr_3da\XR_3DA.vcxproj]
         D:\STSoC-3.0\3rd_party\Src\ode\ode\src\joint.cpp(627): warning C4756: переполнение при расчете констант [D:\STSoC-3.0\ogsr_engine\xr_3da\XR_3DA.vcxproj]
         D:\STSoC-3.0\ogsr_engine\Layers\xrRender\FBasicVisual.cpp(206): warning C4172: возвращаемый адрес локальной переменной или временного [D:\STSoC-3.0\ogsr_engine\xr_3da\XR_3DA.vcxproj]
         D:\STSoC-3.0\ogsr_engine\Layers\xrRender\FBasicVisual.cpp(209): warning C4172: возвращаемый адрес локальной переменной или временного [D:\STSoC-3.0\ogsr_engine\xr_3da\XR_3DA.vcxproj]
         D:\STSoC-3.0\ogsr_engine\xr_3da\CameraBase.h(42): warning C4172: возвращаемый адрес локальной переменной или временного [D:\STSoC-3.0\ogsr_engine\xr_3da\XR_3DA.vcxproj]
         D:\STSoC-3.0\ogsr_engine\xrGame\PHJoint.cpp(1211): warning C4756: переполнение при расчете констант [D:\STSoC-3.0\ogsr_engine\xr_3da\XR_3DA.vcxproj]
         D:\STSoC-3.0\ogsr_engine\xrGame\PHJoint.cpp(1212): warning C4756: переполнение при расчете констант [D:\STSoC-3.0\ogsr_engine\xr_3da\XR_3DA.vcxproj]
         D:\STSoC-3.0\ogsr_engine\xrGame\Hit.cpp(39): warning C4756: переполнение при расчете констант [D:\STSoC-3.0\ogsr_engine\xr_3da\XR_3DA.vcxproj]
         D:\STSoC-3.0\ogsr_engine\xrGame\Hit.cpp(40): warning C4756: переполнение при расчете констант [D:\STSoC-3.0\ogsr_engine\xr_3da\XR_3DA.vcxproj]
         D:\STSoC-3.0\ogsr_engine\xrGame\Hit.cpp(40): warning C4756: переполнение при расчете констант [D:\STSoC-3.0\ogsr_engine\xr_3da\XR_3DA.vcxproj]
         D:\STSoC-3.0\ogsr_engine\xrGame\Hit.cpp(40): warning C4756: переполнение при расчете констант [D:\STSoC-3.0\ogsr_engine\xr_3da\XR_3DA.vcxproj]
         D:\STSoC-3.0\ogsr_engine\xrGame\Hit.cpp(46): warning C4756: переполнение при расчете констант [D:\STSoC-3.0\ogsr_engine\xr_3da\XR_3DA.vcxproj]
         D:\STSoC-3.0\ogsr_engine\xrGame\Hit.cpp(46): warning C4756: переполнение при расчете констант [D:\STSoC-3.0\ogsr_engine\xr_3da\XR_3DA.vcxproj]
         D:\STSoC-3.0\ogsr_engine\xrGame\Hit.cpp(46): warning C4756: переполнение при расчете констант [D:\STSoC-3.0\ogsr_engine\xr_3da\XR_3DA.vcxproj]
         D:\STSoC-3.0\ogsr_engine\xrGame\Hit.cpp(48): warning C4756: переполнение при расчете констант [D:\STSoC-3.0\ogsr_engine\xr_3da\XR_3DA.vcxproj]
         D:\STSoC-3.0\ogsr_engine\xrGame\Hit.cpp(55): warning C4756: переполнение при расчете констант [D:\STSoC-3.0\ogsr_engine\xr_3da\XR_3DA.vcxproj]
         D:\STSoC-3.0\3rd_party\Src\ode\ode\src\lcp.cpp(791): warning C4756: переполнение при расчете констант [D:\STSoC-3.0\ogsr_engine\xr_3da\XR_3DA.vcxproj]
         D:\STSoC-3.0\3rd_party\Src\ode\ode\src\lcp.cpp(791): warning C4756: переполнение при расчете констант [D:\STSoC-3.0\ogsr_engine\xr_3da\XR_3DA.vcxproj]
         D:\STSoC-3.0\ogsr_engine\xrGame\ExtendedGeom.h(242): warning C4756: переполнение при расчете констант [D:\STSoC-3.0\ogsr_engine\xr_3da\XR_3DA.vcxproj]
         D:\STSoC-3.0\ogsr_engine\xrGame\ExtendedGeom.h(243): warning C4756: переполнение при расчете констант [D:\STSoC-3.0\ogsr_engine\xr_3da\XR_3DA.vcxproj]
         D:\STSoC-3.0\ogsr_engine\xrGame\ExtendedGeom.h(244): warning C4756: переполнение при расчете констант [D:\STSoC-3.0\ogsr_engine\xr_3da\XR_3DA.vcxproj]
         D:\STSoC-3.0\3rd_party\Src\ode\ode\src\collision_std.cpp(1866): warning C4756: переполнение при расчете констант [D:\STSoC-3.0\ogsr_engine\xr_3da\XR_3DA.vcxproj]
         D:\STSoC-3.0\3rd_party\Src\ode\ode\src\collision_std.cpp(1867): warning C4756: переполнение при расчете констант [D:\STSoC-3.0\ogsr_engine\xr_3da\XR_3DA.vcxproj]
         D:\STSoC-3.0\3rd_party\Src\ode\ode\src\joint.cpp(1378): warning C4756: переполнение при расчете констант [D:\STSoC-3.0\ogsr_engine\xr_3da\XR_3DA.vcxproj]
         D:\STSoC-3.0\3rd_party\Src\ode\ode\src\collision_std.cpp(812): warning C4756: переполнение при расчете констант [D:\STSoC-3.0\ogsr_engine\xr_3da\XR_3DA.vcxproj]
         D:\STSoC-3.0\3rd_party\Src\ode\ode\src\joint.cpp(1096): warning C4756: переполнение при расчете констант [D:\STSoC-3.0\ogsr_engine\xr_3da\XR_3DA.vcxproj]
         D:\STSoC-3.0\3rd_party\Src\ode\ode\src\joint.cpp(1096): warning C4756: переполнение при расчете констант [D:\STSoC-3.0\ogsr_engine\xr_3da\XR_3DA.vcxproj]
         D:\STSoC-3.0\ogsr_engine\xrGame\dCylinder\dCylinder.cpp(1134): warning C4756: переполнение при расчете констант [D:\STSoC-3.0\ogsr_engine\xr_3da\XR_3DA.vcxproj]
         D:\STSoC-3.0\ogsr_engine\xrGame\dCylinder\dCylinder.cpp(664): warning C4756: переполнение при расчете констант [D:\STSoC-3.0\ogsr_engine\xr_3da\XR_3DA.vcxproj]
         D:\STSoC-3.0\ogsr_engine\xrGame\dCylinder\dCylinder.cpp(243): warning C4756: переполнение при расчете констант [D:\STSoC-3.0\ogsr_engine\xr_3da\XR_3DA.vcxproj]
         D:\STSoC-3.0\ogsr_engine\xrGame\PHJoint.cpp(844): warning C4756: переполнение при расчете констант [D:\STSoC-3.0\ogsr_engine\xr_3da\XR_3DA.vcxproj]
         D:\STSoC-3.0\ogsr_engine\xrGame\PHJoint.cpp(845): warning C4756: переполнение при расчете констант [D:\STSoC-3.0\ogsr_engine\xr_3da\XR_3DA.vcxproj]
         D:\STSoC-3.0\ogsr_engine\xrGame\PHShell.cpp(1171): warning C4756: переполнение при расчете констант [D:\STSoC-3.0\ogsr_engine\xr_3da\XR_3DA.vcxproj]
         D:\STSoC-3.0\ogsr_engine\xrGame\PHShell.cpp(1538): warning C4756: переполнение при расчете констант [D:\STSoC-3.0\ogsr_engine\xr_3da\XR_3DA.vcxproj]
         D:\STSoC-3.0\ogsr_engine\xrGame\PHShell.cpp(1539): warning C4756: переполнение при расчете констант [D:\STSoC-3.0\ogsr_engine\xr_3da\XR_3DA.vcxproj]
         D:\STSoC-3.0\ogsr_engine\xrGame\PHGeometryOwner.cpp(339): warning C4756: переполнение при расчете констант [D:\STSoC-3.0\ogsr_engine\xr_3da\XR_3DA.vcxproj]
         D:\STSoC-3.0\ogsr_engine\xrGame\PHGeometryOwner.cpp(340): warning C4756: переполнение при расчете констант [D:\STSoC-3.0\ogsr_engine\xr_3da\XR_3DA.vcxproj]
         D:\STSoC-3.0\3rd_party\Src\ode\ode\src\lcp.cpp(1245): warning C4756: переполнение при расчете констант [D:\STSoC-3.0\ogsr_engine\xr_3da\XR_3DA.vcxproj]
         D:\STSoC-3.0\3rd_party\Src\ode\ode\src\lcp.cpp(1254): warning C4756: переполнение при расчете констант [D:\STSoC-3.0\ogsr_engine\xr_3da\XR_3DA.vcxproj]
         D:\STSoC-3.0\3rd_party\Src\ode\ode\src\lcp.cpp(1278): warning C4756: переполнение при расчете констант [D:\STSoC-3.0\ogsr_engine\xr_3da\XR_3DA.vcxproj]
         D:\STSoC-3.0\3rd_party\Src\ode\ode\src\lcp.cpp(1287): warning C4756: переполнение при расчете констант [D:\STSoC-3.0\ogsr_engine\xr_3da\XR_3DA.vcxproj]
         D:\STSoC-3.0\3rd_party\Src\ode\ode\src\step.cpp(644): warning C4756: переполнение при расчете констант [D:\STSoC-3.0\ogsr_engine\xr_3da\XR_3DA.vcxproj]
         D:\STSoC-3.0\3rd_party\Src\ode\ode\src\step.cpp(645): warning C4756: переполнение при расчете констант [D:\STSoC-3.0\ogsr_engine\xr_3da\XR_3DA.vcxproj]
         D:\STSoC-3.0\3rd_party\Src\ode\ode\src\quickstep.cpp(859): warning C4756: переполнение при расчете констант [D:\STSoC-3.0\ogsr_engine\xr_3da\XR_3DA.vcxproj]
         D:\STSoC-3.0\3rd_party\Src\ode\ode\src\quickstep.cpp(860): warning C4756: переполнение при расчете констант [D:\STSoC-3.0\ogsr_engine\xr_3da\XR_3DA.vcxproj]
         D:\STSoC-3.0\ogsr_engine\xrGame\ExtendedGeom.h(165): warning C4756: переполнение при расчете констант [D:\STSoC-3.0\ogsr_engine\xr_3da\XR_3DA.vcxproj]
         D:\STSoC-3.0\ogsr_engine\xrGame\ExtendedGeom.h(166): warning C4756: переполнение при расчете констант [D:\STSoC-3.0\ogsr_engine\xr_3da\XR_3DA.vcxproj]
         D:\STSoC-3.0\ogsr_engine\xrGame\ExtendedGeom.h(167): warning C4756: переполнение при расчете констант [D:\STSoC-3.0\ogsr_engine\xr_3da\XR_3DA.vcxproj]
         D:\STSoC-3.0\ogsr_engine\xrGame\tri-colliderKNoOPC\dSortTriPrimitive.h(82): warning C4756: переполнение при расчете констант [D:\STSoC-3.0\ogsr_engine\xr_3da\XR_3DA.vcxproj]
         D:\STSoC-3.0\ogsr_engine\xrGame\tri-colliderKNoOPC\dSortTriPrimitive.h(129): warning C4756: переполнение при расчете констант [D:\STSoC-3.0\ogsr_engine\xr_3da\XR_3DA.vcxproj]
         D:\STSoC-3.0\ogsr_engine\xrGame\tri-colliderKNoOPC\dSortTriPrimitive.h(129): warning C4756: переполнение при расчете констант [D:\STSoC-3.0\ogsr_engine\xr_3da\XR_3DA.vcxproj]
         D:\STSoC-3.0\ogsr_engine\xrGame\tri-colliderKNoOPC\dSortTriPrimitive.h(357): warning C4756: переполнение при расчете констант [D:\STSoC-3.0\ogsr_engine\xr_3da\XR_3DA.vcxproj]
         D:\STSoC-3.0\ogsr_engine\xrGame\tri-colliderKNoOPC\dSortTriPrimitive.h(423): warning C4756: переполнение при расчете констант [D:\STSoC-3.0\ogsr_engine\xr_3da\XR_3DA.vcxproj]
         D:\STSoC-3.0\ogsr_engine\xrGame\tri-colliderKNoOPC\dSortTriPrimitive.h(82): warning C4756: переполнение при расчете констант [D:\STSoC-3.0\ogsr_engine\xr_3da\XR_3DA.vcxproj]
         D:\STSoC-3.0\ogsr_engine\xrGame\tri-colliderKNoOPC\dSortTriPrimitive.h(129): warning C4756: переполнение при расчете констант [D:\STSoC-3.0\ogsr_engine\xr_3da\XR_3DA.vcxproj]
         D:\STSoC-3.0\ogsr_engine\xrGame\tri-colliderKNoOPC\dSortTriPrimitive.h(129): warning C4756: переполнение при расчете констант [D:\STSoC-3.0\ogsr_engine\xr_3da\XR_3DA.vcxproj]
         D:\STSoC-3.0\ogsr_engine\xrGame\tri-colliderKNoOPC\dSortTriPrimitive.h(357): warning C4756: переполнение при расчете констант [D:\STSoC-3.0\ogsr_engine\xr_3da\XR_3DA.vcxproj]
         D:\STSoC-3.0\ogsr_engine\xrGame\tri-colliderKNoOPC\dSortTriPrimitive.h(423): warning C4756: переполнение при расчете констант [D:\STSoC-3.0\ogsr_engine\xr_3da\XR_3DA.vcxproj]
         D:\STSoC-3.0\ogsr_engine\xrGame\tri-colliderKNoOPC\dSortTriPrimitive.h(82): warning C4756: переполнение при расчете констант [D:\STSoC-3.0\ogsr_engine\xr_3da\XR_3DA.vcxproj]
         D:\STSoC-3.0\ogsr_engine\xrCore\_vector3d.h(145): warning C4723: возможное деление на 0 [D:\STSoC-3.0\ogsr_engine\xr_3da\XR_3DA.vcxproj]
         D:\STSoC-3.0\ogsr_engine\xrGame\tri-colliderKNoOPC\dSortTriPrimitive.h(129): warning C4756: переполнение при расчете констант [D:\STSoC-3.0\ogsr_engine\xr_3da\XR_3DA.vcxproj]
         D:\STSoC-3.0\ogsr_engine\xrGame\tri-colliderKNoOPC\dSortTriPrimitive.h(129): warning C4756: переполнение при расчете констант [D:\STSoC-3.0\ogsr_engine\xr_3da\XR_3DA.vcxproj]
         D:\STSoC-3.0\ogsr_engine\xrGame\tri-colliderKNoOPC\dSortTriPrimitive.h(357): warning C4756: переполнение при расчете констант [D:\STSoC-3.0\ogsr_engine\xr_3da\XR_3DA.vcxproj]
         D:\STSoC-3.0\ogsr_engine\xrGame\tri-colliderKNoOPC\dSortTriPrimitive.h(423): warning C4756: переполнение при расчете констант [D:\STSoC-3.0\ogsr_engine\xr_3da\XR_3DA.vcxproj]
         D:\STSoC-3.0\ogsr_engine\xrGame\PHSimpleCharacter.cpp(1371): warning C4756: переполнение при расчете констант [D:\STSoC-3.0\ogsr_engine\xr_3da\XR_3DA.vcxproj]
         D:\STSoC-3.0\ogsr_engine\xrGame\PHMovementControl.cpp(604): warning C4756: переполнение при расчете констант [D:\STSoC-3.0\ogsr_engine\xr_3da\XR_3DA.vcxproj]
         D:\STSoC-3.0\ogsr_engine\xrGame\PHMovementControl.cpp(423): warning C4756: переполнение при расчете констант [D:\STSoC-3.0\ogsr_engine\xr_3da\XR_3DA.vcxproj]
         D:\STSoC-3.0\ogsr_engine\xrGame\PHMovementControl.cpp(516): warning C4756: переполнение при расчете констант [D:\STSoC-3.0\ogsr_engine\xr_3da\XR_3DA.vcxproj]
         D:\STSoC-3.0\ogsr_engine\xrGame\PHMovementControl.cpp(275): warning C4756: переполнение при расчете констант [D:\STSoC-3.0\ogsr_engine\xr_3da\XR_3DA.vcxproj]
         D:\STSoC-3.0\ogsr_engine\xrGame\PHObject.cpp(97): warning C4756: переполнение при расчете констант [D:\STSoC-3.0\ogsr_engine\xr_3da\XR_3DA.vcxproj]
         D:\STSoC-3.0\ogsr_engine\xrGame\PHSplitedShell.h(18): warning C4756: переполнение при расчете констант [D:\STSoC-3.0\ogsr_engine\xr_3da\XR_3DA.vcxproj]
         D:\STSoC-3.0\ogsr_engine\xrGame\Car.cpp(67): warning C4756: переполнение при расчете констант [D:\STSoC-3.0\ogsr_engine\xr_3da\XR_3DA.vcxproj]
         D:\STSoC-3.0\ogsr_engine\xrCore\_vector3d.h(145): warning C4723: возможное деление на 0 [D:\STSoC-3.0\ogsr_engine\xr_3da\XR_3DA.vcxproj]

    Предупреждений: 267
    Ошибок: 0

Прошло времени 00:24:58.74
